ISO-10303-21;
HEADER;
FILE_DESCRIPTION(('ViewDefinition [notYetAssigned]'),'2;1');
FILE_NAME(
/* name */ 'G:\\My Drive\\Sculpt Projects\\Test\\AI Makeup\\wall 1 polyline.ifc',
/* time_stamp */ '2026-01-23T13:59:30',
/* author */ ('rudyb'),
/* organization */ ('Unknown'),
/* preprocessor_version */ 'CDLSystem.ModelExt v1.0.0.0 by Geometry Gym Pty Ltd built 2025-05-12T07:48:52',
/* originating_system */ 'PlansXpress v5.8.0.1700',
/* authorization */ 'None');

FILE_SCHEMA (('IFC2X3'));
ENDSEC;

DATA;
#1= IFCCARTESIANPOINT((0.0,0.0,0.0));
#2= IFCDIRECTION((1.0,0.0,0.0));
#3= IFCDIRECTION((0.0,1.0,0.0));
#4= IFCDIRECTION((0.0,0.0,1.0));
#5= IFCAXIS2PLACEMENT3D(#1,$,$);
#6= IFCCARTESIANPOINT((0.0,0.0));
#7= IFCAXIS2PLACEMENT2D(#6,$);
#8= IFCSIUNIT(*,.LENGTHUNIT.,$,.METRE.);
#9= IFCSIUNIT(*,.AREAUNIT.,$,.SQUARE_METRE.);
#10= IFCSIUNIT(*,.VOLUMEUNIT.,$,.CUBIC_METRE.);
#11= IFCCARTESIANPOINT((0.0,0.0,0.0));
#12= IFCAXIS2PLACEMENT3D(#11,#4,#2);
#13= IFCLOCALPLACEMENT($,#12);
#14= IFCBUILDING('1IcVc$LyH2qAWDM3gbLxXm',#20,$,$,$,#13,$,$,.ELEMENT.,$,$,#22);
#15= IFCPERSON('rudyb','rudyb',$,$,$,$,$,$);
#16= IFCORGANIZATION($,'Unknown',$,$,$);
#17= IFCPERSONANDORGANIZATION(#15,#16,$);
#18= IFCAPPLICATION(#19,'1.0.0.0','PlansXpress v5.8.0.1700','PlansXpress v5.8.0.1700');
#19= IFCORGANIZATION($,'Geometry Gym Pty Ltd',$,$,$);
#20= IFCOWNERHISTORY(#17,#18,$,.ADDED.,1769176769,$,$,1769176769);
#21= IFCRELCONTAINEDINSPATIALSTRUCTURE('22Xev9b$929gPCFOXO9y$r',#20,'Building','Building Container for Elements',(#468,#724,#1004,#1140,#1335,#1391,#3212,#5030,#5433,#5833,#6233,#6696),#14);
#22= IFCPOSTALADDRESS($,$,$,$,('Unknown'),$,'Unknown',$,'Unknown','Unknown');
#23= IFCSITE('3wkSLwnYn3n8pA2aP7OGjn',#20,$,$,$,#13,$,$,.ELEMENT.,$,$,$,$,$);
#25= IFCPROJECT('0J$9EMQj185eUtVSqv3cVg',#20,'UNKNOWN PROJECT',$,$,$,$,(#456),#26);
#26= IFCUNITASSIGNMENT((#27,#9,#10,#28,#29));
#27= IFCSIUNIT(*,.LENGTHUNIT.,.MILLI.,.METRE.);
#28= IFCSIUNIT(*,.PLANEANGLEUNIT.,$,.RADIAN.);
#29= IFCSIUNIT(*,.TIMEUNIT.,$,.SECOND.);
#30= IFCRELAGGREGATES('3ZkV4asj1Ew8Gng1MsKW5c',#20,'Project Container','Project Container for Buildings',#25,(#14));
#31= IFCCARTESIANPOINT((0.0,0.0,0.0));
#32= IFCAXIS2PLACEMENT3D(#31,$,$);
#33= IFCLOCALPLACEMENT($,#32);
#34= IFCCARTESIANPOINT((6174.78624,24508.2101,899.0));
#35= IFCCARTESIANPOINT((6032.78624,24508.2101,899.0));
#36= IFCCARTESIANPOINT((6032.78624,23308.2101,899.0));
#37= IFCCARTESIANPOINT((6174.78624,23308.2101,899.0));
#38= IFCCARTESIANPOINT((6032.78624,23308.2101,2101.0));
#39= IFCCARTESIANPOINT((6174.78624,23308.2101,2101.0));
#40= IFCCARTESIANPOINT((6032.78624,24508.2101,2101.0));
#41= IFCCARTESIANPOINT((6174.78624,24508.2101,2101.0));
#42= IFCCARTESIANPOINT((6174.78624,20452.19736,899.0));
#43= IFCCARTESIANPOINT((6032.78624,20452.19736,899.0));
#44= IFCCARTESIANPOINT((6032.78624,19252.19736,899.0));
#45= IFCCARTESIANPOINT((6174.78624,19252.19736,899.0));
#46= IFCCARTESIANPOINT((6032.78624,19252.19736,2101.0));
#47= IFCCARTESIANPOINT((6174.78624,19252.19736,2101.0));
#48= IFCCARTESIANPOINT((6032.78624,20452.19736,2101.0));
#49= IFCCARTESIANPOINT((6174.78624,20452.19736,2101.0));
#50= IFCCARTESIANPOINT((6072.78624,26485.2101,2400.0));
#51= IFCCARTESIANPOINT((6174.78624,26383.2101,2400.0));
#52= IFCCARTESIANPOINT((6072.78624,26383.2101,2400.0));
#53= IFCCARTESIANPOINT((6072.78624,18383.2101,2400.0));
#54= IFCCARTESIANPOINT((6174.78624,18383.2101,2400.0));
#55= IFCCARTESIANPOINT((6072.78624,18281.2101,2400.0));
#56= IFCCARTESIANPOINT((6072.78624,26485.2101,0.0));
#57= IFCCARTESIANPOINT((6174.78624,26383.2101,0.0));
#58= IFCCARTESIANPOINT((6072.78624,26383.2101,0.0));
#59= IFCCARTESIANPOINT((6072.78624,18383.2101,0.0));
#60= IFCCARTESIANPOINT((6174.78624,18383.2101,0.0));
#61= IFCCARTESIANPOINT((6072.78624,18281.2101,0.0));
#62= IFCCARTESIANPOINT((6072.78624,19252.19736,2101.0));
#63= IFCCARTESIANPOINT((6072.78624,20452.19736,2101.0));
#64= IFCCARTESIANPOINT((6072.78624,19252.19736,899.0));
#65= IFCCARTESIANPOINT((6072.78624,20452.19736,899.0));
#66= IFCCARTESIANPOINT((6072.78624,23308.2101,2101.0));
#67= IFCCARTESIANPOINT((6072.78624,24508.2101,2101.0));
#68= IFCCARTESIANPOINT((6072.78624,24508.2101,899.0));
#69= IFCCARTESIANPOINT((6072.78624,23308.2101,899.0));
#70= IFCPOLYLOOP((#34,#35,#36));
#71= IFCFACEOUTERBOUND(#70,.F.);
#72= IFCFACE((#71));
#73= IFCPOLYLOOP((#34,#36,#37));
#74= IFCFACEOUTERBOUND(#73,.F.);
#75= IFCFACE((#74));
#76= IFCPOLYLOOP((#37,#36,#38));
#77= IFCFACEOUTERBOUND(#76,.F.);
#78= IFCFACE((#77));
#79= IFCPOLYLOOP((#37,#38,#39));
#80= IFCFACEOUTERBOUND(#79,.F.);
#81= IFCFACE((#80));
#82= IFCPOLYLOOP((#39,#38,#40));
#83= IFCFACEOUTERBOUND(#82,.F.);
#84= IFCFACE((#83));
#85= IFCPOLYLOOP((#39,#40,#41));
#86= IFCFACEOUTERBOUND(#85,.F.);
#87= IFCFACE((#86));
#88= IFCPOLYLOOP((#41,#40,#35));
#89= IFCFACEOUTERBOUND(#88,.F.);
#90= IFCFACE((#89));
#91= IFCPOLYLOOP((#41,#35,#34));
#92= IFCFACEOUTERBOUND(#91,.F.);
#93= IFCFACE((#92));
#94= IFCPOLYLOOP((#42,#43,#44));
#95= IFCFACEOUTERBOUND(#94,.F.);
#96= IFCFACE((#95));
#97= IFCPOLYLOOP((#42,#44,#45));
#98= IFCFACEOUTERBOUND(#97,.F.);
#99= IFCFACE((#98));
#100= IFCPOLYLOOP((#45,#44,#46));
#101= IFCFACEOUTERBOUND(#100,.F.);
#102= IFCFACE((#101));
#103= IFCPOLYLOOP((#45,#46,#47));
#104= IFCFACEOUTERBOUND(#103,.F.);
#105= IFCFACE((#104));
#106= IFCPOLYLOOP((#47,#46,#48));
#107= IFCFACEOUTERBOUND(#106,.F.);
#108= IFCFACE((#107));
#109= IFCPOLYLOOP((#47,#48,#49));
#110= IFCFACEOUTERBOUND(#109,.F.);
#111= IFCFACE((#110));
#112= IFCPOLYLOOP((#49,#48,#43));
#113= IFCFACEOUTERBOUND(#112,.F.);
#114= IFCFACE((#113));
#115= IFCPOLYLOOP((#49,#43,#42));
#116= IFCFACEOUTERBOUND(#115,.F.);
#117= IFCFACE((#116));
#118= IFCPOLYLOOP((#50,#51,#52));
#119= IFCFACEOUTERBOUND(#118,.F.);
#120= IFCFACE((#119));
#121= IFCPOLYLOOP((#53,#54,#55));
#122= IFCFACEOUTERBOUND(#121,.F.);
#123= IFCFACE((#122));
#124= IFCPOLYLOOP((#51,#52,#53));
#125= IFCFACEOUTERBOUND(#124,.F.);
#126= IFCFACE((#125));
#127= IFCPOLYLOOP((#51,#53,#54));
#128= IFCFACEOUTERBOUND(#127,.F.);
#129= IFCFACE((#128));
#130= IFCPOLYLOOP((#56,#57,#58));
#131= IFCFACEOUTERBOUND(#130,.F.);
#132= IFCFACE((#131));
#133= IFCPOLYLOOP((#59,#60,#61));
#134= IFCFACEOUTERBOUND(#133,.F.);
#135= IFCFACE((#134));
#136= IFCPOLYLOOP((#57,#58,#59));
#137= IFCFACEOUTERBOUND(#136,.F.);
#138= IFCFACE((#137));
#139= IFCPOLYLOOP((#57,#59,#60));
#140= IFCFACEOUTERBOUND(#139,.F.);
#141= IFCFACE((#140));
#142= IFCPOLYLOOP((#57,#56,#50));
#143= IFCFACEOUTERBOUND(#142,.F.);
#144= IFCFACE((#143));
#145= IFCPOLYLOOP((#57,#50,#51));
#146= IFCFACEOUTERBOUND(#145,.F.);
#147= IFCFACE((#146));
#148= IFCPOLYLOOP((#60,#61,#55));
#149= IFCFACEOUTERBOUND(#148,.F.);
#150= IFCFACE((#149));
#151= IFCPOLYLOOP((#60,#55,#54));
#152= IFCFACEOUTERBOUND(#151,.F.);
#153= IFCFACE((#152));
#154= IFCPOLYLOOP((#49,#54,#51));
#155= IFCFACEOUTERBOUND(#154,.F.);
#156= IFCFACE((#155));
#157= IFCPOLYLOOP((#49,#47,#54));
#158= IFCFACEOUTERBOUND(#157,.F.);
#159= IFCFACE((#158));
#160= IFCPOLYLOOP((#60,#54,#47));
#161= IFCFACEOUTERBOUND(#160,.F.);
#162= IFCFACE((#161));
#163= IFCPOLYLOOP((#60,#47,#45));
#164= IFCFACEOUTERBOUND(#163,.F.);
#165= IFCFACE((#164));
#166= IFCPOLYLOOP((#60,#45,#42));
#167= IFCFACEOUTERBOUND(#166,.F.);
#168= IFCFACE((#167));
#169= IFCPOLYLOOP((#57,#60,#42));
#170= IFCFACEOUTERBOUND(#169,.F.);
#171= IFCFACE((#170));
#172= IFCPOLYLOOP((#39,#49,#51));
#173= IFCFACEOUTERBOUND(#172,.F.);
#174= IFCFACE((#173));
#175= IFCPOLYLOOP((#39,#37,#49));
#176= IFCFACEOUTERBOUND(#175,.F.);
#177= IFCFACE((#176));
#178= IFCPOLYLOOP((#42,#49,#37));
#179= IFCFACEOUTERBOUND(#178,.F.);
#180= IFCFACE((#179));
#181= IFCPOLYLOOP((#41,#39,#51));
#182= IFCFACEOUTERBOUND(#181,.F.);
#183= IFCFACE((#182));
#184= IFCPOLYLOOP((#41,#51,#57));
#185= IFCFACEOUTERBOUND(#184,.F.);
#186= IFCFACE((#185));
#187= IFCPOLYLOOP((#57,#42,#37));
#188= IFCFACEOUTERBOUND(#187,.F.);
#189= IFCFACE((#188));
#190= IFCPOLYLOOP((#57,#37,#34));
#191= IFCFACEOUTERBOUND(#190,.F.);
#192= IFCFACE((#191));
#193= IFCPOLYLOOP((#57,#34,#41));
#194= IFCFACEOUTERBOUND(#193,.F.);
#195= IFCFACE((#194));
#196= IFCPOLYLOOP((#62,#50,#55));
#197= IFCFACEOUTERBOUND(#196,.F.);
#198= IFCFACE((#197));
#199= IFCPOLYLOOP((#62,#63,#50));
#200= IFCFACEOUTERBOUND(#199,.F.);
#201= IFCFACE((#200));
#202= IFCPOLYLOOP((#64,#62,#55));
#203= IFCFACEOUTERBOUND(#202,.F.);
#204= IFCFACE((#203));
#205= IFCPOLYLOOP((#64,#55,#61));
#206= IFCFACEOUTERBOUND(#205,.F.);
#207= IFCFACE((#206));
#208= IFCPOLYLOOP((#64,#61,#56));
#209= IFCFACEOUTERBOUND(#208,.F.);
#210= IFCFACE((#209));
#211= IFCPOLYLOOP((#65,#64,#56));
#212= IFCFACEOUTERBOUND(#211,.F.);
#213= IFCFACE((#212));
#214= IFCPOLYLOOP((#66,#50,#63));
#215= IFCFACEOUTERBOUND(#214,.F.);
#216= IFCFACE((#215));
#217= IFCPOLYLOOP((#66,#67,#50));
#218= IFCFACEOUTERBOUND(#217,.F.);
#219= IFCFACE((#218));
#220= IFCPOLYLOOP((#56,#50,#67));
#221= IFCFACEOUTERBOUND(#220,.F.);
#222= IFCFACE((#221));
#223= IFCPOLYLOOP((#56,#67,#68));
#224= IFCFACEOUTERBOUND(#223,.F.);
#225= IFCFACE((#224));
#226= IFCPOLYLOOP((#56,#68,#69));
#227= IFCFACEOUTERBOUND(#226,.F.);
#228= IFCFACE((#227));
#229= IFCPOLYLOOP((#69,#66,#63));
#230= IFCFACEOUTERBOUND(#229,.F.);
#231= IFCFACE((#230));
#232= IFCPOLYLOOP((#69,#63,#65));
#233= IFCFACEOUTERBOUND(#232,.F.);
#234= IFCFACE((#233));
#235= IFCPOLYLOOP((#69,#65,#56));
#236= IFCFACEOUTERBOUND(#235,.F.);
#237= IFCFACE((#236));
#238= IFCOPENSHELL((#72,#75,#78,#81,#84,#87,#90,#93,#96,#99,#102,#105,#108,#111,#114,#117,#120,#123,#126,#129,#132,#135,#138,#141,#144,#147,#150,#153,#156,#159,#162,#165,#168,#171,#174,#177,#180,#183,#186,#189,#192,#195,#198,#201,#204,#207,#210,#213,#216,#219,#222,#225,#228,#231,#234,#237));
#239= IFCFACEBASEDSURFACEMODEL((#238));
#240= IFCCOLOURRGB($,0.627450980392157,0.32156862745098,0.176470588235294);
#241= IFCSURFACESTYLESHADING(#240);
#242= IFCSURFACESTYLE($,.BOTH.,(#241));
#243= IFCSTYLEDITEM(#239,(#244),$);
#244= IFCPRESENTATIONSTYLEASSIGNMENT((#242));
#245= IFCCARTESIANPOINT((6032.78624,24508.2101,899.0));
#246= IFCCARTESIANPOINT((5832.78624,24508.2101,899.0));
#247= IFCCARTESIANPOINT((5832.78624,23308.2101,899.0));
#248= IFCCARTESIANPOINT((6032.78624,23308.2101,899.0));
#249= IFCCARTESIANPOINT((5832.78624,23308.2101,2101.0));
#250= IFCCARTESIANPOINT((6032.78624,23308.2101,2101.0));
#251= IFCCARTESIANPOINT((5832.78624,24508.2101,2101.0));
#252= IFCCARTESIANPOINT((6032.78624,24508.2101,2101.0));
#253= IFCCARTESIANPOINT((6032.78624,20452.19736,899.0));
#254= IFCCARTESIANPOINT((5832.78624,20452.19736,899.0));
#255= IFCCARTESIANPOINT((5832.78624,19252.19736,899.0));
#256= IFCCARTESIANPOINT((6032.78624,19252.19736,899.0));
#257= IFCCARTESIANPOINT((5832.78624,19252.19736,2101.0));
#258= IFCCARTESIANPOINT((6032.78624,19252.19736,2101.0));
#259= IFCCARTESIANPOINT((5832.78624,20452.19736,2101.0));
#260= IFCCARTESIANPOINT((6032.78624,20452.19736,2101.0));
#261= IFCCARTESIANPOINT((5832.78624,26725.2101,2400.0));
#262= IFCCARTESIANPOINT((5932.78624,26625.2101,2400.0));
#263= IFCCARTESIANPOINT((5832.78624,26625.2101,2400.0));
#264= IFCCARTESIANPOINT((5832.78624,18141.2101,2400.0));
#265= IFCCARTESIANPOINT((5932.78624,18141.2101,2400.0));
#266= IFCCARTESIANPOINT((5832.78624,18041.2101,2400.0));
#267= IFCCARTESIANPOINT((5832.78624,26725.2101,0.0));
#268= IFCCARTESIANPOINT((5932.78624,26625.2101,0.0));
#269= IFCCARTESIANPOINT((5832.78624,26625.2101,0.0));
#270= IFCCARTESIANPOINT((5832.78624,18141.2101,0.0));
#271= IFCCARTESIANPOINT((5932.78624,18141.2101,0.0));
#272= IFCCARTESIANPOINT((5832.78624,18041.2101,0.0));
#273= IFCCARTESIANPOINT((5932.78624,20452.19736,2101.0));
#274= IFCCARTESIANPOINT((5932.78624,19252.19736,2101.0));
#275= IFCCARTESIANPOINT((5932.78624,19252.19736,899.0));
#276= IFCCARTESIANPOINT((5932.78624,20452.19736,899.0));
#277= IFCCARTESIANPOINT((5932.78624,23308.2101,2101.0));
#278= IFCCARTESIANPOINT((5932.78624,23308.2101,899.0));
#279= IFCCARTESIANPOINT((5932.78624,24508.2101,2101.0));
#280= IFCCARTESIANPOINT((5932.78624,24508.2101,899.0));
#281= IFCPOLYLOOP((#245,#246,#247));
#282= IFCFACEOUTERBOUND(#281,.F.);
#283= IFCFACE((#282));
#284= IFCPOLYLOOP((#245,#247,#248));
#285= IFCFACEOUTERBOUND(#284,.F.);
#286= IFCFACE((#285));
#287= IFCPOLYLOOP((#248,#247,#249));
#288= IFCFACEOUTERBOUND(#287,.F.);
#289= IFCFACE((#288));
#290= IFCPOLYLOOP((#248,#249,#250));
#291= IFCFACEOUTERBOUND(#290,.F.);
#292= IFCFACE((#291));
#293= IFCPOLYLOOP((#250,#249,#251));
#294= IFCFACEOUTERBOUND(#293,.F.);
#295= IFCFACE((#294));
#296= IFCPOLYLOOP((#250,#251,#252));
#297= IFCFACEOUTERBOUND(#296,.F.);
#298= IFCFACE((#297));
#299= IFCPOLYLOOP((#252,#251,#246));
#300= IFCFACEOUTERBOUND(#299,.F.);
#301= IFCFACE((#300));
#302= IFCPOLYLOOP((#252,#246,#245));
#303= IFCFACEOUTERBOUND(#302,.F.);
#304= IFCFACE((#303));
#305= IFCPOLYLOOP((#253,#254,#255));
#306= IFCFACEOUTERBOUND(#305,.F.);
#307= IFCFACE((#306));
#308= IFCPOLYLOOP((#253,#255,#256));
#309= IFCFACEOUTERBOUND(#308,.F.);
#310= IFCFACE((#309));
#311= IFCPOLYLOOP((#256,#255,#257));
#312= IFCFACEOUTERBOUND(#311,.F.);
#313= IFCFACE((#312));
#314= IFCPOLYLOOP((#256,#257,#258));
#315= IFCFACEOUTERBOUND(#314,.F.);
#316= IFCFACE((#315));
#317= IFCPOLYLOOP((#258,#257,#259));
#318= IFCFACEOUTERBOUND(#317,.F.);
#319= IFCFACE((#318));
#320= IFCPOLYLOOP((#258,#259,#260));
#321= IFCFACEOUTERBOUND(#320,.F.);
#322= IFCFACE((#321));
#323= IFCPOLYLOOP((#260,#259,#254));
#324= IFCFACEOUTERBOUND(#323,.F.);
#325= IFCFACE((#324));
#326= IFCPOLYLOOP((#260,#254,#253));
#327= IFCFACEOUTERBOUND(#326,.F.);
#328= IFCFACE((#327));
#329= IFCPOLYLOOP((#261,#262,#263));
#330= IFCFACEOUTERBOUND(#329,.F.);
#331= IFCFACE((#330));
#332= IFCPOLYLOOP((#264,#265,#266));
#333= IFCFACEOUTERBOUND(#332,.F.);
#334= IFCFACE((#333));
#335= IFCPOLYLOOP((#262,#263,#264));
#336= IFCFACEOUTERBOUND(#335,.F.);
#337= IFCFACE((#336));
#338= IFCPOLYLOOP((#262,#264,#265));
#339= IFCFACEOUTERBOUND(#338,.F.);
#340= IFCFACE((#339));
#341= IFCPOLYLOOP((#267,#268,#269));
#342= IFCFACEOUTERBOUND(#341,.F.);
#343= IFCFACE((#342));
#344= IFCPOLYLOOP((#270,#271,#272));
#345= IFCFACEOUTERBOUND(#344,.F.);
#346= IFCFACE((#345));
#347= IFCPOLYLOOP((#268,#269,#270));
#348= IFCFACEOUTERBOUND(#347,.F.);
#349= IFCFACE((#348));
#350= IFCPOLYLOOP((#268,#270,#271));
#351= IFCFACEOUTERBOUND(#350,.F.);
#352= IFCFACE((#351));
#353= IFCPOLYLOOP((#268,#267,#261));
#354= IFCFACEOUTERBOUND(#353,.F.);
#355= IFCFACE((#354));
#356= IFCPOLYLOOP((#268,#261,#262));
#357= IFCFACEOUTERBOUND(#356,.F.);
#358= IFCFACE((#357));
#359= IFCPOLYLOOP((#271,#272,#266));
#360= IFCFACEOUTERBOUND(#359,.F.);
#361= IFCFACE((#360));
#362= IFCPOLYLOOP((#271,#266,#265));
#363= IFCFACEOUTERBOUND(#362,.F.);
#364= IFCFACE((#363));
#365= IFCPOLYLOOP((#273,#265,#262));
#366= IFCFACEOUTERBOUND(#365,.F.);
#367= IFCFACE((#366));
#368= IFCPOLYLOOP((#273,#274,#265));
#369= IFCFACEOUTERBOUND(#368,.F.);
#370= IFCFACE((#369));
#371= IFCPOLYLOOP((#271,#265,#274));
#372= IFCFACEOUTERBOUND(#371,.F.);
#373= IFCFACE((#372));
#374= IFCPOLYLOOP((#271,#274,#275));
#375= IFCFACEOUTERBOUND(#374,.F.);
#376= IFCFACE((#375));
#377= IFCPOLYLOOP((#271,#275,#276));
#378= IFCFACEOUTERBOUND(#377,.F.);
#379= IFCFACE((#378));
#380= IFCPOLYLOOP((#268,#271,#276));
#381= IFCFACEOUTERBOUND(#380,.F.);
#382= IFCFACE((#381));
#383= IFCPOLYLOOP((#277,#273,#262));
#384= IFCFACEOUTERBOUND(#383,.F.);
#385= IFCFACE((#384));
#386= IFCPOLYLOOP((#277,#278,#273));
#387= IFCFACEOUTERBOUND(#386,.F.);
#388= IFCFACE((#387));
#389= IFCPOLYLOOP((#276,#273,#278));
#390= IFCFACEOUTERBOUND(#389,.F.);
#391= IFCFACE((#390));
#392= IFCPOLYLOOP((#279,#277,#262));
#393= IFCFACEOUTERBOUND(#392,.F.);
#394= IFCFACE((#393));
#395= IFCPOLYLOOP((#279,#262,#268));
#396= IFCFACEOUTERBOUND(#395,.F.);
#397= IFCFACE((#396));
#398= IFCPOLYLOOP((#268,#276,#278));
#399= IFCFACEOUTERBOUND(#398,.F.);
#400= IFCFACE((#399));
#401= IFCPOLYLOOP((#268,#278,#280));
#402= IFCFACEOUTERBOUND(#401,.F.);
#403= IFCFACE((#402));
#404= IFCPOLYLOOP((#268,#280,#279));
#405= IFCFACEOUTERBOUND(#404,.F.);
#406= IFCFACE((#405));
#407= IFCPOLYLOOP((#257,#261,#266));
#408= IFCFACEOUTERBOUND(#407,.F.);
#409= IFCFACE((#408));
#410= IFCPOLYLOOP((#257,#259,#261));
#411= IFCFACEOUTERBOUND(#410,.F.);
#412= IFCFACE((#411));
#413= IFCPOLYLOOP((#255,#257,#266));
#414= IFCFACEOUTERBOUND(#413,.F.);
#415= IFCFACE((#414));
#416= IFCPOLYLOOP((#255,#266,#272));
#417= IFCFACEOUTERBOUND(#416,.F.);
#418= IFCFACE((#417));
#419= IFCPOLYLOOP((#255,#272,#267));
#420= IFCFACEOUTERBOUND(#419,.F.);
#421= IFCFACE((#420));
#422= IFCPOLYLOOP((#254,#255,#267));
#423= IFCFACEOUTERBOUND(#422,.F.);
#424= IFCFACE((#423));
#425= IFCPOLYLOOP((#249,#261,#259));
#426= IFCFACEOUTERBOUND(#425,.F.);
#427= IFCFACE((#426));
#428= IFCPOLYLOOP((#249,#251,#261));
#429= IFCFACEOUTERBOUND(#428,.F.);
#430= IFCFACE((#429));
#431= IFCPOLYLOOP((#267,#261,#251));
#432= IFCFACEOUTERBOUND(#431,.F.);
#433= IFCFACE((#432));
#434= IFCPOLYLOOP((#267,#251,#246));
#435= IFCFACEOUTERBOUND(#434,.F.);
#436= IFCFACE((#435));
#437= IFCPOLYLOOP((#267,#246,#247));
#438= IFCFACEOUTERBOUND(#437,.F.);
#439= IFCFACE((#438));
#440= IFCPOLYLOOP((#247,#249,#259));
#441= IFCFACEOUTERBOUND(#440,.F.);
#442= IFCFACE((#441));
#443= IFCPOLYLOOP((#247,#259,#254));
#444= IFCFACEOUTERBOUND(#443,.F.);
#445= IFCFACE((#444));
#446= IFCPOLYLOOP((#247,#254,#267));
#447= IFCFACEOUTERBOUND(#446,.F.);
#448= IFCFACE((#447));
#449= IFCOPENSHELL((#72,#75,#78,#81,#84,#87,#90,#93,#96,#99,#102,#105,#108,#111,#114,#117,#120,#123,#126,#129,#132,#135,#138,#141,#144,#147,#150,#153,#156,#159,#162,#165,#168,#171,#174,#177,#180,#183,#186,#189,#192,#195,#198,#201,#204,#207,#210,#213,#216,#219,#222,#225,#228,#231,#234,#237,#283,#286,#289,#292,#295,#298,#301,#304,#307,#310,#313,#316,#319,#322,#325,#328,#331,#334,#337,#340,#343,#346,#349,#352,#355,#358,#361,#364,#367,#370,#373,#376,#379,#382,#385,#388,#391,#394,#397,#400,#403,#406,#409,#412,#415,#418,#421,#424,#427,#430,#433,#436,#439,#442,#445,#448));
#450= IFCFACEBASEDSURFACEMODEL((#449));
#451= IFCCOLOURRGB($,0.729411764705882,0.749019607843137,0.76078431372549);
#452= IFCSURFACESTYLESHADING(#451);
#453= IFCSURFACESTYLE($,.BOTH.,(#452));
#454= IFCSTYLEDITEM(#450,(#455),$);
#455= IFCPRESENTATIONSTYLEASSIGNMENT((#453));
#456= IFCGEOMETRICREPRESENTATIONCONTEXT($,'Model',3,0.0001,#458,#459);
#457= IFCCARTESIANPOINT((0.0,0.0,0.0));
#458= IFCAXIS2PLACEMENT3D(#457,$,$);
#459= IFCDIRECTION((0.0,1.0));
#460= IFCGEOMETRICREPRESENTATIONSUBCONTEXT('Body','Model',*,*,*,*,#456,$,.MODEL_VIEW.,$);
#461= IFCSHAPEREPRESENTATION(#460,'Body','SurfaceModel',(#239,#450));
#462= IFCPRODUCTDEFINITIONSHAPE($,$,(#461));
#463= IFCCARTESIANPOINT((0.0,0.0,0.0));
#464= IFCDIRECTION((0.0,0.0,1.0));
#465= IFCDIRECTION((1.0,0.0,0.0));
#466= IFCAXIS2PLACEMENT3D(#463,#464,#465);
#467= IFCLOCALPLACEMENT($,#466);
#468= IFCWALL('3wBr5HPPH50h7Gey_OQ2ku',#20,$,$,$,#467,#462,$);
#469= IFCCARTESIANPOINT((9667.78624,18383.2101,0.0));
#470= IFCCARTESIANPOINT((9667.78624,18226.2101,0.0));
#471= IFCCARTESIANPOINT((9667.78624,18226.2101,2101.0));
#472= IFCCARTESIANPOINT((9667.78624,18383.2101,2101.0));
#473= IFCCARTESIANPOINT((8737.78624,18226.2101,2101.0));
#474= IFCCARTESIANPOINT((8737.78624,18383.2101,2101.0));
#475= IFCCARTESIANPOINT((8737.78624,18226.2101,0.0));
#476= IFCCARTESIANPOINT((8737.78624,18383.2101,0.0));
#477= IFCCARTESIANPOINT((6072.78624,18281.2101,2400.0));
#478= IFCCARTESIANPOINT((6174.78624,18383.2101,2400.0));
#479= IFCCARTESIANPOINT((6174.78624,18281.2101,2400.0));
#480= IFCCARTESIANPOINT((12174.78624,18281.2101,2400.0));
#481= IFCCARTESIANPOINT((12174.78624,18383.2101,2400.0));
#482= IFCCARTESIANPOINT((12276.78624,18281.2101,2400.0));
#483= IFCCARTESIANPOINT((6072.78624,18281.2101,0.0));
#484= IFCCARTESIANPOINT((6174.78624,18383.2101,0.0));
#485= IFCCARTESIANPOINT((6174.78624,18281.2101,0.0));
#486= IFCCARTESIANPOINT((12174.78624,18281.2101,0.0));
#487= IFCCARTESIANPOINT((12174.78624,18383.2101,0.0));
#488= IFCCARTESIANPOINT((12276.78624,18281.2101,0.0));
#489= IFCCARTESIANPOINT((8737.78624,18281.2101,0.0));
#490= IFCCARTESIANPOINT((9667.78624,18281.2101,0.0));
#491= IFCCARTESIANPOINT((9667.78624,18281.2101,2101.0));
#492= IFCCARTESIANPOINT((8737.78624,18281.2101,2101.0));
#493= IFCPOLYLOOP((#469,#470,#471));
#494= IFCFACEOUTERBOUND(#493,.F.);
#495= IFCFACE((#494));
#496= IFCPOLYLOOP((#469,#471,#472));
#497= IFCFACEOUTERBOUND(#496,.F.);
#498= IFCFACE((#497));
#499= IFCPOLYLOOP((#472,#471,#473));
#500= IFCFACEOUTERBOUND(#499,.F.);
#501= IFCFACE((#500));
#502= IFCPOLYLOOP((#472,#473,#474));
#503= IFCFACEOUTERBOUND(#502,.F.);
#504= IFCFACE((#503));
#505= IFCPOLYLOOP((#474,#473,#475));
#506= IFCFACEOUTERBOUND(#505,.F.);
#507= IFCFACE((#506));
#508= IFCPOLYLOOP((#474,#475,#476));
#509= IFCFACEOUTERBOUND(#508,.F.);
#510= IFCFACE((#509));
#511= IFCPOLYLOOP((#477,#478,#479));
#512= IFCFACEOUTERBOUND(#511,.F.);
#513= IFCFACE((#512));
#514= IFCPOLYLOOP((#480,#481,#482));
#515= IFCFACEOUTERBOUND(#514,.F.);
#516= IFCFACE((#515));
#517= IFCPOLYLOOP((#478,#479,#480));
#518= IFCFACEOUTERBOUND(#517,.F.);
#519= IFCFACE((#518));
#520= IFCPOLYLOOP((#478,#480,#481));
#521= IFCFACEOUTERBOUND(#520,.F.);
#522= IFCFACE((#521));
#523= IFCPOLYLOOP((#483,#484,#485));
#524= IFCFACEOUTERBOUND(#523,.F.);
#525= IFCFACE((#524));
#526= IFCPOLYLOOP((#486,#487,#488));
#527= IFCFACEOUTERBOUND(#526,.F.);
#528= IFCFACE((#527));
#529= IFCPOLYLOOP((#484,#485,#489));
#530= IFCFACEOUTERBOUND(#529,.F.);
#531= IFCFACE((#530));
#532= IFCPOLYLOOP((#484,#489,#476));
#533= IFCFACEOUTERBOUND(#532,.F.);
#534= IFCFACE((#533));
#535= IFCPOLYLOOP((#469,#490,#486));
#536= IFCFACEOUTERBOUND(#535,.F.);
#537= IFCFACE((#536));
#538= IFCPOLYLOOP((#469,#486,#487));
#539= IFCFACEOUTERBOUND(#538,.F.);
#540= IFCFACE((#539));
#541= IFCPOLYLOOP((#484,#483,#477));
#542= IFCFACEOUTERBOUND(#541,.F.);
#543= IFCFACE((#542));
#544= IFCPOLYLOOP((#484,#477,#478));
#545= IFCFACEOUTERBOUND(#544,.F.);
#546= IFCFACE((#545));
#547= IFCPOLYLOOP((#487,#488,#482));
#548= IFCFACEOUTERBOUND(#547,.F.);
#549= IFCFACE((#548));
#550= IFCPOLYLOOP((#487,#482,#481));
#551= IFCFACEOUTERBOUND(#550,.F.);
#552= IFCFACE((#551));
#553= IFCPOLYLOOP((#478,#484,#476));
#554= IFCFACEOUTERBOUND(#553,.F.);
#555= IFCFACE((#554));
#556= IFCPOLYLOOP((#478,#476,#474));
#557= IFCFACEOUTERBOUND(#556,.F.);
#558= IFCFACE((#557));
#559= IFCPOLYLOOP((#478,#474,#472));
#560= IFCFACEOUTERBOUND(#559,.F.);
#561= IFCFACE((#560));
#562= IFCPOLYLOOP((#472,#469,#487));
#563= IFCFACEOUTERBOUND(#562,.F.);
#564= IFCFACE((#563));
#565= IFCPOLYLOOP((#472,#487,#481));
#566= IFCFACEOUTERBOUND(#565,.F.);
#567= IFCFACE((#566));
#568= IFCPOLYLOOP((#472,#481,#478));
#569= IFCFACEOUTERBOUND(#568,.F.);
#570= IFCFACE((#569));
#571= IFCPOLYLOOP((#482,#488,#490));
#572= IFCFACEOUTERBOUND(#571,.F.);
#573= IFCFACE((#572));
#574= IFCPOLYLOOP((#482,#490,#491));
#575= IFCFACEOUTERBOUND(#574,.F.);
#576= IFCFACE((#575));
#577= IFCPOLYLOOP((#482,#491,#492));
#578= IFCFACEOUTERBOUND(#577,.F.);
#579= IFCFACE((#578));
#580= IFCPOLYLOOP((#492,#489,#483));
#581= IFCFACEOUTERBOUND(#580,.F.);
#582= IFCFACE((#581));
#583= IFCPOLYLOOP((#492,#483,#477));
#584= IFCFACEOUTERBOUND(#583,.F.);
#585= IFCFACE((#584));
#586= IFCPOLYLOOP((#477,#482,#492));
#587= IFCFACEOUTERBOUND(#586,.F.);
#588= IFCFACE((#587));
#589= IFCOPENSHELL((#495,#498,#501,#504,#507,#510,#513,#516,#519,#522,#525,#528,#531,#534,#537,#540,#543,#546,#549,#552,#555,#558,#561,#564,#567,#570,#573,#576,#579,#582,#585,#588));
#590= IFCFACEBASEDSURFACEMODEL((#589));
#591= IFCSTYLEDITEM(#590,(#592),$);
#592= IFCPRESENTATIONSTYLEASSIGNMENT((#242));
#593= IFCCARTESIANPOINT((9667.78624,18226.2101,0.0));
#594= IFCCARTESIANPOINT((9667.78624,18041.2101,0.0));
#595= IFCCARTESIANPOINT((9667.78624,18041.2101,2101.0));
#596= IFCCARTESIANPOINT((9667.78624,18226.2101,2101.0));
#597= IFCCARTESIANPOINT((8737.78624,18041.2101,2101.0));
#598= IFCCARTESIANPOINT((8737.78624,18226.2101,2101.0));
#599= IFCCARTESIANPOINT((8737.78624,18041.2101,0.0));
#600= IFCCARTESIANPOINT((8737.78624,18226.2101,0.0));
#601= IFCCARTESIANPOINT((5832.78624,18041.2101,2400.0));
#602= IFCCARTESIANPOINT((5932.78624,18141.2101,2400.0));
#603= IFCCARTESIANPOINT((5932.78624,18041.2101,2400.0));
#604= IFCCARTESIANPOINT((12416.78624,18041.2101,2400.0));
#605= IFCCARTESIANPOINT((12416.78624,18141.2101,2400.0));
#606= IFCCARTESIANPOINT((12516.78624,18041.2101,2400.0));
#607= IFCCARTESIANPOINT((5832.78624,18041.2101,0.0));
#608= IFCCARTESIANPOINT((5932.78624,18141.2101,0.0));
#609= IFCCARTESIANPOINT((5932.78624,18041.2101,0.0));
#610= IFCCARTESIANPOINT((12416.78624,18041.2101,0.0));
#611= IFCCARTESIANPOINT((12416.78624,18141.2101,0.0));
#612= IFCCARTESIANPOINT((12516.78624,18041.2101,0.0));
#613= IFCCARTESIANPOINT((8737.78624,18141.2101,0.0));
#614= IFCCARTESIANPOINT((9667.78624,18141.2101,0.0));
#615= IFCCARTESIANPOINT((8737.78624,18141.2101,2101.0));
#616= IFCCARTESIANPOINT((9667.78624,18141.2101,2101.0));
#617= IFCPOLYLOOP((#593,#594,#595));
#618= IFCFACEOUTERBOUND(#617,.F.);
#619= IFCFACE((#618));
#620= IFCPOLYLOOP((#593,#595,#596));
#621= IFCFACEOUTERBOUND(#620,.F.);
#622= IFCFACE((#621));
#623= IFCPOLYLOOP((#596,#595,#597));
#624= IFCFACEOUTERBOUND(#623,.F.);
#625= IFCFACE((#624));
#626= IFCPOLYLOOP((#596,#597,#598));
#627= IFCFACEOUTERBOUND(#626,.F.);
#628= IFCFACE((#627));
#629= IFCPOLYLOOP((#598,#597,#599));
#630= IFCFACEOUTERBOUND(#629,.F.);
#631= IFCFACE((#630));
#632= IFCPOLYLOOP((#598,#599,#600));
#633= IFCFACEOUTERBOUND(#632,.F.);
#634= IFCFACE((#633));
#635= IFCPOLYLOOP((#601,#602,#603));
#636= IFCFACEOUTERBOUND(#635,.F.);
#637= IFCFACE((#636));
#638= IFCPOLYLOOP((#604,#605,#606));
#639= IFCFACEOUTERBOUND(#638,.F.);
#640= IFCFACE((#639));
#641= IFCPOLYLOOP((#602,#603,#604));
#642= IFCFACEOUTERBOUND(#641,.F.);
#643= IFCFACE((#642));
#644= IFCPOLYLOOP((#602,#604,#605));
#645= IFCFACEOUTERBOUND(#644,.F.);
#646= IFCFACE((#645));
#647= IFCPOLYLOOP((#607,#608,#609));
#648= IFCFACEOUTERBOUND(#647,.F.);
#649= IFCFACE((#648));
#650= IFCPOLYLOOP((#610,#611,#612));
#651= IFCFACEOUTERBOUND(#650,.F.);
#652= IFCFACE((#651));
#653= IFCPOLYLOOP((#608,#609,#599));
#654= IFCFACEOUTERBOUND(#653,.F.);
#655= IFCFACE((#654));
#656= IFCPOLYLOOP((#608,#599,#613));
#657= IFCFACEOUTERBOUND(#656,.F.);
#658= IFCFACE((#657));
#659= IFCPOLYLOOP((#614,#594,#610));
#660= IFCFACEOUTERBOUND(#659,.F.);
#661= IFCFACE((#660));
#662= IFCPOLYLOOP((#614,#610,#611));
#663= IFCFACEOUTERBOUND(#662,.F.);
#664= IFCFACE((#663));
#665= IFCPOLYLOOP((#608,#607,#601));
#666= IFCFACEOUTERBOUND(#665,.F.);
#667= IFCFACE((#666));
#668= IFCPOLYLOOP((#608,#601,#602));
#669= IFCFACEOUTERBOUND(#668,.F.);
#670= IFCFACE((#669));
#671= IFCPOLYLOOP((#611,#612,#606));
#672= IFCFACEOUTERBOUND(#671,.F.);
#673= IFCFACE((#672));
#674= IFCPOLYLOOP((#611,#606,#605));
#675= IFCFACEOUTERBOUND(#674,.F.);
#676= IFCFACE((#675));
#677= IFCPOLYLOOP((#602,#608,#613));
#678= IFCFACEOUTERBOUND(#677,.F.);
#679= IFCFACE((#678));
#680= IFCPOLYLOOP((#602,#613,#615));
#681= IFCFACEOUTERBOUND(#680,.F.);
#682= IFCFACE((#681));
#683= IFCPOLYLOOP((#602,#615,#616));
#684= IFCFACEOUTERBOUND(#683,.F.);
#685= IFCFACE((#684));
#686= IFCPOLYLOOP((#616,#614,#611));
#687= IFCFACEOUTERBOUND(#686,.F.);
#688= IFCFACE((#687));
#689= IFCPOLYLOOP((#616,#611,#605));
#690= IFCFACEOUTERBOUND(#689,.F.);
#691= IFCFACE((#690));
#692= IFCPOLYLOOP((#616,#605,#602));
#693= IFCFACEOUTERBOUND(#692,.F.);
#694= IFCFACE((#693));
#695= IFCPOLYLOOP((#606,#612,#594));
#696= IFCFACEOUTERBOUND(#695,.F.);
#697= IFCFACE((#696));
#698= IFCPOLYLOOP((#606,#594,#595));
#699= IFCFACEOUTERBOUND(#698,.F.);
#700= IFCFACE((#699));
#701= IFCPOLYLOOP((#606,#595,#597));
#702= IFCFACEOUTERBOUND(#701,.F.);
#703= IFCFACE((#702));
#704= IFCPOLYLOOP((#597,#599,#607));
#705= IFCFACEOUTERBOUND(#704,.F.);
#706= IFCFACE((#705));
#707= IFCPOLYLOOP((#597,#607,#601));
#708= IFCFACEOUTERBOUND(#707,.F.);
#709= IFCFACE((#708));
#710= IFCPOLYLOOP((#601,#606,#597));
#711= IFCFACEOUTERBOUND(#710,.F.);
#712= IFCFACE((#711));
#713= IFCOPENSHELL((#495,#498,#501,#504,#507,#510,#513,#516,#519,#522,#525,#528,#531,#534,#537,#540,#543,#546,#549,#552,#555,#558,#561,#564,#567,#570,#573,#576,#579,#582,#585,#588,#619,#622,#625,#628,#631,#634,#637,#640,#643,#646,#649,#652,#655,#658,#661,#664,#667,#670,#673,#676,#679,#682,#685,#688,#691,#694,#697,#700,#703,#706,#709,#712));
#714= IFCFACEBASEDSURFACEMODEL((#713));
#715= IFCSTYLEDITEM(#714,(#716),$);
#716= IFCPRESENTATIONSTYLEASSIGNMENT((#453));
#717= IFCSHAPEREPRESENTATION(#460,'Body','SurfaceModel',(#590,#714));
#718= IFCPRODUCTDEFINITIONSHAPE($,$,(#717));
#719= IFCCARTESIANPOINT((0.0,0.0,0.0));
#720= IFCDIRECTION((0.0,0.0,1.0));
#721= IFCDIRECTION((1.0,0.0,0.0));
#722= IFCAXIS2PLACEMENT3D(#719,#720,#721);
#723= IFCLOCALPLACEMENT($,#722);
#724= IFCWALL('00IsivxzT5HwmeGuXODqkK',#20,$,$,$,#723,#718,$);
#725= IFCCARTESIANPOINT((12174.78624,23241.2101,899.0));
#726= IFCCARTESIANPOINT((12316.78624,23241.2101,899.0));
#727= IFCCARTESIANPOINT((12316.78624,24441.2101,899.0));
#728= IFCCARTESIANPOINT((12174.78624,24441.2101,899.0));
#729= IFCCARTESIANPOINT((12316.78624,24441.2101,2101.0));
#730= IFCCARTESIANPOINT((12174.78624,24441.2101,2101.0));
#731= IFCCARTESIANPOINT((12316.78624,23241.2101,2101.0));
#732= IFCCARTESIANPOINT((12174.78624,23241.2101,2101.0));
#733= IFCCARTESIANPOINT((12276.78624,18281.2101,2400.0));
#734= IFCCARTESIANPOINT((12174.78624,18383.2101,2400.0));
#735= IFCCARTESIANPOINT((12276.78624,18383.2101,2400.0));
#736= IFCCARTESIANPOINT((12276.78624,26383.2101,2400.0));
#737= IFCCARTESIANPOINT((12174.78624,26383.2101,2400.0));
#738= IFCCARTESIANPOINT((12276.78624,26485.2101,2400.0));
#739= IFCCARTESIANPOINT((12276.78624,18281.2101,0.0));
#740= IFCCARTESIANPOINT((12174.78624,18383.2101,0.0));
#741= IFCCARTESIANPOINT((12276.78624,18383.2101,0.0));
#742= IFCCARTESIANPOINT((12276.78624,26383.2101,0.0));
#743= IFCCARTESIANPOINT((12174.78624,26383.2101,0.0));
#744= IFCCARTESIANPOINT((12276.78624,26485.2101,0.0));
#745= IFCCARTESIANPOINT((12276.78624,24441.2101,2101.0));
#746= IFCCARTESIANPOINT((12276.78624,23241.2101,2101.0));
#747= IFCCARTESIANPOINT((12276.78624,23241.2101,899.0));
#748= IFCCARTESIANPOINT((12276.78624,24441.2101,899.0));
#749= IFCPOLYLOOP((#725,#726,#727));
#750= IFCFACEOUTERBOUND(#749,.F.);
#751= IFCFACE((#750));
#752= IFCPOLYLOOP((#725,#727,#728));
#753= IFCFACEOUTERBOUND(#752,.F.);
#754= IFCFACE((#753));
#755= IFCPOLYLOOP((#728,#727,#729));
#756= IFCFACEOUTERBOUND(#755,.F.);
#757= IFCFACE((#756));
#758= IFCPOLYLOOP((#728,#729,#730));
#759= IFCFACEOUTERBOUND(#758,.F.);
#760= IFCFACE((#759));
#761= IFCPOLYLOOP((#730,#729,#731));
#762= IFCFACEOUTERBOUND(#761,.F.);
#763= IFCFACE((#762));
#764= IFCPOLYLOOP((#730,#731,#732));
#765= IFCFACEOUTERBOUND(#764,.F.);
#766= IFCFACE((#765));
#767= IFCPOLYLOOP((#732,#731,#726));
#768= IFCFACEOUTERBOUND(#767,.F.);
#769= IFCFACE((#768));
#770= IFCPOLYLOOP((#732,#726,#725));
#771= IFCFACEOUTERBOUND(#770,.F.);
#772= IFCFACE((#771));
#773= IFCPOLYLOOP((#733,#734,#735));
#774= IFCFACEOUTERBOUND(#773,.F.);
#775= IFCFACE((#774));
#776= IFCPOLYLOOP((#736,#737,#738));
#777= IFCFACEOUTERBOUND(#776,.F.);
#778= IFCFACE((#777));
#779= IFCPOLYLOOP((#734,#735,#736));
#780= IFCFACEOUTERBOUND(#779,.F.);
#781= IFCFACE((#780));
#782= IFCPOLYLOOP((#734,#736,#737));
#783= IFCFACEOUTERBOUND(#782,.F.);
#784= IFCFACE((#783));
#785= IFCPOLYLOOP((#739,#740,#741));
#786= IFCFACEOUTERBOUND(#785,.F.);
#787= IFCFACE((#786));
#788= IFCPOLYLOOP((#742,#743,#744));
#789= IFCFACEOUTERBOUND(#788,.F.);
#790= IFCFACE((#789));
#791= IFCPOLYLOOP((#740,#741,#742));
#792= IFCFACEOUTERBOUND(#791,.F.);
#793= IFCFACE((#792));
#794= IFCPOLYLOOP((#740,#742,#743));
#795= IFCFACEOUTERBOUND(#794,.F.);
#796= IFCFACE((#795));
#797= IFCPOLYLOOP((#740,#739,#733));
#798= IFCFACEOUTERBOUND(#797,.F.);
#799= IFCFACE((#798));
#800= IFCPOLYLOOP((#740,#733,#734));
#801= IFCFACEOUTERBOUND(#800,.F.);
#802= IFCFACE((#801));
#803= IFCPOLYLOOP((#743,#744,#738));
#804= IFCFACEOUTERBOUND(#803,.F.);
#805= IFCFACE((#804));
#806= IFCPOLYLOOP((#743,#738,#737));
#807= IFCFACEOUTERBOUND(#806,.F.);
#808= IFCFACE((#807));
#809= IFCPOLYLOOP((#732,#737,#734));
#810= IFCFACEOUTERBOUND(#809,.F.);
#811= IFCFACE((#810));
#812= IFCPOLYLOOP((#732,#730,#737));
#813= IFCFACEOUTERBOUND(#812,.F.);
#814= IFCFACE((#813));
#815= IFCPOLYLOOP((#743,#737,#730));
#816= IFCFACEOUTERBOUND(#815,.F.);
#817= IFCFACE((#816));
#818= IFCPOLYLOOP((#743,#730,#728));
#819= IFCFACEOUTERBOUND(#818,.F.);
#820= IFCFACE((#819));
#821= IFCPOLYLOOP((#743,#728,#725));
#822= IFCFACEOUTERBOUND(#821,.F.);
#823= IFCFACE((#822));
#824= IFCPOLYLOOP((#725,#732,#734));
#825= IFCFACEOUTERBOUND(#824,.F.);
#826= IFCFACE((#825));
#827= IFCPOLYLOOP((#725,#734,#740));
#828= IFCFACEOUTERBOUND(#827,.F.);
#829= IFCFACE((#828));
#830= IFCPOLYLOOP((#740,#743,#725));
#831= IFCFACEOUTERBOUND(#830,.F.);
#832= IFCFACE((#831));
#833= IFCPOLYLOOP((#745,#733,#738));
#834= IFCFACEOUTERBOUND(#833,.F.);
#835= IFCFACE((#834));
#836= IFCPOLYLOOP((#745,#746,#733));
#837= IFCFACEOUTERBOUND(#836,.F.);
#838= IFCFACE((#837));
#839= IFCPOLYLOOP((#739,#733,#746));
#840= IFCFACEOUTERBOUND(#839,.F.);
#841= IFCFACE((#840));
#842= IFCPOLYLOOP((#739,#746,#747));
#843= IFCFACEOUTERBOUND(#842,.F.);
#844= IFCFACE((#843));
#845= IFCPOLYLOOP((#739,#747,#748));
#846= IFCFACEOUTERBOUND(#845,.F.);
#847= IFCFACE((#846));
#848= IFCPOLYLOOP((#748,#745,#738));
#849= IFCFACEOUTERBOUND(#848,.F.);
#850= IFCFACE((#849));
#851= IFCPOLYLOOP((#748,#738,#744));
#852= IFCFACEOUTERBOUND(#851,.F.);
#853= IFCFACE((#852));
#854= IFCPOLYLOOP((#748,#744,#739));
#855= IFCFACEOUTERBOUND(#854,.F.);
#856= IFCFACE((#855));
#857= IFCOPENSHELL((#751,#754,#757,#760,#763,#766,#769,#772,#775,#778,#781,#784,#787,#790,#793,#796,#799,#802,#805,#808,#811,#814,#817,#820,#823,#826,#829,#832,#835,#838,#841,#844,#847,#850,#853,#856));
#858= IFCFACEBASEDSURFACEMODEL((#857));
#859= IFCSTYLEDITEM(#858,(#860),$);
#860= IFCPRESENTATIONSTYLEASSIGNMENT((#242));
#861= IFCCARTESIANPOINT((12316.78624,23241.2101,899.0));
#862= IFCCARTESIANPOINT((12516.78624,23241.2101,899.0));
#863= IFCCARTESIANPOINT((12516.78624,24441.2101,899.0));
#864= IFCCARTESIANPOINT((12316.78624,24441.2101,899.0));
#865= IFCCARTESIANPOINT((12516.78624,24441.2101,2101.0));
#866= IFCCARTESIANPOINT((12316.78624,24441.2101,2101.0));
#867= IFCCARTESIANPOINT((12516.78624,23241.2101,2101.0));
#868= IFCCARTESIANPOINT((12316.78624,23241.2101,2101.0));
#869= IFCCARTESIANPOINT((12516.78624,18041.2101,2400.0));
#870= IFCCARTESIANPOINT((12416.78624,18141.2101,2400.0));
#871= IFCCARTESIANPOINT((12516.78624,18141.2101,2400.0));
#872= IFCCARTESIANPOINT((12516.78624,26625.2101,2400.0));
#873= IFCCARTESIANPOINT((12416.78624,26625.2101,2400.0));
#874= IFCCARTESIANPOINT((12516.78624,26725.2101,2400.0));
#875= IFCCARTESIANPOINT((12516.78624,18041.2101,0.0));
#876= IFCCARTESIANPOINT((12416.78624,18141.2101,0.0));
#877= IFCCARTESIANPOINT((12516.78624,18141.2101,0.0));
#878= IFCCARTESIANPOINT((12516.78624,26625.2101,0.0));
#879= IFCCARTESIANPOINT((12416.78624,26625.2101,0.0));
#880= IFCCARTESIANPOINT((12516.78624,26725.2101,0.0));
#881= IFCCARTESIANPOINT((12416.78624,23241.2101,2101.0));
#882= IFCCARTESIANPOINT((12416.78624,24441.2101,2101.0));
#883= IFCCARTESIANPOINT((12416.78624,24441.2101,899.0));
#884= IFCCARTESIANPOINT((12416.78624,23241.2101,899.0));
#885= IFCPOLYLOOP((#861,#862,#863));
#886= IFCFACEOUTERBOUND(#885,.F.);
#887= IFCFACE((#886));
#888= IFCPOLYLOOP((#861,#863,#864));
#889= IFCFACEOUTERBOUND(#888,.F.);
#890= IFCFACE((#889));
#891= IFCPOLYLOOP((#864,#863,#865));
#892= IFCFACEOUTERBOUND(#891,.F.);
#893= IFCFACE((#892));
#894= IFCPOLYLOOP((#864,#865,#866));
#895= IFCFACEOUTERBOUND(#894,.F.);
#896= IFCFACE((#895));
#897= IFCPOLYLOOP((#866,#865,#867));
#898= IFCFACEOUTERBOUND(#897,.F.);
#899= IFCFACE((#898));
#900= IFCPOLYLOOP((#866,#867,#868));
#901= IFCFACEOUTERBOUND(#900,.F.);
#902= IFCFACE((#901));
#903= IFCPOLYLOOP((#868,#867,#862));
#904= IFCFACEOUTERBOUND(#903,.F.);
#905= IFCFACE((#904));
#906= IFCPOLYLOOP((#868,#862,#861));
#907= IFCFACEOUTERBOUND(#906,.F.);
#908= IFCFACE((#907));
#909= IFCPOLYLOOP((#869,#870,#871));
#910= IFCFACEOUTERBOUND(#909,.F.);
#911= IFCFACE((#910));
#912= IFCPOLYLOOP((#872,#873,#874));
#913= IFCFACEOUTERBOUND(#912,.F.);
#914= IFCFACE((#913));
#915= IFCPOLYLOOP((#870,#871,#872));
#916= IFCFACEOUTERBOUND(#915,.F.);
#917= IFCFACE((#916));
#918= IFCPOLYLOOP((#870,#872,#873));
#919= IFCFACEOUTERBOUND(#918,.F.);
#920= IFCFACE((#919));
#921= IFCPOLYLOOP((#875,#876,#877));
#922= IFCFACEOUTERBOUND(#921,.F.);
#923= IFCFACE((#922));
#924= IFCPOLYLOOP((#878,#879,#880));
#925= IFCFACEOUTERBOUND(#924,.F.);
#926= IFCFACE((#925));
#927= IFCPOLYLOOP((#876,#877,#878));
#928= IFCFACEOUTERBOUND(#927,.F.);
#929= IFCFACE((#928));
#930= IFCPOLYLOOP((#876,#878,#879));
#931= IFCFACEOUTERBOUND(#930,.F.);
#932= IFCFACE((#931));
#933= IFCPOLYLOOP((#876,#875,#869));
#934= IFCFACEOUTERBOUND(#933,.F.);
#935= IFCFACE((#934));
#936= IFCPOLYLOOP((#876,#869,#870));
#937= IFCFACEOUTERBOUND(#936,.F.);
#938= IFCFACE((#937));
#939= IFCPOLYLOOP((#879,#880,#874));
#940= IFCFACEOUTERBOUND(#939,.F.);
#941= IFCFACE((#940));
#942= IFCPOLYLOOP((#879,#874,#873));
#943= IFCFACEOUTERBOUND(#942,.F.);
#944= IFCFACE((#943));
#945= IFCPOLYLOOP((#881,#873,#870));
#946= IFCFACEOUTERBOUND(#945,.F.);
#947= IFCFACE((#946));
#948= IFCPOLYLOOP((#881,#882,#873));
#949= IFCFACEOUTERBOUND(#948,.F.);
#950= IFCFACE((#949));
#951= IFCPOLYLOOP((#879,#873,#882));
#952= IFCFACEOUTERBOUND(#951,.F.);
#953= IFCFACE((#952));
#954= IFCPOLYLOOP((#879,#882,#883));
#955= IFCFACEOUTERBOUND(#954,.F.);
#956= IFCFACE((#955));
#957= IFCPOLYLOOP((#879,#883,#884));
#958= IFCFACEOUTERBOUND(#957,.F.);
#959= IFCFACE((#958));
#960= IFCPOLYLOOP((#884,#881,#870));
#961= IFCFACEOUTERBOUND(#960,.F.);
#962= IFCFACE((#961));
#963= IFCPOLYLOOP((#884,#870,#876));
#964= IFCFACEOUTERBOUND(#963,.F.);
#965= IFCFACE((#964));
#966= IFCPOLYLOOP((#876,#879,#884));
#967= IFCFACEOUTERBOUND(#966,.F.);
#968= IFCFACE((#967));
#969= IFCPOLYLOOP((#865,#869,#874));
#970= IFCFACEOUTERBOUND(#969,.F.);
#971= IFCFACE((#970));
#972= IFCPOLYLOOP((#865,#867,#869));
#973= IFCFACEOUTERBOUND(#972,.F.);
#974= IFCFACE((#973));
#975= IFCPOLYLOOP((#875,#869,#867));
#976= IFCFACEOUTERBOUND(#975,.F.);
#977= IFCFACE((#976));
#978= IFCPOLYLOOP((#875,#867,#862));
#979= IFCFACEOUTERBOUND(#978,.F.);
#980= IFCFACE((#979));
#981= IFCPOLYLOOP((#875,#862,#863));
#982= IFCFACEOUTERBOUND(#981,.F.);
#983= IFCFACE((#982));
#984= IFCPOLYLOOP((#863,#865,#874));
#985= IFCFACEOUTERBOUND(#984,.F.);
#986= IFCFACE((#985));
#987= IFCPOLYLOOP((#863,#874,#880));
#988= IFCFACEOUTERBOUND(#987,.F.);
#989= IFCFACE((#988));
#990= IFCPOLYLOOP((#863,#880,#875));
#991= IFCFACEOUTERBOUND(#990,.F.);
#992= IFCFACE((#991));
#993= IFCOPENSHELL((#751,#754,#757,#760,#763,#766,#769,#772,#775,#778,#781,#784,#787,#790,#793,#796,#799,#802,#805,#808,#811,#814,#817,#820,#823,#826,#829,#832,#835,#838,#841,#844,#847,#850,#853,#856,#887,#890,#893,#896,#899,#902,#905,#908,#911,#914,#917,#920,#923,#926,#929,#932,#935,#938,#941,#944,#947,#950,#953,#956,#959,#962,#965,#968,#971,#974,#977,#980,#983,#986,#989,#992));
#994= IFCFACEBASEDSURFACEMODEL((#993));
#995= IFCSTYLEDITEM(#994,(#996),$);
#996= IFCPRESENTATIONSTYLEASSIGNMENT((#453));
#997= IFCSHAPEREPRESENTATION(#460,'Body','SurfaceModel',(#858,#994));
#998= IFCPRODUCTDEFINITIONSHAPE($,$,(#997));
#999= IFCCARTESIANPOINT((0.0,0.0,0.0));
#1000= IFCDIRECTION((0.0,0.0,1.0));
#1001= IFCDIRECTION((1.0,0.0,0.0));
#1002= IFCAXIS2PLACEMENT3D(#999,#1000,#1001);
#1003= IFCLOCALPLACEMENT($,#1002);
#1004= IFCWALL('2$yEORisn9aQuXPbvMFHWb',#20,$,$,$,#1003,#998,$);
#1005= IFCCARTESIANPOINT((12276.78624,26485.2101,2400.0));
#1006= IFCCARTESIANPOINT((12174.78624,26383.2101,2400.0));
#1007= IFCCARTESIANPOINT((12174.78624,26485.2101,2400.0));
#1008= IFCCARTESIANPOINT((6174.78624,26485.2101,2400.0));
#1009= IFCCARTESIANPOINT((6174.78624,26383.2101,2400.0));
#1010= IFCCARTESIANPOINT((6072.78624,26485.2101,2400.0));
#1011= IFCCARTESIANPOINT((12276.78624,26485.2101,0.0));
#1012= IFCCARTESIANPOINT((12174.78624,26383.2101,0.0));
#1013= IFCCARTESIANPOINT((12174.78624,26485.2101,0.0));
#1014= IFCCARTESIANPOINT((6174.78624,26485.2101,0.0));
#1015= IFCCARTESIANPOINT((6174.78624,26383.2101,0.0));
#1016= IFCCARTESIANPOINT((6072.78624,26485.2101,0.0));
#1017= IFCPOLYLOOP((#1005,#1006,#1007));
#1018= IFCFACEOUTERBOUND(#1017,.F.);
#1019= IFCFACE((#1018));
#1020= IFCPOLYLOOP((#1008,#1009,#1010));
#1021= IFCFACEOUTERBOUND(#1020,.F.);
#1022= IFCFACE((#1021));
#1023= IFCPOLYLOOP((#1006,#1007,#1008));
#1024= IFCFACEOUTERBOUND(#1023,.F.);
#1025= IFCFACE((#1024));
#1026= IFCPOLYLOOP((#1006,#1008,#1009));
#1027= IFCFACEOUTERBOUND(#1026,.F.);
#1028= IFCFACE((#1027));
#1029= IFCPOLYLOOP((#1011,#1012,#1013));
#1030= IFCFACEOUTERBOUND(#1029,.F.);
#1031= IFCFACE((#1030));
#1032= IFCPOLYLOOP((#1014,#1015,#1016));
#1033= IFCFACEOUTERBOUND(#1032,.F.);
#1034= IFCFACE((#1033));
#1035= IFCPOLYLOOP((#1012,#1013,#1014));
#1036= IFCFACEOUTERBOUND(#1035,.F.);
#1037= IFCFACE((#1036));
#1038= IFCPOLYLOOP((#1012,#1014,#1015));
#1039= IFCFACEOUTERBOUND(#1038,.F.);
#1040= IFCFACE((#1039));
#1041= IFCPOLYLOOP((#1012,#1011,#1005));
#1042= IFCFACEOUTERBOUND(#1041,.F.);
#1043= IFCFACE((#1042));
#1044= IFCPOLYLOOP((#1012,#1005,#1006));
#1045= IFCFACEOUTERBOUND(#1044,.F.);
#1046= IFCFACE((#1045));
#1047= IFCPOLYLOOP((#1015,#1016,#1010));
#1048= IFCFACEOUTERBOUND(#1047,.F.);
#1049= IFCFACE((#1048));
#1050= IFCPOLYLOOP((#1015,#1010,#1009));
#1051= IFCFACEOUTERBOUND(#1050,.F.);
#1052= IFCFACE((#1051));
#1053= IFCPOLYLOOP((#1012,#1015,#1009));
#1054= IFCFACEOUTERBOUND(#1053,.F.);
#1055= IFCFACE((#1054));
#1056= IFCPOLYLOOP((#1012,#1009,#1006));
#1057= IFCFACEOUTERBOUND(#1056,.F.);
#1058= IFCFACE((#1057));
#1059= IFCPOLYLOOP((#1005,#1010,#1016));
#1060= IFCFACEOUTERBOUND(#1059,.F.);
#1061= IFCFACE((#1060));
#1062= IFCPOLYLOOP((#1005,#1016,#1011));
#1063= IFCFACEOUTERBOUND(#1062,.F.);
#1064= IFCFACE((#1063));
#1065= IFCOPENSHELL((#1019,#1022,#1025,#1028,#1031,#1034,#1037,#1040,#1043,#1046,#1049,#1052,#1055,#1058,#1061,#1064));
#1066= IFCFACEBASEDSURFACEMODEL((#1065));
#1067= IFCSTYLEDITEM(#1066,(#1068),$);
#1068= IFCPRESENTATIONSTYLEASSIGNMENT((#242));
#1069= IFCCARTESIANPOINT((12516.78624,26725.2101,2400.0));
#1070= IFCCARTESIANPOINT((12416.78624,26625.2101,2400.0));
#1071= IFCCARTESIANPOINT((12416.78624,26725.2101,2400.0));
#1072= IFCCARTESIANPOINT((5932.78624,26725.2101,2400.0));
#1073= IFCCARTESIANPOINT((5932.78624,26625.2101,2400.0));
#1074= IFCCARTESIANPOINT((5832.78624,26725.2101,2400.0));
#1075= IFCCARTESIANPOINT((12516.78624,26725.2101,0.0));
#1076= IFCCARTESIANPOINT((12416.78624,26625.2101,0.0));
#1077= IFCCARTESIANPOINT((12416.78624,26725.2101,0.0));
#1078= IFCCARTESIANPOINT((5932.78624,26725.2101,0.0));
#1079= IFCCARTESIANPOINT((5932.78624,26625.2101,0.0));
#1080= IFCCARTESIANPOINT((5832.78624,26725.2101,0.0));
#1081= IFCPOLYLOOP((#1069,#1070,#1071));
#1082= IFCFACEOUTERBOUND(#1081,.F.);
#1083= IFCFACE((#1082));
#1084= IFCPOLYLOOP((#1072,#1073,#1074));
#1085= IFCFACEOUTERBOUND(#1084,.F.);
#1086= IFCFACE((#1085));
#1087= IFCPOLYLOOP((#1070,#1071,#1072));
#1088= IFCFACEOUTERBOUND(#1087,.F.);
#1089= IFCFACE((#1088));
#1090= IFCPOLYLOOP((#1070,#1072,#1073));
#1091= IFCFACEOUTERBOUND(#1090,.F.);
#1092= IFCFACE((#1091));
#1093= IFCPOLYLOOP((#1075,#1076,#1077));
#1094= IFCFACEOUTERBOUND(#1093,.F.);
#1095= IFCFACE((#1094));
#1096= IFCPOLYLOOP((#1078,#1079,#1080));
#1097= IFCFACEOUTERBOUND(#1096,.F.);
#1098= IFCFACE((#1097));
#1099= IFCPOLYLOOP((#1076,#1077,#1078));
#1100= IFCFACEOUTERBOUND(#1099,.F.);
#1101= IFCFACE((#1100));
#1102= IFCPOLYLOOP((#1076,#1078,#1079));
#1103= IFCFACEOUTERBOUND(#1102,.F.);
#1104= IFCFACE((#1103));
#1105= IFCPOLYLOOP((#1076,#1075,#1069));
#1106= IFCFACEOUTERBOUND(#1105,.F.);
#1107= IFCFACE((#1106));
#1108= IFCPOLYLOOP((#1076,#1069,#1070));
#1109= IFCFACEOUTERBOUND(#1108,.F.);
#1110= IFCFACE((#1109));
#1111= IFCPOLYLOOP((#1079,#1080,#1074));
#1112= IFCFACEOUTERBOUND(#1111,.F.);
#1113= IFCFACE((#1112));
#1114= IFCPOLYLOOP((#1079,#1074,#1073));
#1115= IFCFACEOUTERBOUND(#1114,.F.);
#1116= IFCFACE((#1115));
#1117= IFCPOLYLOOP((#1076,#1079,#1073));
#1118= IFCFACEOUTERBOUND(#1117,.F.);
#1119= IFCFACE((#1118));
#1120= IFCPOLYLOOP((#1076,#1073,#1070));
#1121= IFCFACEOUTERBOUND(#1120,.F.);
#1122= IFCFACE((#1121));
#1123= IFCPOLYLOOP((#1069,#1074,#1080));
#1124= IFCFACEOUTERBOUND(#1123,.F.);
#1125= IFCFACE((#1124));
#1126= IFCPOLYLOOP((#1069,#1080,#1075));
#1127= IFCFACEOUTERBOUND(#1126,.F.);
#1128= IFCFACE((#1127));
#1129= IFCOPENSHELL((#1019,#1022,#1025,#1028,#1031,#1034,#1037,#1040,#1043,#1046,#1049,#1052,#1055,#1058,#1061,#1064,#1083,#1086,#1089,#1092,#1095,#1098,#1101,#1104,#1107,#1110,#1113,#1116,#1119,#1122,#1125,#1128));
#1130= IFCFACEBASEDSURFACEMODEL((#1129));
#1131= IFCSTYLEDITEM(#1130,(#1132),$);
#1132= IFCPRESENTATIONSTYLEASSIGNMENT((#453));
#1133= IFCSHAPEREPRESENTATION(#460,'Body','SurfaceModel',(#1066,#1130));
#1134= IFCPRODUCTDEFINITIONSHAPE($,$,(#1133));
#1135= IFCCARTESIANPOINT((0.0,0.0,0.0));
#1136= IFCDIRECTION((0.0,0.0,1.0));
#1137= IFCDIRECTION((1.0,0.0,0.0));
#1138= IFCAXIS2PLACEMENT3D(#1135,#1136,#1137);
#1139= IFCLOCALPLACEMENT($,#1138);
#1140= IFCWALL('2AZNWXTY51XurKX6FZzNZ_',#20,$,$,$,#1139,#1134,$);
#1141= IFCCARTESIANPOINT((8050.78624,21462.19736,0.0));
#1142= IFCCARTESIANPOINT((8050.78624,21362.19736,0.0));
#1143= IFCCARTESIANPOINT((8050.78624,21362.19736,2051.0));
#1144= IFCCARTESIANPOINT((8050.78624,21462.19736,2051.0));
#1145= IFCCARTESIANPOINT((7108.78624,21362.19736,2051.0));
#1146= IFCCARTESIANPOINT((7108.78624,21462.19736,2051.0));
#1147= IFCCARTESIANPOINT((7108.78624,21362.19736,0.0));
#1148= IFCCARTESIANPOINT((7108.78624,21462.19736,0.0));
#1149= IFCCARTESIANPOINT((10975.78624,21462.19736,0.0));
#1150= IFCCARTESIANPOINT((10975.78624,21362.19736,0.0));
#1151= IFCCARTESIANPOINT((10975.78624,21362.19736,2051.0));
#1152= IFCCARTESIANPOINT((10975.78624,21462.19736,2051.0));
#1153= IFCCARTESIANPOINT((10033.78624,21362.19736,2051.0));
#1154= IFCCARTESIANPOINT((10033.78624,21462.19736,2051.0));
#1155= IFCCARTESIANPOINT((10033.78624,21362.19736,0.0));
#1156= IFCCARTESIANPOINT((10033.78624,21462.19736,0.0));
#1157= IFCCARTESIANPOINT((6174.78624,21462.19736,2400.0));
#1158= IFCCARTESIANPOINT((6174.78624,21362.19736,2400.0));
#1159= IFCCARTESIANPOINT((12174.78624,21362.19736,2400.0));
#1160= IFCCARTESIANPOINT((12174.78624,21462.19736,2400.0));
#1161= IFCCARTESIANPOINT((6174.78624,21462.19736,0.0));
#1162= IFCCARTESIANPOINT((6174.78624,21362.19736,0.0));
#1163= IFCCARTESIANPOINT((12174.78624,21362.19736,0.0));
#1164= IFCCARTESIANPOINT((12174.78624,21462.19736,0.0));
#1165= IFCCARTESIANPOINT((6174.78624,21462.19736,2400.0));
#1166= IFCCARTESIANPOINT((6174.78624,21462.19736,0.0));
#1167= IFCCARTESIANPOINT((7108.78624,21462.19736,0.0));
#1168= IFCCARTESIANPOINT((7108.78624,21462.19736,2051.0));
#1169= IFCCARTESIANPOINT((8050.78624,21462.19736,2051.0));
#1170= IFCCARTESIANPOINT((8050.78624,21462.19736,0.0));
#1171= IFCCARTESIANPOINT((10033.78624,21462.19736,0.0));
#1172= IFCCARTESIANPOINT((10033.78624,21462.19736,2051.0));
#1173= IFCCARTESIANPOINT((10975.78624,21462.19736,2051.0));
#1174= IFCCARTESIANPOINT((10975.78624,21462.19736,0.0));
#1175= IFCCARTESIANPOINT((12174.78624,21462.19736,0.0));
#1176= IFCCARTESIANPOINT((12174.78624,21462.19736,2400.0));
#1177= IFCCARTESIANPOINT((12174.78624,21362.19736,2400.0));
#1178= IFCCARTESIANPOINT((12174.78624,21362.19736,0.0));
#1179= IFCCARTESIANPOINT((10975.78624,21362.19736,0.0));
#1180= IFCCARTESIANPOINT((10975.78624,21362.19736,2051.0));
#1181= IFCCARTESIANPOINT((10033.78624,21362.19736,2051.0));
#1182= IFCCARTESIANPOINT((10033.78624,21362.19736,0.0));
#1183= IFCCARTESIANPOINT((8050.78624,21362.19736,0.0));
#1184= IFCCARTESIANPOINT((8050.78624,21362.19736,2051.0));
#1185= IFCCARTESIANPOINT((7108.78624,21362.19736,2051.0));
#1186= IFCCARTESIANPOINT((7108.78624,21362.19736,0.0));
#1187= IFCCARTESIANPOINT((6174.78624,21362.19736,0.0));
#1188= IFCCARTESIANPOINT((6174.78624,21362.19736,2400.0));
#1189= IFCPOLYLOOP((#1141,#1142,#1143));
#1190= IFCFACEOUTERBOUND(#1189,.F.);
#1191= IFCFACE((#1190));
#1192= IFCPOLYLOOP((#1141,#1143,#1144));
#1193= IFCFACEOUTERBOUND(#1192,.F.);
#1194= IFCFACE((#1193));
#1195= IFCPOLYLOOP((#1144,#1143,#1145));
#1196= IFCFACEOUTERBOUND(#1195,.F.);
#1197= IFCFACE((#1196));
#1198= IFCPOLYLOOP((#1144,#1145,#1146));
#1199= IFCFACEOUTERBOUND(#1198,.F.);
#1200= IFCFACE((#1199));
#1201= IFCPOLYLOOP((#1146,#1145,#1147));
#1202= IFCFACEOUTERBOUND(#1201,.F.);
#1203= IFCFACE((#1202));
#1204= IFCPOLYLOOP((#1146,#1147,#1148));
#1205= IFCFACEOUTERBOUND(#1204,.F.);
#1206= IFCFACE((#1205));
#1207= IFCPOLYLOOP((#1149,#1150,#1151));
#1208= IFCFACEOUTERBOUND(#1207,.F.);
#1209= IFCFACE((#1208));
#1210= IFCPOLYLOOP((#1149,#1151,#1152));
#1211= IFCFACEOUTERBOUND(#1210,.F.);
#1212= IFCFACE((#1211));
#1213= IFCPOLYLOOP((#1152,#1151,#1153));
#1214= IFCFACEOUTERBOUND(#1213,.F.);
#1215= IFCFACE((#1214));
#1216= IFCPOLYLOOP((#1152,#1153,#1154));
#1217= IFCFACEOUTERBOUND(#1216,.F.);
#1218= IFCFACE((#1217));
#1219= IFCPOLYLOOP((#1154,#1153,#1155));
#1220= IFCFACEOUTERBOUND(#1219,.F.);
#1221= IFCFACE((#1220));
#1222= IFCPOLYLOOP((#1154,#1155,#1156));
#1223= IFCFACEOUTERBOUND(#1222,.F.);
#1224= IFCFACE((#1223));
#1225= IFCPOLYLOOP((#1157,#1158,#1159));
#1226= IFCFACEOUTERBOUND(#1225,.F.);
#1227= IFCFACE((#1226));
#1228= IFCPOLYLOOP((#1157,#1159,#1160));
#1229= IFCFACEOUTERBOUND(#1228,.F.);
#1230= IFCFACE((#1229));
#1231= IFCPOLYLOOP((#1161,#1162,#1147));
#1232= IFCFACEOUTERBOUND(#1231,.F.);
#1233= IFCFACE((#1232));
#1234= IFCPOLYLOOP((#1161,#1147,#1148));
#1235= IFCFACEOUTERBOUND(#1234,.F.);
#1236= IFCFACE((#1235));
#1237= IFCPOLYLOOP((#1141,#1142,#1155));
#1238= IFCFACEOUTERBOUND(#1237,.F.);
#1239= IFCFACE((#1238));
#1240= IFCPOLYLOOP((#1141,#1155,#1156));
#1241= IFCFACEOUTERBOUND(#1240,.F.);
#1242= IFCFACE((#1241));
#1243= IFCPOLYLOOP((#1149,#1150,#1163));
#1244= IFCFACEOUTERBOUND(#1243,.F.);
#1245= IFCFACE((#1244));
#1246= IFCPOLYLOOP((#1149,#1163,#1164));
#1247= IFCFACEOUTERBOUND(#1246,.F.);
#1248= IFCFACE((#1247));
#1249= IFCPOLYLOOP((#1161,#1162,#1158));
#1250= IFCFACEOUTERBOUND(#1249,.F.);
#1251= IFCFACE((#1250));
#1252= IFCPOLYLOOP((#1161,#1158,#1157));
#1253= IFCFACEOUTERBOUND(#1252,.F.);
#1254= IFCFACE((#1253));
#1255= IFCPOLYLOOP((#1164,#1163,#1159));
#1256= IFCFACEOUTERBOUND(#1255,.F.);
#1257= IFCFACE((#1256));
#1258= IFCPOLYLOOP((#1164,#1159,#1160));
#1259= IFCFACEOUTERBOUND(#1258,.F.);
#1260= IFCFACE((#1259));
#1261= IFCPOLYLOOP((#1165,#1166,#1167));
#1262= IFCFACEOUTERBOUND(#1261,.F.);
#1263= IFCFACE((#1262));
#1264= IFCPOLYLOOP((#1165,#1167,#1168));
#1265= IFCFACEOUTERBOUND(#1264,.F.);
#1266= IFCFACE((#1265));
#1267= IFCPOLYLOOP((#1165,#1168,#1169));
#1268= IFCFACEOUTERBOUND(#1267,.F.);
#1269= IFCFACE((#1268));
#1270= IFCPOLYLOOP((#1169,#1170,#1171));
#1271= IFCFACEOUTERBOUND(#1270,.F.);
#1272= IFCFACE((#1271));
#1273= IFCPOLYLOOP((#1169,#1171,#1172));
#1274= IFCFACEOUTERBOUND(#1273,.F.);
#1275= IFCFACE((#1274));
#1276= IFCPOLYLOOP((#1173,#1174,#1175));
#1277= IFCFACEOUTERBOUND(#1276,.F.);
#1278= IFCFACE((#1277));
#1279= IFCPOLYLOOP((#1173,#1175,#1176));
#1280= IFCFACEOUTERBOUND(#1279,.F.);
#1281= IFCFACE((#1280));
#1282= IFCPOLYLOOP((#1173,#1176,#1165));
#1283= IFCFACEOUTERBOUND(#1282,.F.);
#1284= IFCFACE((#1283));
#1285= IFCPOLYLOOP((#1165,#1169,#1172));
#1286= IFCFACEOUTERBOUND(#1285,.F.);
#1287= IFCFACE((#1286));
#1288= IFCPOLYLOOP((#1172,#1173,#1165));
#1289= IFCFACEOUTERBOUND(#1288,.F.);
#1290= IFCFACE((#1289));
#1291= IFCPOLYLOOP((#1177,#1178,#1179));
#1292= IFCFACEOUTERBOUND(#1291,.F.);
#1293= IFCFACE((#1292));
#1294= IFCPOLYLOOP((#1177,#1179,#1180));
#1295= IFCFACEOUTERBOUND(#1294,.F.);
#1296= IFCFACE((#1295));
#1297= IFCPOLYLOOP((#1177,#1180,#1181));
#1298= IFCFACEOUTERBOUND(#1297,.F.);
#1299= IFCFACE((#1298));
#1300= IFCPOLYLOOP((#1181,#1182,#1183));
#1301= IFCFACEOUTERBOUND(#1300,.F.);
#1302= IFCFACE((#1301));
#1303= IFCPOLYLOOP((#1181,#1183,#1184));
#1304= IFCFACEOUTERBOUND(#1303,.F.);
#1305= IFCFACE((#1304));
#1306= IFCPOLYLOOP((#1185,#1186,#1187));
#1307= IFCFACEOUTERBOUND(#1306,.F.);
#1308= IFCFACE((#1307));
#1309= IFCPOLYLOOP((#1185,#1187,#1188));
#1310= IFCFACEOUTERBOUND(#1309,.F.);
#1311= IFCFACE((#1310));
#1312= IFCPOLYLOOP((#1185,#1188,#1177));
#1313= IFCFACEOUTERBOUND(#1312,.F.);
#1314= IFCFACE((#1313));
#1315= IFCPOLYLOOP((#1177,#1181,#1184));
#1316= IFCFACEOUTERBOUND(#1315,.F.);
#1317= IFCFACE((#1316));
#1318= IFCPOLYLOOP((#1177,#1184,#1185));
#1319= IFCFACEOUTERBOUND(#1318,.F.);
#1320= IFCFACE((#1319));
#1321= IFCOPENSHELL((#1191,#1194,#1197,#1200,#1203,#1206,#1209,#1212,#1215,#1218,#1221,#1224,#1227,#1230,#1233,#1236,#1239,#1242,#1245,#1248,#1251,#1254,#1257,#1260,#1263,#1266,#1269,#1272,#1275,#1278,#1281,#1284,#1287,#1290,#1293,#1296,#1299,#1302,#1305,#1308,#1311,#1314,#1317,#1320));
#1322= IFCFACEBASEDSURFACEMODEL((#1321));
#1323= IFCCOLOURRGB($,0.956862745098039,0.913725490196078,0.847058823529412);
#1324= IFCSURFACESTYLESHADING(#1323);
#1325= IFCSURFACESTYLE($,.BOTH.,(#1324));
#1326= IFCSTYLEDITEM(#1322,(#1327),$);
#1327= IFCPRESENTATIONSTYLEASSIGNMENT((#1325));
#1328= IFCSHAPEREPRESENTATION(#460,'Body','SurfaceModel',(#1322));
#1329= IFCPRODUCTDEFINITIONSHAPE($,$,(#1328));
#1330= IFCCARTESIANPOINT((0.0,0.0,0.0));
#1331= IFCDIRECTION((0.0,0.0,1.0));
#1332= IFCDIRECTION((1.0,0.0,0.0));
#1333= IFCAXIS2PLACEMENT3D(#1330,#1331,#1332);
#1334= IFCLOCALPLACEMENT($,#1333);
#1335= IFCWALL('0WDYN04jXD2Q5zfZutyYmQ',#20,$,$,$,#1334,#1329,$);
#1336= IFCCARTESIANPOINT((9174.78624,26383.2101,2400.0));
#1337= IFCCARTESIANPOINT((9074.78624,26383.2101,2400.0));
#1338= IFCCARTESIANPOINT((9074.78624,21462.19736,2400.0));
#1339= IFCCARTESIANPOINT((9174.78624,21462.19736,2400.0));
#1340= IFCCARTESIANPOINT((9174.78624,26383.2101,0.0));
#1341= IFCCARTESIANPOINT((9074.78624,26383.2101,0.0));
#1342= IFCCARTESIANPOINT((9074.78624,21462.19736,0.0));
#1343= IFCCARTESIANPOINT((9174.78624,21462.19736,0.0));
#1344= IFCPOLYLOOP((#1336,#1337,#1338));
#1345= IFCFACEOUTERBOUND(#1344,.F.);
#1346= IFCFACE((#1345));
#1347= IFCPOLYLOOP((#1336,#1338,#1339));
#1348= IFCFACEOUTERBOUND(#1347,.F.);
#1349= IFCFACE((#1348));
#1350= IFCPOLYLOOP((#1340,#1341,#1342));
#1351= IFCFACEOUTERBOUND(#1350,.F.);
#1352= IFCFACE((#1351));
#1353= IFCPOLYLOOP((#1340,#1342,#1343));
#1354= IFCFACEOUTERBOUND(#1353,.F.);
#1355= IFCFACE((#1354));
#1356= IFCPOLYLOOP((#1340,#1341,#1337));
#1357= IFCFACEOUTERBOUND(#1356,.F.);
#1358= IFCFACE((#1357));
#1359= IFCPOLYLOOP((#1340,#1337,#1336));
#1360= IFCFACEOUTERBOUND(#1359,.F.);
#1361= IFCFACE((#1360));
#1362= IFCPOLYLOOP((#1343,#1342,#1338));
#1363= IFCFACEOUTERBOUND(#1362,.F.);
#1364= IFCFACE((#1363));
#1365= IFCPOLYLOOP((#1343,#1338,#1339));
#1366= IFCFACEOUTERBOUND(#1365,.F.);
#1367= IFCFACE((#1366));
#1368= IFCPOLYLOOP((#1340,#1343,#1339));
#1369= IFCFACEOUTERBOUND(#1368,.F.);
#1370= IFCFACE((#1369));
#1371= IFCPOLYLOOP((#1340,#1339,#1336));
#1372= IFCFACEOUTERBOUND(#1371,.F.);
#1373= IFCFACE((#1372));
#1374= IFCPOLYLOOP((#1337,#1338,#1342));
#1375= IFCFACEOUTERBOUND(#1374,.F.);
#1376= IFCFACE((#1375));
#1377= IFCPOLYLOOP((#1337,#1342,#1341));
#1378= IFCFACEOUTERBOUND(#1377,.F.);
#1379= IFCFACE((#1378));
#1380= IFCOPENSHELL((#1346,#1349,#1352,#1355,#1358,#1361,#1364,#1367,#1370,#1373,#1376,#1379));
#1381= IFCFACEBASEDSURFACEMODEL((#1380));
#1382= IFCSTYLEDITEM(#1381,(#1383),$);
#1383= IFCPRESENTATIONSTYLEASSIGNMENT((#1325));
#1384= IFCSHAPEREPRESENTATION(#460,'Body','SurfaceModel',(#1381));
#1385= IFCPRODUCTDEFINITIONSHAPE($,$,(#1384));
#1386= IFCCARTESIANPOINT((0.0,0.0,0.0));
#1387= IFCDIRECTION((0.0,0.0,1.0));
#1388= IFCDIRECTION((1.0,0.0,0.0));
#1389= IFCAXIS2PLACEMENT3D(#1386,#1387,#1388);
#1390= IFCLOCALPLACEMENT($,#1389);
#1391= IFCWALL('3jkDeYmzb9IQ6xi1lcJTXT',#20,$,$,$,#1390,#1385,$);
#1392= IFCCARTESIANPOINT((10928.68666,21372.19736,0.0));
#1393= IFCCARTESIANPOINT((10975.78666,21462.19736,0.0));
#1394= IFCCARTESIANPOINT((10975.78666,21372.19736,0.0));
#1395= IFCCARTESIANPOINT((10928.68666,21462.19736,0.0));
#1396= IFCCARTESIANPOINT((10834.48666,21427.19736,853.88329));
#1397= IFCCARTESIANPOINT((10820.35666,21427.19736,868.37604));
#1398= IFCCARTESIANPOINT((10575.43666,21427.19736,853.88329));
#1399= IFCCARTESIANPOINT((10834.48666,21427.19736,1417.45191));
#1400= IFCCARTESIANPOINT((10820.35666,21427.19736,1402.95916));
#1401= IFCCARTESIANPOINT((10589.56666,21427.19736,1402.95916));
#1402= IFCCARTESIANPOINT((10589.56666,21427.19736,868.37604));
#1403= IFCCARTESIANPOINT((10575.43666,21427.19736,1417.45191));
#1404= IFCCARTESIANPOINT((10434.13666,21427.19736,853.88329));
#1405= IFCCARTESIANPOINT((10420.00666,21427.19736,868.37604));
#1406= IFCCARTESIANPOINT((10175.08666,21427.19736,853.88329));
#1407= IFCCARTESIANPOINT((10434.13666,21427.19736,1417.45191));
#1408= IFCCARTESIANPOINT((10420.00666,21427.19736,1402.95916));
#1409= IFCCARTESIANPOINT((10189.21666,21427.19736,1402.95916));
#1410= IFCCARTESIANPOINT((10189.21666,21427.19736,868.37604));
#1411= IFCCARTESIANPOINT((10175.08666,21427.19736,1417.45191));
#1412= IFCCARTESIANPOINT((10033.78666,21372.19736,0.0));
#1413= IFCCARTESIANPOINT((10033.78666,21462.19736,2050.0));
#1414= IFCCARTESIANPOINT((10033.78666,21462.19736,0.0));
#1415= IFCCARTESIANPOINT((10033.78666,21372.19736,2050.0));
#1416= IFCCARTESIANPOINT((10834.48666,21422.19736,1417.45191));
#1417= IFCCARTESIANPOINT((10834.48666,21422.19736,853.88329));
#1418= IFCCARTESIANPOINT((10080.88666,21462.19736,0.0));
#1419= IFCCARTESIANPOINT((10080.88666,21462.19736,2001.69082));
#1420= IFCCARTESIANPOINT((10928.68666,21462.19736,2001.69082));
#1421= IFCCARTESIANPOINT((10975.78666,21462.19736,2050.0));
#1422= IFCCARTESIANPOINT((10175.08666,21422.19736,1417.45191));
#1423= IFCCARTESIANPOINT((10175.08666,21422.19736,853.88329));
#1424= IFCCARTESIANPOINT((10080.88666,21422.19736,0.0));
#1425= IFCCARTESIANPOINT((10080.88666,21422.19736,2001.69082));
#1426= IFCCARTESIANPOINT((10434.13666,21422.19736,1417.45191));
#1427= IFCCARTESIANPOINT((10434.13666,21422.19736,853.88329));
#1428= IFCCARTESIANPOINT((10928.68666,21402.19736,0.0));
#1429= IFCCARTESIANPOINT((10928.68666,21422.19736,2001.69082));
#1430= IFCCARTESIANPOINT((10928.68666,21422.19736,0.0));
#1431= IFCCARTESIANPOINT((10928.68666,21402.19736,2001.69082));
#1432= IFCCARTESIANPOINT((10834.48666,21397.19736,853.88329));
#1433= IFCCARTESIANPOINT((10820.35666,21397.19736,868.37604));
#1434= IFCCARTESIANPOINT((10575.43666,21397.19736,853.88329));
#1435= IFCCARTESIANPOINT((10834.48666,21397.19736,1417.45191));
#1436= IFCCARTESIANPOINT((10820.35666,21397.19736,1402.95916));
#1437= IFCCARTESIANPOINT((10589.56666,21397.19736,1402.95916));
#1438= IFCCARTESIANPOINT((10589.56666,21397.19736,868.37604));
#1439= IFCCARTESIANPOINT((10575.43666,21397.19736,1417.45191));
#1440= IFCCARTESIANPOINT((10975.78666,21372.19736,2050.0));
#1441= IFCCARTESIANPOINT((10575.43666,21402.19736,853.88329));
#1442= IFCCARTESIANPOINT((10575.43666,21402.19736,1417.45191));
#1443= IFCCARTESIANPOINT((10080.88666,21372.19736,0.0));
#1444= IFCCARTESIANPOINT((10080.88666,21372.19736,2001.69082));
#1445= IFCCARTESIANPOINT((10928.68666,21372.19736,2001.69082));
#1446= IFCCARTESIANPOINT((10834.48666,21402.19736,853.88329));
#1447= IFCCARTESIANPOINT((10834.48666,21402.19736,1417.45191));
#1448= IFCCARTESIANPOINT((10820.35666,21404.39736,1402.95916));
#1449= IFCCARTESIANPOINT((10820.35666,21404.39736,868.37604));
#1450= IFCCARTESIANPOINT((10589.56666,21417.19736,1402.95916));
#1451= IFCCARTESIANPOINT((10820.35666,21417.19736,868.37604));
#1452= IFCCARTESIANPOINT((10589.56666,21417.19736,868.37604));
#1453= IFCCARTESIANPOINT((10820.35666,21417.19736,1402.95916));
#1454= IFCCARTESIANPOINT((10589.56666,21404.39736,1402.95916));
#1455= IFCCARTESIANPOINT((10589.56666,21404.39736,868.37604));
#1456= IFCCARTESIANPOINT((10434.13666,21397.19736,853.88329));
#1457= IFCCARTESIANPOINT((10420.00666,21397.19736,868.37604));
#1458= IFCCARTESIANPOINT((10175.08666,21397.19736,853.88329));
#1459= IFCCARTESIANPOINT((10434.13666,21397.19736,1417.45191));
#1460= IFCCARTESIANPOINT((10420.00666,21397.19736,1402.95916));
#1461= IFCCARTESIANPOINT((10189.21666,21397.19736,1402.95916));
#1462= IFCCARTESIANPOINT((10189.21666,21397.19736,868.37604));
#1463= IFCCARTESIANPOINT((10175.08666,21397.19736,1417.45191));
#1464= IFCCARTESIANPOINT((10189.21666,21417.19736,1402.95916));
#1465= IFCCARTESIANPOINT((10420.00666,21417.19736,868.37604));
#1466= IFCCARTESIANPOINT((10189.21666,21417.19736,868.37604));
#1467= IFCCARTESIANPOINT((10420.00666,21417.19736,1402.95916));
#1468= IFCCARTESIANPOINT((10175.08666,21402.19736,853.88329));
#1469= IFCCARTESIANPOINT((10175.08666,21402.19736,1417.45191));
#1470= IFCCARTESIANPOINT((10189.21666,21404.39736,868.37604));
#1471= IFCCARTESIANPOINT((10189.21666,21404.39736,1402.95916));
#1472= IFCCARTESIANPOINT((10434.13666,21402.19736,853.88329));
#1473= IFCCARTESIANPOINT((10434.13666,21402.19736,1417.45191));
#1474= IFCCARTESIANPOINT((10575.43666,21422.19736,853.88329));
#1475= IFCCARTESIANPOINT((10575.43666,21422.19736,1417.45191));
#1476= IFCCARTESIANPOINT((10420.00666,21404.39736,868.37604));
#1477= IFCCARTESIANPOINT((10420.00666,21404.39736,1402.95916));
#1478= IFCCARTESIANPOINT((10080.88666,21402.19736,0.0));
#1479= IFCCARTESIANPOINT((10080.88666,21402.19736,2001.69082));
#1480= IFCCARTESIANPOINT((10175.08666,21422.19736,158.196));
#1481= IFCCARTESIANPOINT((10504.78666,21422.19736,0.0));
#1482= IFCCARTESIANPOINT((10175.08666,21422.19736,714.50586));
#1483= IFCCARTESIANPOINT((10434.13666,21422.19736,714.50586));
#1484= IFCCARTESIANPOINT((10575.43666,21422.19736,714.50586));
#1485= IFCCARTESIANPOINT((10834.48666,21422.19736,714.50586));
#1486= IFCCARTESIANPOINT((10175.08666,21422.19736,1538.22486));
#1487= IFCCARTESIANPOINT((10175.08666,21422.19736,1803.92534));
#1488= IFCCARTESIANPOINT((10434.13666,21422.19736,1803.92534));
#1489= IFCCARTESIANPOINT((10575.43666,21422.19736,1803.92534));
#1490= IFCCARTESIANPOINT((10834.48666,21422.19736,1803.92534));
#1491= IFCCARTESIANPOINT((10834.48666,21422.19736,158.196));
#1492= IFCCARTESIANPOINT((10834.48666,21422.19736,1538.22486));
#1493= IFCCARTESIANPOINT((10575.43666,21422.19736,1538.22486));
#1494= IFCCARTESIANPOINT((10434.13666,21422.19736,1538.22486));
#1495= IFCCARTESIANPOINT((10575.43666,21422.19736,158.196));
#1496= IFCCARTESIANPOINT((10434.13666,21422.19736,158.196));
#1497= IFCCARTESIANPOINT((10834.48666,21402.19736,158.196));
#1498= IFCCARTESIANPOINT((10504.78666,21402.19736,0.0));
#1499= IFCCARTESIANPOINT((10834.48666,21402.19736,714.50586));
#1500= IFCCARTESIANPOINT((10575.43666,21402.19736,714.50586));
#1501= IFCCARTESIANPOINT((10434.13666,21402.19736,714.50586));
#1502= IFCCARTESIANPOINT((10175.08666,21402.19736,714.50586));
#1503= IFCCARTESIANPOINT((10834.48666,21402.19736,1538.22486));
#1504= IFCCARTESIANPOINT((10834.48666,21402.19736,1803.92534));
#1505= IFCCARTESIANPOINT((10575.43666,21402.19736,1803.92534));
#1506= IFCCARTESIANPOINT((10434.13666,21402.19736,1803.92534));
#1507= IFCCARTESIANPOINT((10175.08666,21402.19736,1803.92534));
#1508= IFCCARTESIANPOINT((10175.08666,21402.19736,158.196));
#1509= IFCCARTESIANPOINT((10175.08666,21402.19736,1538.22486));
#1510= IFCCARTESIANPOINT((10434.13666,21402.19736,1538.22486));
#1511= IFCCARTESIANPOINT((10575.43666,21402.19736,1538.22486));
#1512= IFCCARTESIANPOINT((10434.13666,21402.19736,158.196));
#1513= IFCCARTESIANPOINT((10575.43666,21402.19736,158.196));
#1514= IFCCARTESIANPOINT((10834.48666,21427.19736,158.196));
#1515= IFCCARTESIANPOINT((10820.35666,21427.19736,172.68875));
#1516= IFCCARTESIANPOINT((10575.43666,21427.19736,158.196));
#1517= IFCCARTESIANPOINT((10834.48666,21427.19736,714.50586));
#1518= IFCCARTESIANPOINT((10820.35666,21427.19736,700.01311));
#1519= IFCCARTESIANPOINT((10589.56666,21427.19736,700.01311));
#1520= IFCCARTESIANPOINT((10589.56666,21427.19736,172.68875));
#1521= IFCCARTESIANPOINT((10575.43666,21427.19736,714.50586));
#1522= IFCCARTESIANPOINT((10589.56666,21417.19736,700.01311));
#1523= IFCCARTESIANPOINT((10820.35666,21417.19736,172.68875));
#1524= IFCCARTESIANPOINT((10589.56666,21417.19736,172.68875));
#1525= IFCCARTESIANPOINT((10820.35666,21417.19736,700.01311));
#1526= IFCCARTESIANPOINT((10589.56666,21404.39736,172.68875));
#1527= IFCCARTESIANPOINT((10589.56666,21404.39736,700.01311));
#1528= IFCCARTESIANPOINT((10820.35666,21404.39736,172.68875));
#1529= IFCCARTESIANPOINT((10820.35666,21404.39736,700.01311));
#1530= IFCCARTESIANPOINT((10834.48666,21397.19736,158.196));
#1531= IFCCARTESIANPOINT((10820.35666,21397.19736,172.68875));
#1532= IFCCARTESIANPOINT((10575.43666,21397.19736,158.196));
#1533= IFCCARTESIANPOINT((10834.48666,21397.19736,714.50586));
#1534= IFCCARTESIANPOINT((10820.35666,21397.19736,700.01311));
#1535= IFCCARTESIANPOINT((10589.56666,21397.19736,700.01311));
#1536= IFCCARTESIANPOINT((10589.56666,21397.19736,172.68875));
#1537= IFCCARTESIANPOINT((10575.43666,21397.19736,714.50586));
#1538= IFCCARTESIANPOINT((10434.13666,21427.19736,158.196));
#1539= IFCCARTESIANPOINT((10420.00666,21427.19736,172.68875));
#1540= IFCCARTESIANPOINT((10175.08666,21427.19736,158.196));
#1541= IFCCARTESIANPOINT((10434.13666,21427.19736,714.50586));
#1542= IFCCARTESIANPOINT((10420.00666,21427.19736,700.01311));
#1543= IFCCARTESIANPOINT((10189.21666,21427.19736,700.01311));
#1544= IFCCARTESIANPOINT((10189.21666,21427.19736,172.68875));
#1545= IFCCARTESIANPOINT((10175.08666,21427.19736,714.50586));
#1546= IFCCARTESIANPOINT((10420.00666,21404.39736,172.68875));
#1547= IFCCARTESIANPOINT((10420.00666,21407.19736,700.01311));
#1548= IFCCARTESIANPOINT((10420.00666,21407.19736,172.68875));
#1549= IFCCARTESIANPOINT((10420.00666,21404.39736,700.01311));
#1550= IFCCARTESIANPOINT((10434.13666,21397.19736,158.196));
#1551= IFCCARTESIANPOINT((10420.00666,21397.19736,172.68875));
#1552= IFCCARTESIANPOINT((10175.08666,21397.19736,158.196));
#1553= IFCCARTESIANPOINT((10434.13666,21397.19736,714.50586));
#1554= IFCCARTESIANPOINT((10420.00666,21397.19736,700.01311));
#1555= IFCCARTESIANPOINT((10189.21666,21397.19736,700.01311));
#1556= IFCCARTESIANPOINT((10189.21666,21397.19736,172.68875));
#1557= IFCCARTESIANPOINT((10175.08666,21397.19736,714.50586));
#1558= IFCCARTESIANPOINT((10189.21666,21417.19736,700.01311));
#1559= IFCCARTESIANPOINT((10189.21666,21407.19736,172.68875));
#1560= IFCCARTESIANPOINT((10189.21666,21417.19736,172.68875));
#1561= IFCCARTESIANPOINT((10189.21666,21407.19736,700.01311));
#1562= IFCCARTESIANPOINT((10420.00666,21417.19736,700.01311));
#1563= IFCCARTESIANPOINT((10420.00666,21417.19736,172.68875));
#1564= IFCCARTESIANPOINT((10189.21666,21404.39736,700.01311));
#1565= IFCCARTESIANPOINT((10189.21666,21404.39736,172.68875));
#1566= IFCCARTESIANPOINT((10834.48666,21397.19736,1538.22486));
#1567= IFCCARTESIANPOINT((10820.35666,21397.19736,1552.71761));
#1568= IFCCARTESIANPOINT((10575.43666,21397.19736,1538.22486));
#1569= IFCCARTESIANPOINT((10834.48666,21397.19736,1803.92534));
#1570= IFCCARTESIANPOINT((10820.35666,21397.19736,1789.43258));
#1571= IFCCARTESIANPOINT((10589.56666,21397.19736,1789.43258));
#1572= IFCCARTESIANPOINT((10589.56666,21397.19736,1552.71761));
#1573= IFCCARTESIANPOINT((10575.43666,21397.19736,1803.92534));
#1574= IFCCARTESIANPOINT((10834.48666,21427.19736,1538.22486));
#1575= IFCCARTESIANPOINT((10820.35666,21427.19736,1552.71761));
#1576= IFCCARTESIANPOINT((10575.43666,21427.19736,1538.22486));
#1577= IFCCARTESIANPOINT((10834.48666,21427.19736,1803.92534));
#1578= IFCCARTESIANPOINT((10820.35666,21427.19736,1789.43258));
#1579= IFCCARTESIANPOINT((10589.56666,21427.19736,1789.43258));
#1580= IFCCARTESIANPOINT((10589.56666,21427.19736,1552.71761));
#1581= IFCCARTESIANPOINT((10575.43666,21427.19736,1803.92534));
#1582= IFCCARTESIANPOINT((10820.35666,21404.39736,1789.43258));
#1583= IFCCARTESIANPOINT((10589.56666,21404.39736,1789.43258));
#1584= IFCCARTESIANPOINT((10589.56666,21404.39736,1552.71761));
#1585= IFCCARTESIANPOINT((10820.35666,21404.39736,1552.71761));
#1586= IFCCARTESIANPOINT((10589.56666,21417.19736,1789.43258));
#1587= IFCCARTESIANPOINT((10820.35666,21417.19736,1552.71761));
#1588= IFCCARTESIANPOINT((10589.56666,21417.19736,1552.71761));
#1589= IFCCARTESIANPOINT((10820.35666,21417.19736,1789.43258));
#1590= IFCCARTESIANPOINT((10434.13666,21397.19736,1538.22486));
#1591= IFCCARTESIANPOINT((10420.00666,21397.19736,1552.71761));
#1592= IFCCARTESIANPOINT((10175.08666,21397.19736,1538.22486));
#1593= IFCCARTESIANPOINT((10434.13666,21397.19736,1803.92534));
#1594= IFCCARTESIANPOINT((10420.00666,21397.19736,1789.43258));
#1595= IFCCARTESIANPOINT((10189.21666,21397.19736,1789.43258));
#1596= IFCCARTESIANPOINT((10189.21666,21397.19736,1552.71761));
#1597= IFCCARTESIANPOINT((10175.08666,21397.19736,1803.92534));
#1598= IFCCARTESIANPOINT((10175.08666,21427.19736,1803.92534));
#1599= IFCCARTESIANPOINT((10434.13666,21427.19736,1803.92534));
#1600= IFCCARTESIANPOINT((10434.13666,21427.19736,1538.22486));
#1601= IFCCARTESIANPOINT((10175.08666,21427.19736,1538.22486));
#1602= IFCCARTESIANPOINT((10420.00666,21427.19736,1552.71761));
#1603= IFCCARTESIANPOINT((10420.00666,21427.19736,1789.43258));
#1604= IFCCARTESIANPOINT((10189.21666,21427.19736,1789.43258));
#1605= IFCCARTESIANPOINT((10189.21666,21427.19736,1552.71761));
#1606= IFCCARTESIANPOINT((10189.21666,21417.19736,1789.43258));
#1607= IFCCARTESIANPOINT((10420.00666,21417.19736,1552.71761));
#1608= IFCCARTESIANPOINT((10189.21666,21417.19736,1552.71761));
#1609= IFCCARTESIANPOINT((10420.00666,21417.19736,1789.43258));
#1610= IFCCARTESIANPOINT((10189.21666,21404.39736,1789.43258));
#1611= IFCCARTESIANPOINT((10420.00666,21404.39736,1789.43258));
#1612= IFCCARTESIANPOINT((10189.21666,21404.39736,1552.71761));
#1613= IFCCARTESIANPOINT((10420.00666,21404.39736,1552.71761));
#1614= IFCPOLYLOOP((#1392,#1393,#1394));
#1615= IFCFACEOUTERBOUND(#1614,.F.);
#1616= IFCFACE((#1615));
#1617= IFCPOLYLOOP((#1393,#1392,#1395));
#1618= IFCFACEOUTERBOUND(#1617,.F.);
#1619= IFCFACE((#1618));
#1620= IFCPOLYLOOP((#1396,#1397,#1398));
#1621= IFCFACEOUTERBOUND(#1620,.F.);
#1622= IFCFACE((#1621));
#1623= IFCPOLYLOOP((#1397,#1396,#1399));
#1624= IFCFACEOUTERBOUND(#1623,.F.);
#1625= IFCFACE((#1624));
#1626= IFCPOLYLOOP((#1397,#1399,#1400));
#1627= IFCFACEOUTERBOUND(#1626,.F.);
#1628= IFCFACE((#1627));
#1629= IFCPOLYLOOP((#1400,#1399,#1401));
#1630= IFCFACEOUTERBOUND(#1629,.F.);
#1631= IFCFACE((#1630));
#1632= IFCPOLYLOOP((#1398,#1402,#1403));
#1633= IFCFACEOUTERBOUND(#1632,.F.);
#1634= IFCFACE((#1633));
#1635= IFCPOLYLOOP((#1402,#1398,#1397));
#1636= IFCFACEOUTERBOUND(#1635,.F.);
#1637= IFCFACE((#1636));
#1638= IFCPOLYLOOP((#1403,#1402,#1401));
#1639= IFCFACEOUTERBOUND(#1638,.F.);
#1640= IFCFACE((#1639));
#1641= IFCPOLYLOOP((#1403,#1401,#1399));
#1642= IFCFACEOUTERBOUND(#1641,.F.);
#1643= IFCFACE((#1642));
#1644= IFCPOLYLOOP((#1404,#1405,#1406));
#1645= IFCFACEOUTERBOUND(#1644,.F.);
#1646= IFCFACE((#1645));
#1647= IFCPOLYLOOP((#1405,#1404,#1407));
#1648= IFCFACEOUTERBOUND(#1647,.F.);
#1649= IFCFACE((#1648));
#1650= IFCPOLYLOOP((#1405,#1407,#1408));
#1651= IFCFACEOUTERBOUND(#1650,.F.);
#1652= IFCFACE((#1651));
#1653= IFCPOLYLOOP((#1408,#1407,#1409));
#1654= IFCFACEOUTERBOUND(#1653,.F.);
#1655= IFCFACE((#1654));
#1656= IFCPOLYLOOP((#1406,#1410,#1411));
#1657= IFCFACEOUTERBOUND(#1656,.F.);
#1658= IFCFACE((#1657));
#1659= IFCPOLYLOOP((#1410,#1406,#1405));
#1660= IFCFACEOUTERBOUND(#1659,.F.);
#1661= IFCFACE((#1660));
#1662= IFCPOLYLOOP((#1411,#1410,#1409));
#1663= IFCFACEOUTERBOUND(#1662,.F.);
#1664= IFCFACE((#1663));
#1665= IFCPOLYLOOP((#1411,#1409,#1407));
#1666= IFCFACEOUTERBOUND(#1665,.F.);
#1667= IFCFACE((#1666));
#1668= IFCPOLYLOOP((#1412,#1413,#1414));
#1669= IFCFACEOUTERBOUND(#1668,.F.);
#1670= IFCFACE((#1669));
#1671= IFCPOLYLOOP((#1413,#1412,#1415));
#1672= IFCFACEOUTERBOUND(#1671,.F.);
#1673= IFCFACE((#1672));
#1674= IFCPOLYLOOP((#1416,#1396,#1399));
#1675= IFCFACEOUTERBOUND(#1674,.F.);
#1676= IFCFACE((#1675));
#1677= IFCPOLYLOOP((#1396,#1416,#1417));
#1678= IFCFACEOUTERBOUND(#1677,.F.);
#1679= IFCFACE((#1678));
#1680= IFCPOLYLOOP((#1413,#1418,#1414));
#1681= IFCFACEOUTERBOUND(#1680,.F.);
#1682= IFCFACE((#1681));
#1683= IFCPOLYLOOP((#1418,#1413,#1419));
#1684= IFCFACEOUTERBOUND(#1683,.F.);
#1685= IFCFACE((#1684));
#1686= IFCPOLYLOOP((#1419,#1413,#1420));
#1687= IFCFACEOUTERBOUND(#1686,.F.);
#1688= IFCFACE((#1687));
#1689= IFCPOLYLOOP((#1420,#1393,#1395));
#1690= IFCFACEOUTERBOUND(#1689,.F.);
#1691= IFCFACE((#1690));
#1692= IFCPOLYLOOP((#1393,#1420,#1421));
#1693= IFCFACEOUTERBOUND(#1692,.F.);
#1694= IFCFACE((#1693));
#1695= IFCPOLYLOOP((#1421,#1420,#1413));
#1696= IFCFACEOUTERBOUND(#1695,.F.);
#1697= IFCFACE((#1696));
#1698= IFCPOLYLOOP((#1422,#1406,#1411));
#1699= IFCFACEOUTERBOUND(#1698,.F.);
#1700= IFCFACE((#1699));
#1701= IFCPOLYLOOP((#1406,#1422,#1423));
#1702= IFCFACEOUTERBOUND(#1701,.F.);
#1703= IFCFACE((#1702));
#1704= IFCPOLYLOOP((#1419,#1424,#1418));
#1705= IFCFACEOUTERBOUND(#1704,.F.);
#1706= IFCFACE((#1705));
#1707= IFCPOLYLOOP((#1424,#1419,#1425));
#1708= IFCFACEOUTERBOUND(#1707,.F.);
#1709= IFCFACE((#1708));
#1710= IFCPOLYLOOP((#1426,#1404,#1407));
#1711= IFCFACEOUTERBOUND(#1710,.F.);
#1712= IFCFACE((#1711));
#1713= IFCPOLYLOOP((#1404,#1426,#1427));
#1714= IFCFACEOUTERBOUND(#1713,.F.);
#1715= IFCFACE((#1714));
#1716= IFCPOLYLOOP((#1428,#1429,#1430));
#1717= IFCFACEOUTERBOUND(#1716,.F.);
#1718= IFCFACE((#1717));
#1719= IFCPOLYLOOP((#1429,#1428,#1431));
#1720= IFCFACEOUTERBOUND(#1719,.F.);
#1721= IFCFACE((#1720));
#1722= IFCPOLYLOOP((#1432,#1433,#1434));
#1723= IFCFACEOUTERBOUND(#1722,.F.);
#1724= IFCFACE((#1723));
#1725= IFCPOLYLOOP((#1433,#1432,#1435));
#1726= IFCFACEOUTERBOUND(#1725,.F.);
#1727= IFCFACE((#1726));
#1728= IFCPOLYLOOP((#1433,#1435,#1436));
#1729= IFCFACEOUTERBOUND(#1728,.F.);
#1730= IFCFACE((#1729));
#1731= IFCPOLYLOOP((#1436,#1435,#1437));
#1732= IFCFACEOUTERBOUND(#1731,.F.);
#1733= IFCFACE((#1732));
#1734= IFCPOLYLOOP((#1434,#1438,#1439));
#1735= IFCFACEOUTERBOUND(#1734,.F.);
#1736= IFCFACE((#1735));
#1737= IFCPOLYLOOP((#1438,#1434,#1433));
#1738= IFCFACEOUTERBOUND(#1737,.F.);
#1739= IFCFACE((#1738));
#1740= IFCPOLYLOOP((#1439,#1438,#1437));
#1741= IFCFACEOUTERBOUND(#1740,.F.);
#1742= IFCFACE((#1741));
#1743= IFCPOLYLOOP((#1439,#1437,#1435));
#1744= IFCFACEOUTERBOUND(#1743,.F.);
#1745= IFCFACE((#1744));
#1746= IFCPOLYLOOP((#1440,#1393,#1421));
#1747= IFCFACEOUTERBOUND(#1746,.F.);
#1748= IFCFACE((#1747));
#1749= IFCPOLYLOOP((#1393,#1440,#1394));
#1750= IFCFACEOUTERBOUND(#1749,.F.);
#1751= IFCFACE((#1750));
#1752= IFCPOLYLOOP((#1441,#1439,#1442));
#1753= IFCFACEOUTERBOUND(#1752,.F.);
#1754= IFCFACE((#1753));
#1755= IFCPOLYLOOP((#1439,#1441,#1434));
#1756= IFCFACEOUTERBOUND(#1755,.F.);
#1757= IFCFACE((#1756));
#1758= IFCPOLYLOOP((#1415,#1443,#1412));
#1759= IFCFACEOUTERBOUND(#1758,.F.);
#1760= IFCFACE((#1759));
#1761= IFCPOLYLOOP((#1443,#1415,#1444));
#1762= IFCFACEOUTERBOUND(#1761,.F.);
#1763= IFCFACE((#1762));
#1764= IFCPOLYLOOP((#1444,#1415,#1445));
#1765= IFCFACEOUTERBOUND(#1764,.F.);
#1766= IFCFACE((#1765));
#1767= IFCPOLYLOOP((#1445,#1394,#1392));
#1768= IFCFACEOUTERBOUND(#1767,.F.);
#1769= IFCFACE((#1768));
#1770= IFCPOLYLOOP((#1394,#1445,#1440));
#1771= IFCFACEOUTERBOUND(#1770,.F.);
#1772= IFCFACE((#1771));
#1773= IFCPOLYLOOP((#1440,#1445,#1415));
#1774= IFCFACEOUTERBOUND(#1773,.F.);
#1775= IFCFACE((#1774));
#1776= IFCPOLYLOOP((#1435,#1446,#1447));
#1777= IFCFACEOUTERBOUND(#1776,.F.);
#1778= IFCFACE((#1777));
#1779= IFCPOLYLOOP((#1446,#1435,#1432));
#1780= IFCFACEOUTERBOUND(#1779,.F.);
#1781= IFCFACE((#1780));
#1782= IFCPOLYLOOP((#1433,#1448,#1449));
#1783= IFCFACEOUTERBOUND(#1782,.F.);
#1784= IFCFACE((#1783));
#1785= IFCPOLYLOOP((#1448,#1433,#1436));
#1786= IFCFACEOUTERBOUND(#1785,.F.);
#1787= IFCFACE((#1786));
#1788= IFCPOLYLOOP((#1450,#1451,#1452));
#1789= IFCFACEOUTERBOUND(#1788,.F.);
#1790= IFCFACE((#1789));
#1791= IFCPOLYLOOP((#1451,#1450,#1453));
#1792= IFCFACEOUTERBOUND(#1791,.F.);
#1793= IFCFACE((#1792));
#1794= IFCPOLYLOOP((#1454,#1438,#1455));
#1795= IFCFACEOUTERBOUND(#1794,.F.);
#1796= IFCFACE((#1795));
#1797= IFCPOLYLOOP((#1438,#1454,#1437));
#1798= IFCFACEOUTERBOUND(#1797,.F.);
#1799= IFCFACE((#1798));
#1800= IFCPOLYLOOP((#1450,#1455,#1452));
#1801= IFCFACEOUTERBOUND(#1800,.F.);
#1802= IFCFACE((#1801));
#1803= IFCPOLYLOOP((#1455,#1450,#1454));
#1804= IFCFACEOUTERBOUND(#1803,.F.);
#1805= IFCFACE((#1804));
#1806= IFCPOLYLOOP((#1456,#1457,#1458));
#1807= IFCFACEOUTERBOUND(#1806,.F.);
#1808= IFCFACE((#1807));
#1809= IFCPOLYLOOP((#1457,#1456,#1459));
#1810= IFCFACEOUTERBOUND(#1809,.F.);
#1811= IFCFACE((#1810));
#1812= IFCPOLYLOOP((#1457,#1459,#1460));
#1813= IFCFACEOUTERBOUND(#1812,.F.);
#1814= IFCFACE((#1813));
#1815= IFCPOLYLOOP((#1460,#1459,#1461));
#1816= IFCFACEOUTERBOUND(#1815,.F.);
#1817= IFCFACE((#1816));
#1818= IFCPOLYLOOP((#1458,#1462,#1463));
#1819= IFCFACEOUTERBOUND(#1818,.F.);
#1820= IFCFACE((#1819));
#1821= IFCPOLYLOOP((#1462,#1458,#1457));
#1822= IFCFACEOUTERBOUND(#1821,.F.);
#1823= IFCFACE((#1822));
#1824= IFCPOLYLOOP((#1463,#1462,#1461));
#1825= IFCFACEOUTERBOUND(#1824,.F.);
#1826= IFCFACE((#1825));
#1827= IFCPOLYLOOP((#1463,#1461,#1459));
#1828= IFCFACEOUTERBOUND(#1827,.F.);
#1829= IFCFACE((#1828));
#1830= IFCPOLYLOOP((#1449,#1453,#1451));
#1831= IFCFACEOUTERBOUND(#1830,.F.);
#1832= IFCFACE((#1831));
#1833= IFCPOLYLOOP((#1453,#1449,#1448));
#1834= IFCFACEOUTERBOUND(#1833,.F.);
#1835= IFCFACE((#1834));
#1836= IFCPOLYLOOP((#1464,#1465,#1466));
#1837= IFCFACEOUTERBOUND(#1836,.F.);
#1838= IFCFACE((#1837));
#1839= IFCPOLYLOOP((#1465,#1464,#1467));
#1840= IFCFACEOUTERBOUND(#1839,.F.);
#1841= IFCFACE((#1840));
#1842= IFCPOLYLOOP((#1468,#1463,#1469));
#1843= IFCFACEOUTERBOUND(#1842,.F.);
#1844= IFCFACE((#1843));
#1845= IFCPOLYLOOP((#1463,#1468,#1458));
#1846= IFCFACEOUTERBOUND(#1845,.F.);
#1847= IFCFACE((#1846));
#1848= IFCPOLYLOOP((#1417,#1447,#1416));
#1849= IFCFACEOUTERBOUND(#1848,.F.);
#1850= IFCFACE((#1849));
#1851= IFCPOLYLOOP((#1447,#1417,#1446));
#1852= IFCFACEOUTERBOUND(#1851,.F.);
#1853= IFCFACE((#1852));
#1854= IFCPOLYLOOP((#1464,#1470,#1466));
#1855= IFCFACEOUTERBOUND(#1854,.F.);
#1856= IFCFACE((#1855));
#1857= IFCPOLYLOOP((#1470,#1464,#1471));
#1858= IFCFACEOUTERBOUND(#1857,.F.);
#1859= IFCFACE((#1858));
#1860= IFCPOLYLOOP((#1454,#1449,#1455));
#1861= IFCFACEOUTERBOUND(#1860,.F.);
#1862= IFCFACE((#1861));
#1863= IFCPOLYLOOP((#1449,#1454,#1448));
#1864= IFCFACEOUTERBOUND(#1863,.F.);
#1865= IFCFACE((#1864));
#1866= IFCPOLYLOOP((#1459,#1472,#1473));
#1867= IFCFACEOUTERBOUND(#1866,.F.);
#1868= IFCFACE((#1867));
#1869= IFCPOLYLOOP((#1472,#1459,#1456));
#1870= IFCFACEOUTERBOUND(#1869,.F.);
#1871= IFCFACE((#1870));
#1872= IFCPOLYLOOP((#1474,#1442,#1475));
#1873= IFCFACEOUTERBOUND(#1872,.F.);
#1874= IFCFACE((#1873));
#1875= IFCPOLYLOOP((#1442,#1474,#1441));
#1876= IFCFACEOUTERBOUND(#1875,.F.);
#1877= IFCFACE((#1876));
#1878= IFCPOLYLOOP((#1476,#1467,#1465));
#1879= IFCFACEOUTERBOUND(#1878,.F.);
#1880= IFCFACE((#1879));
#1881= IFCPOLYLOOP((#1467,#1476,#1477));
#1882= IFCFACEOUTERBOUND(#1881,.F.);
#1883= IFCFACE((#1882));
#1884= IFCPOLYLOOP((#1401,#1452,#1402));
#1885= IFCFACEOUTERBOUND(#1884,.F.);
#1886= IFCFACE((#1885));
#1887= IFCPOLYLOOP((#1452,#1401,#1450));
#1888= IFCFACEOUTERBOUND(#1887,.F.);
#1889= IFCFACE((#1888));
#1890= IFCPOLYLOOP((#1427,#1473,#1426));
#1891= IFCFACEOUTERBOUND(#1890,.F.);
#1892= IFCFACE((#1891));
#1893= IFCPOLYLOOP((#1473,#1427,#1472));
#1894= IFCFACEOUTERBOUND(#1893,.F.);
#1895= IFCFACE((#1894));
#1896= IFCPOLYLOOP((#1457,#1477,#1476));
#1897= IFCFACEOUTERBOUND(#1896,.F.);
#1898= IFCFACE((#1897));
#1899= IFCPOLYLOOP((#1477,#1457,#1460));
#1900= IFCFACEOUTERBOUND(#1899,.F.);
#1901= IFCFACE((#1900));
#1902= IFCPOLYLOOP((#1451,#1400,#1397));
#1903= IFCFACEOUTERBOUND(#1902,.F.);
#1904= IFCFACE((#1903));
#1905= IFCPOLYLOOP((#1400,#1451,#1453));
#1906= IFCFACEOUTERBOUND(#1905,.F.);
#1907= IFCFACE((#1906));
#1908= IFCPOLYLOOP((#1423,#1469,#1422));
#1909= IFCFACEOUTERBOUND(#1908,.F.);
#1910= IFCFACE((#1909));
#1911= IFCPOLYLOOP((#1469,#1423,#1468));
#1912= IFCFACEOUTERBOUND(#1911,.F.);
#1913= IFCFACE((#1912));
#1914= IFCPOLYLOOP((#1471,#1462,#1470));
#1915= IFCFACEOUTERBOUND(#1914,.F.);
#1916= IFCFACE((#1915));
#1917= IFCPOLYLOOP((#1462,#1471,#1461));
#1918= IFCFACEOUTERBOUND(#1917,.F.);
#1919= IFCFACE((#1918));
#1920= IFCPOLYLOOP((#1471,#1476,#1470));
#1921= IFCFACEOUTERBOUND(#1920,.F.);
#1922= IFCFACE((#1921));
#1923= IFCPOLYLOOP((#1476,#1471,#1477));
#1924= IFCFACEOUTERBOUND(#1923,.F.);
#1925= IFCFACE((#1924));
#1926= IFCPOLYLOOP((#1409,#1466,#1410));
#1927= IFCFACEOUTERBOUND(#1926,.F.);
#1928= IFCFACE((#1927));
#1929= IFCPOLYLOOP((#1466,#1409,#1464));
#1930= IFCFACEOUTERBOUND(#1929,.F.);
#1931= IFCFACE((#1930));
#1932= IFCPOLYLOOP((#1465,#1408,#1405));
#1933= IFCFACEOUTERBOUND(#1932,.F.);
#1934= IFCFACE((#1933));
#1935= IFCPOLYLOOP((#1408,#1465,#1467));
#1936= IFCFACEOUTERBOUND(#1935,.F.);
#1937= IFCFACE((#1936));
#1938= IFCPOLYLOOP((#1425,#1478,#1424));
#1939= IFCFACEOUTERBOUND(#1938,.F.);
#1940= IFCFACE((#1939));
#1941= IFCPOLYLOOP((#1478,#1425,#1479));
#1942= IFCFACEOUTERBOUND(#1941,.F.);
#1943= IFCFACE((#1942));
#1944= IFCPOLYLOOP((#1430,#1420,#1395));
#1945= IFCFACEOUTERBOUND(#1944,.F.);
#1946= IFCFACE((#1945));
#1947= IFCPOLYLOOP((#1420,#1430,#1429));
#1948= IFCFACEOUTERBOUND(#1947,.F.);
#1949= IFCFACE((#1948));
#1950= IFCPOLYLOOP((#1424,#1480,#1481));
#1951= IFCFACEOUTERBOUND(#1950,.F.);
#1952= IFCFACE((#1951));
#1953= IFCPOLYLOOP((#1480,#1424,#1425));
#1954= IFCFACEOUTERBOUND(#1953,.F.);
#1955= IFCFACE((#1954));
#1956= IFCPOLYLOOP((#1481,#1480,#1430));
#1957= IFCFACEOUTERBOUND(#1956,.F.);
#1958= IFCFACE((#1957));
#1959= IFCPOLYLOOP((#1480,#1425,#1482));
#1960= IFCFACEOUTERBOUND(#1959,.F.);
#1961= IFCFACE((#1960));
#1962= IFCPOLYLOOP((#1482,#1425,#1423));
#1963= IFCFACEOUTERBOUND(#1962,.F.);
#1964= IFCFACE((#1963));
#1965= IFCPOLYLOOP((#1482,#1423,#1483));
#1966= IFCFACEOUTERBOUND(#1965,.F.);
#1967= IFCFACE((#1966));
#1968= IFCPOLYLOOP((#1483,#1423,#1484));
#1969= IFCFACEOUTERBOUND(#1968,.F.);
#1970= IFCFACE((#1969));
#1971= IFCPOLYLOOP((#1484,#1423,#1485));
#1972= IFCFACEOUTERBOUND(#1971,.F.);
#1973= IFCFACE((#1972));
#1974= IFCPOLYLOOP((#1423,#1425,#1422));
#1975= IFCFACEOUTERBOUND(#1974,.F.);
#1976= IFCFACE((#1975));
#1977= IFCPOLYLOOP((#1422,#1425,#1486));
#1978= IFCFACEOUTERBOUND(#1977,.F.);
#1979= IFCFACE((#1978));
#1980= IFCPOLYLOOP((#1422,#1486,#1426));
#1981= IFCFACEOUTERBOUND(#1980,.F.);
#1982= IFCFACE((#1981));
#1983= IFCPOLYLOOP((#1426,#1486,#1475));
#1984= IFCFACEOUTERBOUND(#1983,.F.);
#1985= IFCFACE((#1984));
#1986= IFCPOLYLOOP((#1475,#1486,#1416));
#1987= IFCFACEOUTERBOUND(#1986,.F.);
#1988= IFCFACE((#1987));
#1989= IFCPOLYLOOP((#1486,#1425,#1487));
#1990= IFCFACEOUTERBOUND(#1989,.F.);
#1991= IFCFACE((#1990));
#1992= IFCPOLYLOOP((#1487,#1425,#1488));
#1993= IFCFACEOUTERBOUND(#1992,.F.);
#1994= IFCFACE((#1993));
#1995= IFCPOLYLOOP((#1488,#1425,#1489));
#1996= IFCFACEOUTERBOUND(#1995,.F.);
#1997= IFCFACE((#1996));
#1998= IFCPOLYLOOP((#1489,#1425,#1490));
#1999= IFCFACEOUTERBOUND(#1998,.F.);
#2000= IFCFACE((#1999));
#2001= IFCPOLYLOOP((#1430,#1491,#1429));
#2002= IFCFACEOUTERBOUND(#2001,.F.);
#2003= IFCFACE((#2002));
#2004= IFCPOLYLOOP((#1491,#1430,#1480));
#2005= IFCFACEOUTERBOUND(#2004,.F.);
#2006= IFCFACE((#2005));
#2007= IFCPOLYLOOP((#1429,#1491,#1485));
#2008= IFCFACEOUTERBOUND(#2007,.F.);
#2009= IFCFACE((#2008));
#2010= IFCPOLYLOOP((#1429,#1485,#1417));
#2011= IFCFACEOUTERBOUND(#2010,.F.);
#2012= IFCFACE((#2011));
#2013= IFCPOLYLOOP((#1417,#1485,#1423));
#2014= IFCFACEOUTERBOUND(#2013,.F.);
#2015= IFCFACE((#2014));
#2016= IFCPOLYLOOP((#1429,#1417,#1416));
#2017= IFCFACEOUTERBOUND(#2016,.F.);
#2018= IFCFACE((#2017));
#2019= IFCPOLYLOOP((#1429,#1416,#1492));
#2020= IFCFACEOUTERBOUND(#2019,.F.);
#2021= IFCFACE((#2020));
#2022= IFCPOLYLOOP((#1492,#1416,#1486));
#2023= IFCFACEOUTERBOUND(#2022,.F.);
#2024= IFCFACE((#2023));
#2025= IFCPOLYLOOP((#1429,#1492,#1490));
#2026= IFCFACEOUTERBOUND(#2025,.F.);
#2027= IFCFACE((#2026));
#2028= IFCPOLYLOOP((#1429,#1490,#1425));
#2029= IFCFACEOUTERBOUND(#2028,.F.);
#2030= IFCFACE((#2029));
#2031= IFCPOLYLOOP((#1488,#1493,#1494));
#2032= IFCFACEOUTERBOUND(#2031,.F.);
#2033= IFCFACE((#2032));
#2034= IFCPOLYLOOP((#1493,#1488,#1489));
#2035= IFCFACEOUTERBOUND(#2034,.F.);
#2036= IFCFACE((#2035));
#2037= IFCPOLYLOOP((#1426,#1474,#1427));
#2038= IFCFACEOUTERBOUND(#2037,.F.);
#2039= IFCFACE((#2038));
#2040= IFCPOLYLOOP((#1474,#1426,#1475));
#2041= IFCFACEOUTERBOUND(#2040,.F.);
#2042= IFCFACE((#2041));
#2043= IFCPOLYLOOP((#1483,#1495,#1496));
#2044= IFCFACEOUTERBOUND(#2043,.F.);
#2045= IFCFACE((#2044));
#2046= IFCPOLYLOOP((#1495,#1483,#1484));
#2047= IFCFACEOUTERBOUND(#2046,.F.);
#2048= IFCFACE((#2047));
#2049= IFCPOLYLOOP((#1428,#1497,#1498));
#2050= IFCFACEOUTERBOUND(#2049,.F.);
#2051= IFCFACE((#2050));
#2052= IFCPOLYLOOP((#1497,#1428,#1431));
#2053= IFCFACEOUTERBOUND(#2052,.F.);
#2054= IFCFACE((#2053));
#2055= IFCPOLYLOOP((#1498,#1497,#1478));
#2056= IFCFACEOUTERBOUND(#2055,.F.);
#2057= IFCFACE((#2056));
#2058= IFCPOLYLOOP((#1497,#1431,#1499));
#2059= IFCFACEOUTERBOUND(#2058,.F.);
#2060= IFCFACE((#2059));
#2061= IFCPOLYLOOP((#1499,#1431,#1446));
#2062= IFCFACEOUTERBOUND(#2061,.F.);
#2063= IFCFACE((#2062));
#2064= IFCPOLYLOOP((#1499,#1446,#1500));
#2065= IFCFACEOUTERBOUND(#2064,.F.);
#2066= IFCFACE((#2065));
#2067= IFCPOLYLOOP((#1500,#1446,#1501));
#2068= IFCFACEOUTERBOUND(#2067,.F.);
#2069= IFCFACE((#2068));
#2070= IFCPOLYLOOP((#1501,#1446,#1502));
#2071= IFCFACEOUTERBOUND(#2070,.F.);
#2072= IFCFACE((#2071));
#2073= IFCPOLYLOOP((#1446,#1431,#1447));
#2074= IFCFACEOUTERBOUND(#2073,.F.);
#2075= IFCFACE((#2074));
#2076= IFCPOLYLOOP((#1447,#1431,#1503));
#2077= IFCFACEOUTERBOUND(#2076,.F.);
#2078= IFCFACE((#2077));
#2079= IFCPOLYLOOP((#1447,#1503,#1442));
#2080= IFCFACEOUTERBOUND(#2079,.F.);
#2081= IFCFACE((#2080));
#2082= IFCPOLYLOOP((#1442,#1503,#1473));
#2083= IFCFACEOUTERBOUND(#2082,.F.);
#2084= IFCFACE((#2083));
#2085= IFCPOLYLOOP((#1473,#1503,#1469));
#2086= IFCFACEOUTERBOUND(#2085,.F.);
#2087= IFCFACE((#2086));
#2088= IFCPOLYLOOP((#1503,#1431,#1504));
#2089= IFCFACEOUTERBOUND(#2088,.F.);
#2090= IFCFACE((#2089));
#2091= IFCPOLYLOOP((#1504,#1431,#1505));
#2092= IFCFACEOUTERBOUND(#2091,.F.);
#2093= IFCFACE((#2092));
#2094= IFCPOLYLOOP((#1505,#1431,#1506));
#2095= IFCFACEOUTERBOUND(#2094,.F.);
#2096= IFCFACE((#2095));
#2097= IFCPOLYLOOP((#1506,#1431,#1507));
#2098= IFCFACEOUTERBOUND(#2097,.F.);
#2099= IFCFACE((#2098));
#2100= IFCPOLYLOOP((#1478,#1508,#1479));
#2101= IFCFACEOUTERBOUND(#2100,.F.);
#2102= IFCFACE((#2101));
#2103= IFCPOLYLOOP((#1508,#1478,#1497));
#2104= IFCFACEOUTERBOUND(#2103,.F.);
#2105= IFCFACE((#2104));
#2106= IFCPOLYLOOP((#1479,#1508,#1502));
#2107= IFCFACEOUTERBOUND(#2106,.F.);
#2108= IFCFACE((#2107));
#2109= IFCPOLYLOOP((#1479,#1502,#1468));
#2110= IFCFACEOUTERBOUND(#2109,.F.);
#2111= IFCFACE((#2110));
#2112= IFCPOLYLOOP((#1468,#1502,#1446));
#2113= IFCFACEOUTERBOUND(#2112,.F.);
#2114= IFCFACE((#2113));
#2115= IFCPOLYLOOP((#1479,#1468,#1469));
#2116= IFCFACEOUTERBOUND(#2115,.F.);
#2117= IFCFACE((#2116));
#2118= IFCPOLYLOOP((#1479,#1469,#1509));
#2119= IFCFACEOUTERBOUND(#2118,.F.);
#2120= IFCFACE((#2119));
#2121= IFCPOLYLOOP((#1509,#1469,#1503));
#2122= IFCFACEOUTERBOUND(#2121,.F.);
#2123= IFCFACE((#2122));
#2124= IFCPOLYLOOP((#1479,#1509,#1507));
#2125= IFCFACEOUTERBOUND(#2124,.F.);
#2126= IFCFACE((#2125));
#2127= IFCPOLYLOOP((#1479,#1507,#1431));
#2128= IFCFACEOUTERBOUND(#2127,.F.);
#2129= IFCFACE((#2128));
#2130= IFCPOLYLOOP((#1505,#1510,#1511));
#2131= IFCFACEOUTERBOUND(#2130,.F.);
#2132= IFCFACE((#2131));
#2133= IFCPOLYLOOP((#1510,#1505,#1506));
#2134= IFCFACEOUTERBOUND(#2133,.F.);
#2135= IFCFACE((#2134));
#2136= IFCPOLYLOOP((#1442,#1472,#1441));
#2137= IFCFACEOUTERBOUND(#2136,.F.);
#2138= IFCFACE((#2137));
#2139= IFCPOLYLOOP((#1472,#1442,#1473));
#2140= IFCFACEOUTERBOUND(#2139,.F.);
#2141= IFCFACE((#2140));
#2142= IFCPOLYLOOP((#1500,#1512,#1513));
#2143= IFCFACEOUTERBOUND(#2142,.F.);
#2144= IFCFACE((#2143));
#2145= IFCPOLYLOOP((#1512,#1500,#1501));
#2146= IFCFACEOUTERBOUND(#2145,.F.);
#2147= IFCFACE((#2146));
#2148= IFCPOLYLOOP((#1479,#1443,#1478));
#2149= IFCFACEOUTERBOUND(#2148,.F.);
#2150= IFCFACE((#2149));
#2151= IFCPOLYLOOP((#1443,#1479,#1444));
#2152= IFCFACEOUTERBOUND(#2151,.F.);
#2153= IFCFACE((#2152));
#2154= IFCPOLYLOOP((#1392,#1431,#1428));
#2155= IFCFACEOUTERBOUND(#2154,.F.);
#2156= IFCFACE((#2155));
#2157= IFCPOLYLOOP((#1431,#1392,#1445));
#2158= IFCFACEOUTERBOUND(#2157,.F.);
#2159= IFCFACE((#2158));
#2160= IFCPOLYLOOP((#1475,#1398,#1403));
#2161= IFCFACEOUTERBOUND(#2160,.F.);
#2162= IFCFACE((#2161));
#2163= IFCPOLYLOOP((#1398,#1475,#1474));
#2164= IFCFACEOUTERBOUND(#2163,.F.);
#2165= IFCFACE((#2164));
#2166= IFCPOLYLOOP((#1478,#1481,#1498));
#2167= IFCFACEOUTERBOUND(#2166,.F.);
#2168= IFCFACE((#2167));
#2169= IFCPOLYLOOP((#1481,#1478,#1424));
#2170= IFCFACEOUTERBOUND(#2169,.F.);
#2171= IFCFACE((#2170));
#2172= IFCPOLYLOOP((#1514,#1515,#1516));
#2173= IFCFACEOUTERBOUND(#2172,.F.);
#2174= IFCFACE((#2173));
#2175= IFCPOLYLOOP((#1515,#1514,#1517));
#2176= IFCFACEOUTERBOUND(#2175,.F.);
#2177= IFCFACE((#2176));
#2178= IFCPOLYLOOP((#1515,#1517,#1518));
#2179= IFCFACEOUTERBOUND(#2178,.F.);
#2180= IFCFACE((#2179));
#2181= IFCPOLYLOOP((#1518,#1517,#1519));
#2182= IFCFACEOUTERBOUND(#2181,.F.);
#2183= IFCFACE((#2182));
#2184= IFCPOLYLOOP((#1516,#1520,#1521));
#2185= IFCFACEOUTERBOUND(#2184,.F.);
#2186= IFCFACE((#2185));
#2187= IFCPOLYLOOP((#1520,#1516,#1515));
#2188= IFCFACEOUTERBOUND(#2187,.F.);
#2189= IFCFACE((#2188));
#2190= IFCPOLYLOOP((#1521,#1520,#1519));
#2191= IFCFACEOUTERBOUND(#2190,.F.);
#2192= IFCFACE((#2191));
#2193= IFCPOLYLOOP((#1521,#1519,#1517));
#2194= IFCFACEOUTERBOUND(#2193,.F.);
#2195= IFCFACE((#2194));
#2196= IFCPOLYLOOP((#1521,#1495,#1516));
#2197= IFCFACEOUTERBOUND(#2196,.F.);
#2198= IFCFACE((#2197));
#2199= IFCPOLYLOOP((#1495,#1521,#1484));
#2200= IFCFACEOUTERBOUND(#2199,.F.);
#2201= IFCFACE((#2200));
#2202= IFCPOLYLOOP((#1491,#1517,#1514));
#2203= IFCFACEOUTERBOUND(#2202,.F.);
#2204= IFCFACE((#2203));
#2205= IFCPOLYLOOP((#1517,#1491,#1485));
#2206= IFCFACEOUTERBOUND(#2205,.F.);
#2207= IFCFACE((#2206));
#2208= IFCPOLYLOOP((#1522,#1523,#1524));
#2209= IFCFACEOUTERBOUND(#2208,.F.);
#2210= IFCFACE((#2209));
#2211= IFCPOLYLOOP((#1523,#1522,#1525));
#2212= IFCFACEOUTERBOUND(#2211,.F.);
#2213= IFCFACE((#2212));
#2214= IFCPOLYLOOP((#1522,#1526,#1524));
#2215= IFCFACEOUTERBOUND(#2214,.F.);
#2216= IFCFACE((#2215));
#2217= IFCPOLYLOOP((#1526,#1522,#1527));
#2218= IFCFACEOUTERBOUND(#2217,.F.);
#2219= IFCFACE((#2218));
#2220= IFCPOLYLOOP((#1528,#1525,#1523));
#2221= IFCFACEOUTERBOUND(#2220,.F.);
#2222= IFCFACE((#2221));
#2223= IFCPOLYLOOP((#1525,#1528,#1529));
#2224= IFCFACEOUTERBOUND(#2223,.F.);
#2225= IFCFACE((#2224));
#2226= IFCPOLYLOOP((#1485,#1497,#1491));
#2227= IFCFACEOUTERBOUND(#2226,.F.);
#2228= IFCFACE((#2227));
#2229= IFCPOLYLOOP((#1497,#1485,#1499));
#2230= IFCFACEOUTERBOUND(#2229,.F.);
#2231= IFCFACE((#2230));
#2232= IFCPOLYLOOP((#1513,#1484,#1495));
#2233= IFCFACEOUTERBOUND(#2232,.F.);
#2234= IFCFACE((#2233));
#2235= IFCPOLYLOOP((#1484,#1513,#1500));
#2236= IFCFACEOUTERBOUND(#2235,.F.);
#2237= IFCFACE((#2236));
#2238= IFCPOLYLOOP((#1527,#1528,#1526));
#2239= IFCFACEOUTERBOUND(#2238,.F.);
#2240= IFCFACE((#2239));
#2241= IFCPOLYLOOP((#1528,#1527,#1529));
#2242= IFCFACEOUTERBOUND(#2241,.F.);
#2243= IFCFACE((#2242));
#2244= IFCPOLYLOOP((#1519,#1524,#1520));
#2245= IFCFACEOUTERBOUND(#2244,.F.);
#2246= IFCFACE((#2245));
#2247= IFCPOLYLOOP((#1524,#1519,#1522));
#2248= IFCFACEOUTERBOUND(#2247,.F.);
#2249= IFCFACE((#2248));
#2250= IFCPOLYLOOP((#1523,#1518,#1515));
#2251= IFCFACEOUTERBOUND(#2250,.F.);
#2252= IFCFACE((#2251));
#2253= IFCPOLYLOOP((#1518,#1523,#1525));
#2254= IFCFACEOUTERBOUND(#2253,.F.);
#2255= IFCFACE((#2254));
#2256= IFCPOLYLOOP((#1530,#1531,#1532));
#2257= IFCFACEOUTERBOUND(#2256,.F.);
#2258= IFCFACE((#2257));
#2259= IFCPOLYLOOP((#1531,#1530,#1533));
#2260= IFCFACEOUTERBOUND(#2259,.F.);
#2261= IFCFACE((#2260));
#2262= IFCPOLYLOOP((#1531,#1533,#1534));
#2263= IFCFACEOUTERBOUND(#2262,.F.);
#2264= IFCFACE((#2263));
#2265= IFCPOLYLOOP((#1534,#1533,#1535));
#2266= IFCFACEOUTERBOUND(#2265,.F.);
#2267= IFCFACE((#2266));
#2268= IFCPOLYLOOP((#1532,#1536,#1537));
#2269= IFCFACEOUTERBOUND(#2268,.F.);
#2270= IFCFACE((#2269));
#2271= IFCPOLYLOOP((#1536,#1532,#1531));
#2272= IFCFACEOUTERBOUND(#2271,.F.);
#2273= IFCFACE((#2272));
#2274= IFCPOLYLOOP((#1537,#1536,#1535));
#2275= IFCFACEOUTERBOUND(#2274,.F.);
#2276= IFCFACE((#2275));
#2277= IFCPOLYLOOP((#1537,#1535,#1533));
#2278= IFCFACEOUTERBOUND(#2277,.F.);
#2279= IFCFACE((#2278));
#2280= IFCPOLYLOOP((#1532,#1500,#1513));
#2281= IFCFACEOUTERBOUND(#2280,.F.);
#2282= IFCFACE((#2281));
#2283= IFCPOLYLOOP((#1500,#1532,#1537));
#2284= IFCFACEOUTERBOUND(#2283,.F.);
#2285= IFCFACE((#2284));
#2286= IFCPOLYLOOP((#1499,#1530,#1497));
#2287= IFCFACEOUTERBOUND(#2286,.F.);
#2288= IFCFACE((#2287));
#2289= IFCPOLYLOOP((#1530,#1499,#1533));
#2290= IFCFACEOUTERBOUND(#2289,.F.);
#2291= IFCFACE((#2290));
#2292= IFCPOLYLOOP((#1531,#1529,#1528));
#2293= IFCFACEOUTERBOUND(#2292,.F.);
#2294= IFCFACE((#2293));
#2295= IFCPOLYLOOP((#1529,#1531,#1534));
#2296= IFCFACEOUTERBOUND(#2295,.F.);
#2297= IFCFACE((#2296));
#2298= IFCPOLYLOOP((#1527,#1536,#1526));
#2299= IFCFACEOUTERBOUND(#2298,.F.);
#2300= IFCFACE((#2299));
#2301= IFCPOLYLOOP((#1536,#1527,#1535));
#2302= IFCFACEOUTERBOUND(#2301,.F.);
#2303= IFCFACE((#2302));
#2304= IFCPOLYLOOP((#1516,#1491,#1514));
#2305= IFCFACEOUTERBOUND(#2304,.F.);
#2306= IFCFACE((#2305));
#2307= IFCPOLYLOOP((#1491,#1516,#1495));
#2308= IFCFACEOUTERBOUND(#2307,.F.);
#2309= IFCFACE((#2308));
#2310= IFCPOLYLOOP((#1524,#1528,#1523));
#2311= IFCFACEOUTERBOUND(#2310,.F.);
#2312= IFCFACE((#2311));
#2313= IFCPOLYLOOP((#1528,#1524,#1526));
#2314= IFCFACEOUTERBOUND(#2313,.F.);
#2315= IFCFACE((#2314));
#2316= IFCPOLYLOOP((#1513,#1491,#1497));
#2317= IFCFACEOUTERBOUND(#2316,.F.);
#2318= IFCFACE((#2317));
#2319= IFCPOLYLOOP((#1491,#1513,#1495));
#2320= IFCFACEOUTERBOUND(#2319,.F.);
#2321= IFCFACE((#2320));
#2322= IFCPOLYLOOP((#1520,#1523,#1515));
#2323= IFCFACEOUTERBOUND(#2322,.F.);
#2324= IFCFACE((#2323));
#2325= IFCPOLYLOOP((#1523,#1520,#1524));
#2326= IFCFACEOUTERBOUND(#2325,.F.);
#2327= IFCFACE((#2326));
#2328= IFCPOLYLOOP((#1532,#1497,#1530));
#2329= IFCFACEOUTERBOUND(#2328,.F.);
#2330= IFCFACE((#2329));
#2331= IFCPOLYLOOP((#1497,#1532,#1513));
#2332= IFCFACEOUTERBOUND(#2331,.F.);
#2333= IFCFACE((#2332));
#2334= IFCPOLYLOOP((#1526,#1531,#1528));
#2335= IFCFACEOUTERBOUND(#2334,.F.);
#2336= IFCFACE((#2335));
#2337= IFCPOLYLOOP((#1531,#1526,#1536));
#2338= IFCFACEOUTERBOUND(#2337,.F.);
#2339= IFCFACE((#2338));
#2340= IFCPOLYLOOP((#1498,#1430,#1428));
#2341= IFCFACEOUTERBOUND(#2340,.F.);
#2342= IFCFACE((#2341));
#2343= IFCPOLYLOOP((#1430,#1498,#1481));
#2344= IFCFACEOUTERBOUND(#2343,.F.);
#2345= IFCFACE((#2344));
#2346= IFCPOLYLOOP((#1484,#1517,#1485));
#2347= IFCFACEOUTERBOUND(#2346,.F.);
#2348= IFCFACE((#2347));
#2349= IFCPOLYLOOP((#1517,#1484,#1521));
#2350= IFCFACEOUTERBOUND(#2349,.F.);
#2351= IFCFACE((#2350));
#2352= IFCPOLYLOOP((#1434,#1446,#1432));
#2353= IFCFACEOUTERBOUND(#2352,.F.);
#2354= IFCFACE((#2353));
#2355= IFCPOLYLOOP((#1446,#1434,#1441));
#2356= IFCFACEOUTERBOUND(#2355,.F.);
#2357= IFCFACE((#2356));
#2358= IFCPOLYLOOP((#1455,#1433,#1449));
#2359= IFCFACEOUTERBOUND(#2358,.F.);
#2360= IFCFACE((#2359));
#2361= IFCPOLYLOOP((#1433,#1455,#1438));
#2362= IFCFACEOUTERBOUND(#2361,.F.);
#2363= IFCFACE((#2362));
#2364= IFCPOLYLOOP((#1452,#1449,#1451));
#2365= IFCFACEOUTERBOUND(#2364,.F.);
#2366= IFCFACE((#2365));
#2367= IFCPOLYLOOP((#1449,#1452,#1455));
#2368= IFCFACEOUTERBOUND(#2367,.F.);
#2369= IFCFACE((#2368));
#2370= IFCPOLYLOOP((#1474,#1446,#1417));
#2371= IFCFACEOUTERBOUND(#2370,.F.);
#2372= IFCFACE((#2371));
#2373= IFCPOLYLOOP((#1446,#1474,#1441));
#2374= IFCFACEOUTERBOUND(#2373,.F.);
#2375= IFCFACE((#2374));
#2376= IFCPOLYLOOP((#1402,#1451,#1397));
#2377= IFCFACEOUTERBOUND(#2376,.F.);
#2378= IFCFACE((#2377));
#2379= IFCPOLYLOOP((#1451,#1402,#1452));
#2380= IFCFACEOUTERBOUND(#2379,.F.);
#2381= IFCFACE((#2380));
#2382= IFCPOLYLOOP((#1527,#1525,#1529));
#2383= IFCFACEOUTERBOUND(#2382,.F.);
#2384= IFCFACE((#2383));
#2385= IFCPOLYLOOP((#1525,#1527,#1522));
#2386= IFCFACEOUTERBOUND(#2385,.F.);
#2387= IFCFACE((#2386));
#2388= IFCPOLYLOOP((#1484,#1499,#1485));
#2389= IFCFACEOUTERBOUND(#2388,.F.);
#2390= IFCFACE((#2389));
#2391= IFCPOLYLOOP((#1499,#1484,#1500));
#2392= IFCFACEOUTERBOUND(#2391,.F.);
#2393= IFCFACE((#2392));
#2394= IFCPOLYLOOP((#1522,#1518,#1525));
#2395= IFCFACEOUTERBOUND(#2394,.F.);
#2396= IFCFACE((#2395));
#2397= IFCPOLYLOOP((#1518,#1522,#1519));
#2398= IFCFACEOUTERBOUND(#2397,.F.);
#2399= IFCFACE((#2398));
#2400= IFCPOLYLOOP((#1500,#1533,#1499));
#2401= IFCFACEOUTERBOUND(#2400,.F.);
#2402= IFCFACE((#2401));
#2403= IFCPOLYLOOP((#1533,#1500,#1537));
#2404= IFCFACEOUTERBOUND(#2403,.F.);
#2405= IFCFACE((#2404));
#2406= IFCPOLYLOOP((#1535,#1529,#1534));
#2407= IFCFACEOUTERBOUND(#2406,.F.);
#2408= IFCFACE((#2407));
#2409= IFCPOLYLOOP((#1529,#1535,#1527));
#2410= IFCFACEOUTERBOUND(#2409,.F.);
#2411= IFCFACE((#2410));
#2412= IFCPOLYLOOP((#1474,#1396,#1417));
#2413= IFCFACEOUTERBOUND(#2412,.F.);
#2414= IFCFACE((#2413));
#2415= IFCPOLYLOOP((#1396,#1474,#1398));
#2416= IFCFACEOUTERBOUND(#2415,.F.);
#2417= IFCFACE((#2416));
#2418= IFCPOLYLOOP((#1538,#1539,#1540));
#2419= IFCFACEOUTERBOUND(#2418,.F.);
#2420= IFCFACE((#2419));
#2421= IFCPOLYLOOP((#1539,#1538,#1541));
#2422= IFCFACEOUTERBOUND(#2421,.F.);
#2423= IFCFACE((#2422));
#2424= IFCPOLYLOOP((#1539,#1541,#1542));
#2425= IFCFACEOUTERBOUND(#2424,.F.);
#2426= IFCFACE((#2425));
#2427= IFCPOLYLOOP((#1542,#1541,#1543));
#2428= IFCFACEOUTERBOUND(#2427,.F.);
#2429= IFCFACE((#2428));
#2430= IFCPOLYLOOP((#1540,#1544,#1545));
#2431= IFCFACEOUTERBOUND(#2430,.F.);
#2432= IFCFACE((#2431));
#2433= IFCPOLYLOOP((#1544,#1540,#1539));
#2434= IFCFACEOUTERBOUND(#2433,.F.);
#2435= IFCFACE((#2434));
#2436= IFCPOLYLOOP((#1545,#1544,#1543));
#2437= IFCFACEOUTERBOUND(#2436,.F.);
#2438= IFCFACE((#2437));
#2439= IFCPOLYLOOP((#1545,#1543,#1541));
#2440= IFCFACEOUTERBOUND(#2439,.F.);
#2441= IFCFACE((#2440));
#2442= IFCPOLYLOOP((#1546,#1547,#1548));
#2443= IFCFACEOUTERBOUND(#2442,.F.);
#2444= IFCFACE((#2443));
#2445= IFCPOLYLOOP((#1547,#1546,#1549));
#2446= IFCFACEOUTERBOUND(#2445,.F.);
#2447= IFCFACE((#2446));
#2448= IFCPOLYLOOP((#1545,#1480,#1540));
#2449= IFCFACEOUTERBOUND(#2448,.F.);
#2450= IFCFACE((#2449));
#2451= IFCPOLYLOOP((#1480,#1545,#1482));
#2452= IFCFACEOUTERBOUND(#2451,.F.);
#2453= IFCFACE((#2452));
#2454= IFCPOLYLOOP((#1541,#1496,#1538));
#2455= IFCFACEOUTERBOUND(#2454,.F.);
#2456= IFCFACE((#2455));
#2457= IFCPOLYLOOP((#1496,#1541,#1483));
#2458= IFCFACEOUTERBOUND(#2457,.F.);
#2459= IFCFACE((#2458));
#2460= IFCPOLYLOOP((#1550,#1551,#1552));
#2461= IFCFACEOUTERBOUND(#2460,.F.);
#2462= IFCFACE((#2461));
#2463= IFCPOLYLOOP((#1551,#1550,#1553));
#2464= IFCFACEOUTERBOUND(#2463,.F.);
#2465= IFCFACE((#2464));
#2466= IFCPOLYLOOP((#1551,#1553,#1554));
#2467= IFCFACEOUTERBOUND(#2466,.F.);
#2468= IFCFACE((#2467));
#2469= IFCPOLYLOOP((#1554,#1553,#1555));
#2470= IFCFACEOUTERBOUND(#2469,.F.);
#2471= IFCFACE((#2470));
#2472= IFCPOLYLOOP((#1552,#1556,#1557));
#2473= IFCFACEOUTERBOUND(#2472,.F.);
#2474= IFCFACE((#2473));
#2475= IFCPOLYLOOP((#1556,#1552,#1551));
#2476= IFCFACEOUTERBOUND(#2475,.F.);
#2477= IFCFACE((#2476));
#2478= IFCPOLYLOOP((#1557,#1556,#1555));
#2479= IFCFACEOUTERBOUND(#2478,.F.);
#2480= IFCFACE((#2479));
#2481= IFCPOLYLOOP((#1557,#1555,#1553));
#2482= IFCFACEOUTERBOUND(#2481,.F.);
#2483= IFCFACE((#2482));
#2484= IFCPOLYLOOP((#1558,#1559,#1560));
#2485= IFCFACEOUTERBOUND(#2484,.F.);
#2486= IFCFACE((#2485));
#2487= IFCPOLYLOOP((#1559,#1558,#1561));
#2488= IFCFACEOUTERBOUND(#2487,.F.);
#2489= IFCFACE((#2488));
#2490= IFCPOLYLOOP((#1552,#1502,#1508));
#2491= IFCFACEOUTERBOUND(#2490,.F.);
#2492= IFCFACE((#2491));
#2493= IFCPOLYLOOP((#1502,#1552,#1557));
#2494= IFCFACEOUTERBOUND(#2493,.F.);
#2495= IFCFACE((#2494));
#2496= IFCPOLYLOOP((#1508,#1482,#1480));
#2497= IFCFACEOUTERBOUND(#2496,.F.);
#2498= IFCFACE((#2497));
#2499= IFCPOLYLOOP((#1482,#1508,#1502));
#2500= IFCFACEOUTERBOUND(#2499,.F.);
#2501= IFCFACE((#2500));
#2502= IFCPOLYLOOP((#1548,#1562,#1563));
#2503= IFCFACEOUTERBOUND(#2502,.F.);
#2504= IFCFACE((#2503));
#2505= IFCPOLYLOOP((#1562,#1548,#1547));
#2506= IFCFACEOUTERBOUND(#2505,.F.);
#2507= IFCFACE((#2506));
#2508= IFCPOLYLOOP((#1558,#1563,#1560));
#2509= IFCFACEOUTERBOUND(#2508,.F.);
#2510= IFCFACE((#2509));
#2511= IFCPOLYLOOP((#1563,#1558,#1562));
#2512= IFCFACEOUTERBOUND(#2511,.F.);
#2513= IFCFACE((#2512));
#2514= IFCPOLYLOOP((#1501,#1550,#1512));
#2515= IFCFACEOUTERBOUND(#2514,.F.);
#2516= IFCFACE((#2515));
#2517= IFCPOLYLOOP((#1550,#1501,#1553));
#2518= IFCFACEOUTERBOUND(#2517,.F.);
#2519= IFCFACE((#2518));
#2520= IFCPOLYLOOP((#1543,#1560,#1544));
#2521= IFCFACEOUTERBOUND(#2520,.F.);
#2522= IFCFACE((#2521));
#2523= IFCPOLYLOOP((#1560,#1543,#1558));
#2524= IFCFACEOUTERBOUND(#2523,.F.);
#2525= IFCFACE((#2524));
#2526= IFCPOLYLOOP((#1551,#1549,#1546));
#2527= IFCFACEOUTERBOUND(#2526,.F.);
#2528= IFCFACE((#2527));
#2529= IFCPOLYLOOP((#1549,#1551,#1554));
#2530= IFCFACEOUTERBOUND(#2529,.F.);
#2531= IFCFACE((#2530));
#2532= IFCPOLYLOOP((#1563,#1542,#1539));
#2533= IFCFACEOUTERBOUND(#2532,.F.);
#2534= IFCFACE((#2533));
#2535= IFCPOLYLOOP((#1542,#1563,#1562));
#2536= IFCFACEOUTERBOUND(#2535,.F.);
#2537= IFCFACE((#2536));
#2538= IFCPOLYLOOP((#1564,#1556,#1565));
#2539= IFCFACEOUTERBOUND(#2538,.F.);
#2540= IFCFACE((#2539));
#2541= IFCPOLYLOOP((#1556,#1564,#1555));
#2542= IFCFACEOUTERBOUND(#2541,.F.);
#2543= IFCFACE((#2542));
#2544= IFCPOLYLOOP((#1483,#1512,#1496));
#2545= IFCFACEOUTERBOUND(#2544,.F.);
#2546= IFCFACE((#2545));
#2547= IFCPOLYLOOP((#1512,#1483,#1501));
#2548= IFCFACEOUTERBOUND(#2547,.F.);
#2549= IFCFACE((#2548));
#2550= IFCPOLYLOOP((#1561,#1548,#1559));
#2551= IFCFACEOUTERBOUND(#2550,.F.);
#2552= IFCFACE((#2551));
#2553= IFCPOLYLOOP((#1548,#1561,#1547));
#2554= IFCFACEOUTERBOUND(#2553,.F.);
#2555= IFCFACE((#2554));
#2556= IFCPOLYLOOP((#1561,#1565,#1559));
#2557= IFCFACEOUTERBOUND(#2556,.F.);
#2558= IFCFACE((#2557));
#2559= IFCPOLYLOOP((#1565,#1561,#1564));
#2560= IFCFACEOUTERBOUND(#2559,.F.);
#2561= IFCFACE((#2560));
#2562= IFCPOLYLOOP((#1412,#1478,#1443));
#2563= IFCFACEOUTERBOUND(#2562,.F.);
#2564= IFCFACE((#2563));
#2565= IFCPOLYLOOP((#1478,#1412,#1424));
#2566= IFCFACEOUTERBOUND(#2565,.F.);
#2567= IFCFACE((#2566));
#2568= IFCPOLYLOOP((#1424,#1412,#1418));
#2569= IFCFACEOUTERBOUND(#2568,.F.);
#2570= IFCFACE((#2569));
#2571= IFCPOLYLOOP((#1418,#1412,#1414));
#2572= IFCFACEOUTERBOUND(#2571,.F.);
#2573= IFCFACE((#2572));
#2574= IFCPOLYLOOP((#1559,#1546,#1548));
#2575= IFCFACEOUTERBOUND(#2574,.F.);
#2576= IFCFACE((#2575));
#2577= IFCPOLYLOOP((#1546,#1559,#1565));
#2578= IFCFACEOUTERBOUND(#2577,.F.);
#2579= IFCFACE((#2578));
#2580= IFCPOLYLOOP((#1480,#1538,#1496));
#2581= IFCFACEOUTERBOUND(#2580,.F.);
#2582= IFCFACE((#2581));
#2583= IFCPOLYLOOP((#1538,#1480,#1540));
#2584= IFCFACEOUTERBOUND(#2583,.F.);
#2585= IFCFACE((#2584));
#2586= IFCPOLYLOOP((#1560,#1548,#1563));
#2587= IFCFACEOUTERBOUND(#2586,.F.);
#2588= IFCFACE((#2587));
#2589= IFCPOLYLOOP((#1548,#1560,#1559));
#2590= IFCFACEOUTERBOUND(#2589,.F.);
#2591= IFCFACE((#2590));
#2592= IFCPOLYLOOP((#1552,#1512,#1550));
#2593= IFCFACEOUTERBOUND(#2592,.F.);
#2594= IFCFACE((#2593));
#2595= IFCPOLYLOOP((#1512,#1552,#1508));
#2596= IFCFACEOUTERBOUND(#2595,.F.);
#2597= IFCFACE((#2596));
#2598= IFCPOLYLOOP((#1544,#1563,#1539));
#2599= IFCFACEOUTERBOUND(#2598,.F.);
#2600= IFCFACE((#2599));
#2601= IFCPOLYLOOP((#1563,#1544,#1560));
#2602= IFCFACEOUTERBOUND(#2601,.F.);
#2603= IFCFACE((#2602));
#2604= IFCPOLYLOOP((#1565,#1551,#1546));
#2605= IFCFACEOUTERBOUND(#2604,.F.);
#2606= IFCFACE((#2605));
#2607= IFCPOLYLOOP((#1551,#1565,#1556));
#2608= IFCFACEOUTERBOUND(#2607,.F.);
#2609= IFCFACE((#2608));
#2610= IFCPOLYLOOP((#1508,#1496,#1512));
#2611= IFCFACEOUTERBOUND(#2610,.F.);
#2612= IFCFACE((#2611));
#2613= IFCPOLYLOOP((#1496,#1508,#1480));
#2614= IFCFACEOUTERBOUND(#2613,.F.);
#2615= IFCFACE((#2614));
#2616= IFCPOLYLOOP((#1423,#1404,#1427));
#2617= IFCFACEOUTERBOUND(#2616,.F.);
#2618= IFCFACE((#2617));
#2619= IFCPOLYLOOP((#1404,#1423,#1406));
#2620= IFCFACEOUTERBOUND(#2619,.F.);
#2621= IFCFACE((#2620));
#2622= IFCPOLYLOOP((#1482,#1541,#1483));
#2623= IFCFACEOUTERBOUND(#2622,.F.);
#2624= IFCFACE((#2623));
#2625= IFCPOLYLOOP((#1541,#1482,#1545));
#2626= IFCFACEOUTERBOUND(#2625,.F.);
#2627= IFCFACE((#2626));
#2628= IFCPOLYLOOP((#1458,#1472,#1456));
#2629= IFCFACEOUTERBOUND(#2628,.F.);
#2630= IFCFACE((#2629));
#2631= IFCPOLYLOOP((#1472,#1458,#1468));
#2632= IFCFACEOUTERBOUND(#2631,.F.);
#2633= IFCFACE((#2632));
#2634= IFCPOLYLOOP((#1466,#1476,#1465));
#2635= IFCFACEOUTERBOUND(#2634,.F.);
#2636= IFCFACE((#2635));
#2637= IFCPOLYLOOP((#1476,#1466,#1470));
#2638= IFCFACEOUTERBOUND(#2637,.F.);
#2639= IFCFACE((#2638));
#2640= IFCPOLYLOOP((#1423,#1472,#1427));
#2641= IFCFACEOUTERBOUND(#2640,.F.);
#2642= IFCFACE((#2641));
#2643= IFCPOLYLOOP((#1472,#1423,#1468));
#2644= IFCFACEOUTERBOUND(#2643,.F.);
#2645= IFCFACE((#2644));
#2646= IFCPOLYLOOP((#1470,#1457,#1476));
#2647= IFCFACEOUTERBOUND(#2646,.F.);
#2648= IFCFACE((#2647));
#2649= IFCPOLYLOOP((#1457,#1470,#1462));
#2650= IFCFACEOUTERBOUND(#2649,.F.);
#2651= IFCFACE((#2650));
#2652= IFCPOLYLOOP((#1561,#1562,#1547));
#2653= IFCFACEOUTERBOUND(#2652,.F.);
#2654= IFCFACE((#2653));
#2655= IFCPOLYLOOP((#1562,#1561,#1558));
#2656= IFCFACEOUTERBOUND(#2655,.F.);
#2657= IFCFACE((#2656));
#2658= IFCPOLYLOOP((#1410,#1465,#1405));
#2659= IFCFACEOUTERBOUND(#2658,.F.);
#2660= IFCFACE((#2659));
#2661= IFCPOLYLOOP((#1465,#1410,#1466));
#2662= IFCFACEOUTERBOUND(#2661,.F.);
#2663= IFCFACE((#2662));
#2664= IFCPOLYLOOP((#1502,#1553,#1501));
#2665= IFCFACEOUTERBOUND(#2664,.F.);
#2666= IFCFACE((#2665));
#2667= IFCPOLYLOOP((#1553,#1502,#1557));
#2668= IFCFACEOUTERBOUND(#2667,.F.);
#2669= IFCFACE((#2668));
#2670= IFCPOLYLOOP((#1482,#1501,#1483));
#2671= IFCFACEOUTERBOUND(#2670,.F.);
#2672= IFCFACE((#2671));
#2673= IFCPOLYLOOP((#1501,#1482,#1502));
#2674= IFCFACEOUTERBOUND(#2673,.F.);
#2675= IFCFACE((#2674));
#2676= IFCPOLYLOOP((#1558,#1542,#1562));
#2677= IFCFACEOUTERBOUND(#2676,.F.);
#2678= IFCFACE((#2677));
#2679= IFCPOLYLOOP((#1542,#1558,#1543));
#2680= IFCFACEOUTERBOUND(#2679,.F.);
#2681= IFCFACE((#2680));
#2682= IFCPOLYLOOP((#1555,#1549,#1554));
#2683= IFCFACEOUTERBOUND(#2682,.F.);
#2684= IFCFACE((#2683));
#2685= IFCPOLYLOOP((#1549,#1555,#1564));
#2686= IFCFACEOUTERBOUND(#2685,.F.);
#2687= IFCFACE((#2686));
#2688= IFCPOLYLOOP((#1564,#1547,#1549));
#2689= IFCFACEOUTERBOUND(#2688,.F.);
#2690= IFCFACE((#2689));
#2691= IFCPOLYLOOP((#1547,#1564,#1561));
#2692= IFCFACEOUTERBOUND(#2691,.F.);
#2693= IFCFACE((#2692));
#2694= IFCPOLYLOOP((#1425,#1420,#1429));
#2695= IFCFACEOUTERBOUND(#2694,.F.);
#2696= IFCFACE((#2695));
#2697= IFCPOLYLOOP((#1420,#1425,#1419));
#2698= IFCFACEOUTERBOUND(#2697,.F.);
#2699= IFCFACE((#2698));
#2700= IFCPOLYLOOP((#1413,#1440,#1421));
#2701= IFCFACEOUTERBOUND(#2700,.F.);
#2702= IFCFACE((#2701));
#2703= IFCPOLYLOOP((#1440,#1413,#1415));
#2704= IFCFACEOUTERBOUND(#2703,.F.);
#2705= IFCFACE((#2704));
#2706= IFCPOLYLOOP((#1479,#1429,#1431));
#2707= IFCFACEOUTERBOUND(#2706,.F.);
#2708= IFCFACE((#2707));
#2709= IFCPOLYLOOP((#1429,#1479,#1425));
#2710= IFCFACEOUTERBOUND(#2709,.F.);
#2711= IFCFACE((#2710));
#2712= IFCPOLYLOOP((#1444,#1431,#1445));
#2713= IFCFACEOUTERBOUND(#2712,.F.);
#2714= IFCFACE((#2713));
#2715= IFCPOLYLOOP((#1431,#1444,#1479));
#2716= IFCFACEOUTERBOUND(#2715,.F.);
#2717= IFCFACE((#2716));
#2718= IFCPOLYLOOP((#1442,#1435,#1447));
#2719= IFCFACEOUTERBOUND(#2718,.F.);
#2720= IFCFACE((#2719));
#2721= IFCPOLYLOOP((#1435,#1442,#1439));
#2722= IFCFACEOUTERBOUND(#2721,.F.);
#2723= IFCFACE((#2722));
#2724= IFCPOLYLOOP((#1437,#1448,#1436));
#2725= IFCFACEOUTERBOUND(#2724,.F.);
#2726= IFCFACE((#2725));
#2727= IFCPOLYLOOP((#1448,#1437,#1454));
#2728= IFCFACEOUTERBOUND(#2727,.F.);
#2729= IFCFACE((#2728));
#2730= IFCPOLYLOOP((#1454,#1453,#1448));
#2731= IFCFACEOUTERBOUND(#2730,.F.);
#2732= IFCFACE((#2731));
#2733= IFCPOLYLOOP((#1453,#1454,#1450));
#2734= IFCFACEOUTERBOUND(#2733,.F.);
#2735= IFCFACE((#2734));
#2736= IFCPOLYLOOP((#1475,#1447,#1416));
#2737= IFCFACEOUTERBOUND(#2736,.F.);
#2738= IFCFACE((#2737));
#2739= IFCPOLYLOOP((#1447,#1475,#1442));
#2740= IFCFACEOUTERBOUND(#2739,.F.);
#2741= IFCFACE((#2740));
#2742= IFCPOLYLOOP((#1450,#1400,#1453));
#2743= IFCFACEOUTERBOUND(#2742,.F.);
#2744= IFCFACE((#2743));
#2745= IFCPOLYLOOP((#1400,#1450,#1401));
#2746= IFCFACEOUTERBOUND(#2745,.F.);
#2747= IFCFACE((#2746));
#2748= IFCPOLYLOOP((#1475,#1399,#1416));
#2749= IFCFACEOUTERBOUND(#2748,.F.);
#2750= IFCFACE((#2749));
#2751= IFCPOLYLOOP((#1399,#1475,#1403));
#2752= IFCFACEOUTERBOUND(#2751,.F.);
#2753= IFCFACE((#2752));
#2754= IFCPOLYLOOP((#1566,#1567,#1568));
#2755= IFCFACEOUTERBOUND(#2754,.F.);
#2756= IFCFACE((#2755));
#2757= IFCPOLYLOOP((#1567,#1566,#1569));
#2758= IFCFACEOUTERBOUND(#2757,.F.);
#2759= IFCFACE((#2758));
#2760= IFCPOLYLOOP((#1567,#1569,#1570));
#2761= IFCFACEOUTERBOUND(#2760,.F.);
#2762= IFCFACE((#2761));
#2763= IFCPOLYLOOP((#1570,#1569,#1571));
#2764= IFCFACEOUTERBOUND(#2763,.F.);
#2765= IFCFACE((#2764));
#2766= IFCPOLYLOOP((#1568,#1572,#1573));
#2767= IFCFACEOUTERBOUND(#2766,.F.);
#2768= IFCFACE((#2767));
#2769= IFCPOLYLOOP((#1572,#1568,#1567));
#2770= IFCFACEOUTERBOUND(#2769,.F.);
#2771= IFCFACE((#2770));
#2772= IFCPOLYLOOP((#1573,#1572,#1571));
#2773= IFCFACEOUTERBOUND(#2772,.F.);
#2774= IFCFACE((#2773));
#2775= IFCPOLYLOOP((#1573,#1571,#1569));
#2776= IFCFACEOUTERBOUND(#2775,.F.);
#2777= IFCFACE((#2776));
#2778= IFCPOLYLOOP((#1574,#1575,#1576));
#2779= IFCFACEOUTERBOUND(#2778,.F.);
#2780= IFCFACE((#2779));
#2781= IFCPOLYLOOP((#1575,#1574,#1577));
#2782= IFCFACEOUTERBOUND(#2781,.F.);
#2783= IFCFACE((#2782));
#2784= IFCPOLYLOOP((#1575,#1577,#1578));
#2785= IFCFACEOUTERBOUND(#2784,.F.);
#2786= IFCFACE((#2785));
#2787= IFCPOLYLOOP((#1578,#1577,#1579));
#2788= IFCFACEOUTERBOUND(#2787,.F.);
#2789= IFCFACE((#2788));
#2790= IFCPOLYLOOP((#1576,#1580,#1581));
#2791= IFCFACEOUTERBOUND(#2790,.F.);
#2792= IFCFACE((#2791));
#2793= IFCPOLYLOOP((#1580,#1576,#1575));
#2794= IFCFACEOUTERBOUND(#2793,.F.);
#2795= IFCFACE((#2794));
#2796= IFCPOLYLOOP((#1581,#1580,#1579));
#2797= IFCFACEOUTERBOUND(#2796,.F.);
#2798= IFCFACE((#2797));
#2799= IFCPOLYLOOP((#1581,#1579,#1577));
#2800= IFCFACEOUTERBOUND(#2799,.F.);
#2801= IFCFACE((#2800));
#2802= IFCPOLYLOOP((#1568,#1503,#1566));
#2803= IFCFACEOUTERBOUND(#2802,.F.);
#2804= IFCFACE((#2803));
#2805= IFCPOLYLOOP((#1503,#1568,#1511));
#2806= IFCFACEOUTERBOUND(#2805,.F.);
#2807= IFCFACE((#2806));
#2808= IFCPOLYLOOP((#1505,#1569,#1504));
#2809= IFCFACEOUTERBOUND(#2808,.F.);
#2810= IFCFACE((#2809));
#2811= IFCPOLYLOOP((#1569,#1505,#1573));
#2812= IFCFACEOUTERBOUND(#2811,.F.);
#2813= IFCFACE((#2812));
#2814= IFCPOLYLOOP((#1571,#1582,#1570));
#2815= IFCFACEOUTERBOUND(#2814,.F.);
#2816= IFCFACE((#2815));
#2817= IFCPOLYLOOP((#1582,#1571,#1583));
#2818= IFCFACEOUTERBOUND(#2817,.F.);
#2819= IFCFACE((#2818));
#2820= IFCPOLYLOOP((#1584,#1567,#1585));
#2821= IFCFACEOUTERBOUND(#2820,.F.);
#2822= IFCFACE((#2821));
#2823= IFCPOLYLOOP((#1567,#1584,#1572));
#2824= IFCFACEOUTERBOUND(#2823,.F.);
#2825= IFCFACE((#2824));
#2826= IFCPOLYLOOP((#1583,#1585,#1584));
#2827= IFCFACEOUTERBOUND(#2826,.F.);
#2828= IFCFACE((#2827));
#2829= IFCPOLYLOOP((#1585,#1583,#1582));
#2830= IFCFACEOUTERBOUND(#2829,.F.);
#2831= IFCFACE((#2830));
#2832= IFCPOLYLOOP((#1586,#1587,#1588));
#2833= IFCFACEOUTERBOUND(#2832,.F.);
#2834= IFCFACE((#2833));
#2835= IFCPOLYLOOP((#1587,#1586,#1589));
#2836= IFCFACEOUTERBOUND(#2835,.F.);
#2837= IFCFACE((#2836));
#2838= IFCPOLYLOOP((#1583,#1589,#1582));
#2839= IFCFACEOUTERBOUND(#2838,.F.);
#2840= IFCFACE((#2839));
#2841= IFCPOLYLOOP((#1589,#1583,#1586));
#2842= IFCFACEOUTERBOUND(#2841,.F.);
#2843= IFCFACE((#2842));
#2844= IFCPOLYLOOP((#1588,#1585,#1587));
#2845= IFCFACEOUTERBOUND(#2844,.F.);
#2846= IFCFACE((#2845));
#2847= IFCPOLYLOOP((#1585,#1588,#1584));
#2848= IFCFACEOUTERBOUND(#2847,.F.);
#2849= IFCFACE((#2848));
#2850= IFCPOLYLOOP((#1586,#1578,#1589));
#2851= IFCFACEOUTERBOUND(#2850,.F.);
#2852= IFCFACE((#2851));
#2853= IFCPOLYLOOP((#1578,#1586,#1579));
#2854= IFCFACEOUTERBOUND(#2853,.F.);
#2855= IFCFACE((#2854));
#2856= IFCPOLYLOOP((#1580,#1587,#1575));
#2857= IFCFACEOUTERBOUND(#2856,.F.);
#2858= IFCFACE((#2857));
#2859= IFCPOLYLOOP((#1587,#1580,#1588));
#2860= IFCFACEOUTERBOUND(#2859,.F.);
#2861= IFCFACE((#2860));
#2862= IFCPOLYLOOP((#1489,#1504,#1490));
#2863= IFCFACEOUTERBOUND(#2862,.F.);
#2864= IFCFACE((#2863));
#2865= IFCPOLYLOOP((#1504,#1489,#1505));
#2866= IFCFACEOUTERBOUND(#2865,.F.);
#2867= IFCFACE((#2866));
#2868= IFCPOLYLOOP((#1511,#1492,#1503));
#2869= IFCFACEOUTERBOUND(#2868,.F.);
#2870= IFCFACE((#2869));
#2871= IFCPOLYLOOP((#1492,#1511,#1493));
#2872= IFCFACEOUTERBOUND(#2871,.F.);
#2873= IFCFACE((#2872));
#2874= IFCPOLYLOOP((#1576,#1492,#1574));
#2875= IFCFACEOUTERBOUND(#2874,.F.);
#2876= IFCFACE((#2875));
#2877= IFCPOLYLOOP((#1492,#1576,#1493));
#2878= IFCFACEOUTERBOUND(#2877,.F.);
#2879= IFCFACE((#2878));
#2880= IFCPOLYLOOP((#1489,#1577,#1490));
#2881= IFCFACEOUTERBOUND(#2880,.F.);
#2882= IFCFACE((#2881));
#2883= IFCPOLYLOOP((#1577,#1489,#1581));
#2884= IFCFACEOUTERBOUND(#2883,.F.);
#2885= IFCFACE((#2884));
#2886= IFCPOLYLOOP((#1569,#1503,#1504));
#2887= IFCFACEOUTERBOUND(#2886,.F.);
#2888= IFCFACE((#2887));
#2889= IFCPOLYLOOP((#1503,#1569,#1566));
#2890= IFCFACEOUTERBOUND(#2889,.F.);
#2891= IFCFACE((#2890));
#2892= IFCPOLYLOOP((#1585,#1570,#1582));
#2893= IFCFACEOUTERBOUND(#2892,.F.);
#2894= IFCFACE((#2893));
#2895= IFCPOLYLOOP((#1570,#1585,#1567));
#2896= IFCFACEOUTERBOUND(#2895,.F.);
#2897= IFCFACE((#2896));
#2898= IFCPOLYLOOP((#1587,#1582,#1589));
#2899= IFCFACEOUTERBOUND(#2898,.F.);
#2900= IFCFACE((#2899));
#2901= IFCPOLYLOOP((#1582,#1587,#1585));
#2902= IFCFACEOUTERBOUND(#2901,.F.);
#2903= IFCFACE((#2902));
#2904= IFCPOLYLOOP((#1575,#1589,#1578));
#2905= IFCFACEOUTERBOUND(#2904,.F.);
#2906= IFCFACE((#2905));
#2907= IFCPOLYLOOP((#1589,#1575,#1587));
#2908= IFCFACEOUTERBOUND(#2907,.F.);
#2909= IFCFACE((#2908));
#2910= IFCPOLYLOOP((#1504,#1492,#1490));
#2911= IFCFACEOUTERBOUND(#2910,.F.);
#2912= IFCFACE((#2911));
#2913= IFCPOLYLOOP((#1492,#1504,#1503));
#2914= IFCFACEOUTERBOUND(#2913,.F.);
#2915= IFCFACE((#2914));
#2916= IFCPOLYLOOP((#1574,#1490,#1577));
#2917= IFCFACEOUTERBOUND(#2916,.F.);
#2918= IFCFACE((#2917));
#2919= IFCPOLYLOOP((#1490,#1574,#1492));
#2920= IFCFACEOUTERBOUND(#2919,.F.);
#2921= IFCFACE((#2920));
#2922= IFCPOLYLOOP((#1511,#1573,#1505));
#2923= IFCFACEOUTERBOUND(#2922,.F.);
#2924= IFCFACE((#2923));
#2925= IFCPOLYLOOP((#1573,#1511,#1568));
#2926= IFCFACEOUTERBOUND(#2925,.F.);
#2927= IFCFACE((#2926));
#2928= IFCPOLYLOOP((#1571,#1584,#1583));
#2929= IFCFACEOUTERBOUND(#2928,.F.);
#2930= IFCFACE((#2929));
#2931= IFCPOLYLOOP((#1584,#1571,#1572));
#2932= IFCFACEOUTERBOUND(#2931,.F.);
#2933= IFCFACE((#2932));
#2934= IFCPOLYLOOP((#1583,#1588,#1586));
#2935= IFCFACEOUTERBOUND(#2934,.F.);
#2936= IFCFACE((#2935));
#2937= IFCPOLYLOOP((#1588,#1583,#1584));
#2938= IFCFACEOUTERBOUND(#2937,.F.);
#2939= IFCFACE((#2938));
#2940= IFCPOLYLOOP((#1586,#1580,#1579));
#2941= IFCFACEOUTERBOUND(#2940,.F.);
#2942= IFCFACE((#2941));
#2943= IFCPOLYLOOP((#1580,#1586,#1588));
#2944= IFCFACEOUTERBOUND(#2943,.F.);
#2945= IFCFACE((#2944));
#2946= IFCPOLYLOOP((#1493,#1505,#1489));
#2947= IFCFACEOUTERBOUND(#2946,.F.);
#2948= IFCFACE((#2947));
#2949= IFCPOLYLOOP((#1505,#1493,#1511));
#2950= IFCFACEOUTERBOUND(#2949,.F.);
#2951= IFCFACE((#2950));
#2952= IFCPOLYLOOP((#1489,#1576,#1581));
#2953= IFCFACEOUTERBOUND(#2952,.F.);
#2954= IFCFACE((#2953));
#2955= IFCPOLYLOOP((#1576,#1489,#1493));
#2956= IFCFACEOUTERBOUND(#2955,.F.);
#2957= IFCFACE((#2956));
#2958= IFCPOLYLOOP((#1422,#1407,#1426));
#2959= IFCFACEOUTERBOUND(#2958,.F.);
#2960= IFCFACE((#2959));
#2961= IFCPOLYLOOP((#1407,#1422,#1411));
#2962= IFCFACEOUTERBOUND(#2961,.F.);
#2963= IFCFACE((#2962));
#2964= IFCPOLYLOOP((#1469,#1459,#1473));
#2965= IFCFACEOUTERBOUND(#2964,.F.);
#2966= IFCFACE((#2965));
#2967= IFCPOLYLOOP((#1459,#1469,#1463));
#2968= IFCFACEOUTERBOUND(#2967,.F.);
#2969= IFCFACE((#2968));
#2970= IFCPOLYLOOP((#1471,#1467,#1477));
#2971= IFCFACEOUTERBOUND(#2970,.F.);
#2972= IFCFACE((#2971));
#2973= IFCPOLYLOOP((#1467,#1471,#1464));
#2974= IFCFACEOUTERBOUND(#2973,.F.);
#2975= IFCFACE((#2974));
#2976= IFCPOLYLOOP((#1461,#1477,#1460));
#2977= IFCFACEOUTERBOUND(#2976,.F.);
#2978= IFCFACE((#2977));
#2979= IFCPOLYLOOP((#1477,#1461,#1471));
#2980= IFCFACEOUTERBOUND(#2979,.F.);
#2981= IFCFACE((#2980));
#2982= IFCPOLYLOOP((#1422,#1473,#1426));
#2983= IFCFACEOUTERBOUND(#2982,.F.);
#2984= IFCFACE((#2983));
#2985= IFCPOLYLOOP((#1473,#1422,#1469));
#2986= IFCFACEOUTERBOUND(#2985,.F.);
#2987= IFCFACE((#2986));
#2988= IFCPOLYLOOP((#1464,#1408,#1467));
#2989= IFCFACEOUTERBOUND(#2988,.F.);
#2990= IFCFACE((#2989));
#2991= IFCPOLYLOOP((#1408,#1464,#1409));
#2992= IFCFACEOUTERBOUND(#2991,.F.);
#2993= IFCFACE((#2992));
#2994= IFCPOLYLOOP((#1486,#1510,#1494));
#2995= IFCFACEOUTERBOUND(#2994,.F.);
#2996= IFCFACE((#2995));
#2997= IFCPOLYLOOP((#1510,#1486,#1509));
#2998= IFCFACEOUTERBOUND(#2997,.F.);
#2999= IFCFACE((#2998));
#3000= IFCPOLYLOOP((#1507,#1488,#1506));
#3001= IFCFACEOUTERBOUND(#3000,.F.);
#3002= IFCFACE((#3001));
#3003= IFCPOLYLOOP((#1488,#1507,#1487));
#3004= IFCFACEOUTERBOUND(#3003,.F.);
#3005= IFCFACE((#3004));
#3006= IFCPOLYLOOP((#1590,#1591,#1592));
#3007= IFCFACEOUTERBOUND(#3006,.F.);
#3008= IFCFACE((#3007));
#3009= IFCPOLYLOOP((#1591,#1590,#1593));
#3010= IFCFACEOUTERBOUND(#3009,.F.);
#3011= IFCFACE((#3010));
#3012= IFCPOLYLOOP((#1591,#1593,#1594));
#3013= IFCFACEOUTERBOUND(#3012,.F.);
#3014= IFCFACE((#3013));
#3015= IFCPOLYLOOP((#1594,#1593,#1595));
#3016= IFCFACEOUTERBOUND(#3015,.F.);
#3017= IFCFACE((#3016));
#3018= IFCPOLYLOOP((#1592,#1596,#1597));
#3019= IFCFACEOUTERBOUND(#3018,.F.);
#3020= IFCFACE((#3019));
#3021= IFCPOLYLOOP((#1596,#1592,#1591));
#3022= IFCFACEOUTERBOUND(#3021,.F.);
#3023= IFCFACE((#3022));
#3024= IFCPOLYLOOP((#1597,#1596,#1595));
#3025= IFCFACEOUTERBOUND(#3024,.F.);
#3026= IFCFACE((#3025));
#3027= IFCPOLYLOOP((#1597,#1595,#1593));
#3028= IFCFACEOUTERBOUND(#3027,.F.);
#3029= IFCFACE((#3028));
#3030= IFCPOLYLOOP((#1507,#1593,#1506));
#3031= IFCFACEOUTERBOUND(#3030,.F.);
#3032= IFCFACE((#3031));
#3033= IFCPOLYLOOP((#1593,#1507,#1597));
#3034= IFCFACEOUTERBOUND(#3033,.F.);
#3035= IFCFACE((#3034));
#3036= IFCPOLYLOOP((#1592,#1510,#1590));
#3037= IFCFACEOUTERBOUND(#3036,.F.);
#3038= IFCFACE((#3037));
#3039= IFCPOLYLOOP((#1510,#1592,#1509));
#3040= IFCFACEOUTERBOUND(#3039,.F.);
#3041= IFCFACE((#3040));
#3042= IFCPOLYLOOP((#1598,#1488,#1599));
#3043= IFCFACEOUTERBOUND(#3042,.F.);
#3044= IFCFACE((#3043));
#3045= IFCPOLYLOOP((#1488,#1598,#1487));
#3046= IFCFACEOUTERBOUND(#3045,.F.);
#3047= IFCFACE((#3046));
#3048= IFCPOLYLOOP((#1486,#1600,#1494));
#3049= IFCFACEOUTERBOUND(#3048,.F.);
#3050= IFCFACE((#3049));
#3051= IFCPOLYLOOP((#1600,#1486,#1601));
#3052= IFCFACEOUTERBOUND(#3051,.F.);
#3053= IFCFACE((#3052));
#3054= IFCPOLYLOOP((#1600,#1602,#1601));
#3055= IFCFACEOUTERBOUND(#3054,.F.);
#3056= IFCFACE((#3055));
#3057= IFCPOLYLOOP((#1602,#1600,#1599));
#3058= IFCFACEOUTERBOUND(#3057,.F.);
#3059= IFCFACE((#3058));
#3060= IFCPOLYLOOP((#1602,#1599,#1603));
#3061= IFCFACEOUTERBOUND(#3060,.F.);
#3062= IFCFACE((#3061));
#3063= IFCPOLYLOOP((#1603,#1599,#1604));
#3064= IFCFACEOUTERBOUND(#3063,.F.);
#3065= IFCFACE((#3064));
#3066= IFCPOLYLOOP((#1601,#1605,#1598));
#3067= IFCFACEOUTERBOUND(#3066,.F.);
#3068= IFCFACE((#3067));
#3069= IFCPOLYLOOP((#1605,#1601,#1602));
#3070= IFCFACEOUTERBOUND(#3069,.F.);
#3071= IFCFACE((#3070));
#3072= IFCPOLYLOOP((#1598,#1605,#1604));
#3073= IFCFACEOUTERBOUND(#3072,.F.);
#3074= IFCFACE((#3073));
#3075= IFCPOLYLOOP((#1598,#1604,#1599));
#3076= IFCFACEOUTERBOUND(#3075,.F.);
#3077= IFCFACE((#3076));
#3078= IFCPOLYLOOP((#1606,#1607,#1608));
#3079= IFCFACEOUTERBOUND(#3078,.F.);
#3080= IFCFACE((#3079));
#3081= IFCPOLYLOOP((#1607,#1606,#1609));
#3082= IFCFACEOUTERBOUND(#3081,.F.);
#3083= IFCFACE((#3082));
#3084= IFCPOLYLOOP((#1610,#1609,#1611));
#3085= IFCFACEOUTERBOUND(#3084,.F.);
#3086= IFCFACE((#3085));
#3087= IFCPOLYLOOP((#1609,#1610,#1606));
#3088= IFCFACEOUTERBOUND(#3087,.F.);
#3089= IFCFACE((#3088));
#3090= IFCPOLYLOOP((#1610,#1608,#1606));
#3091= IFCFACEOUTERBOUND(#3090,.F.);
#3092= IFCFACE((#3091));
#3093= IFCPOLYLOOP((#1608,#1610,#1612));
#3094= IFCFACEOUTERBOUND(#3093,.F.);
#3095= IFCFACE((#3094));
#3096= IFCPOLYLOOP((#1608,#1613,#1607));
#3097= IFCFACEOUTERBOUND(#3096,.F.);
#3098= IFCFACE((#3097));
#3099= IFCPOLYLOOP((#1613,#1608,#1612));
#3100= IFCFACEOUTERBOUND(#3099,.F.);
#3101= IFCFACE((#3100));
#3102= IFCPOLYLOOP((#1607,#1611,#1609));
#3103= IFCFACEOUTERBOUND(#3102,.F.);
#3104= IFCFACE((#3103));
#3105= IFCPOLYLOOP((#1611,#1607,#1613));
#3106= IFCFACEOUTERBOUND(#3105,.F.);
#3107= IFCFACE((#3106));
#3108= IFCPOLYLOOP((#1494,#1506,#1488));
#3109= IFCFACEOUTERBOUND(#3108,.F.);
#3110= IFCFACE((#3109));
#3111= IFCPOLYLOOP((#1506,#1494,#1510));
#3112= IFCFACEOUTERBOUND(#3111,.F.);
#3113= IFCFACE((#3112));
#3114= IFCPOLYLOOP((#1610,#1613,#1612));
#3115= IFCFACEOUTERBOUND(#3114,.F.);
#3116= IFCFACE((#3115));
#3117= IFCPOLYLOOP((#1613,#1610,#1611));
#3118= IFCFACEOUTERBOUND(#3117,.F.);
#3119= IFCFACE((#3118));
#3120= IFCPOLYLOOP((#1606,#1603,#1609));
#3121= IFCFACEOUTERBOUND(#3120,.F.);
#3122= IFCFACE((#3121));
#3123= IFCPOLYLOOP((#1603,#1606,#1604));
#3124= IFCFACEOUTERBOUND(#3123,.F.);
#3125= IFCFACE((#3124));
#3126= IFCPOLYLOOP((#1606,#1605,#1604));
#3127= IFCFACEOUTERBOUND(#3126,.F.);
#3128= IFCFACE((#3127));
#3129= IFCPOLYLOOP((#1605,#1606,#1608));
#3130= IFCFACEOUTERBOUND(#3129,.F.);
#3131= IFCFACE((#3130));
#3132= IFCPOLYLOOP((#1605,#1607,#1602));
#3133= IFCFACEOUTERBOUND(#3132,.F.);
#3134= IFCFACE((#3133));
#3135= IFCPOLYLOOP((#1607,#1605,#1608));
#3136= IFCFACEOUTERBOUND(#3135,.F.);
#3137= IFCFACE((#3136));
#3138= IFCPOLYLOOP((#1602,#1609,#1603));
#3139= IFCFACEOUTERBOUND(#3138,.F.);
#3140= IFCFACE((#3139));
#3141= IFCPOLYLOOP((#1609,#1602,#1607));
#3142= IFCFACEOUTERBOUND(#3141,.F.);
#3143= IFCFACE((#3142));
#3144= IFCPOLYLOOP((#1593,#1510,#1506));
#3145= IFCFACEOUTERBOUND(#3144,.F.);
#3146= IFCFACE((#3145));
#3147= IFCPOLYLOOP((#1510,#1593,#1590));
#3148= IFCFACEOUTERBOUND(#3147,.F.);
#3149= IFCFACE((#3148));
#3150= IFCPOLYLOOP((#1488,#1600,#1599));
#3151= IFCFACEOUTERBOUND(#3150,.F.);
#3152= IFCFACE((#3151));
#3153= IFCPOLYLOOP((#1600,#1488,#1494));
#3154= IFCFACEOUTERBOUND(#3153,.F.);
#3155= IFCFACE((#3154));
#3156= IFCPOLYLOOP((#1595,#1611,#1594));
#3157= IFCFACEOUTERBOUND(#3156,.F.);
#3158= IFCFACE((#3157));
#3159= IFCPOLYLOOP((#1611,#1595,#1610));
#3160= IFCFACEOUTERBOUND(#3159,.F.);
#3161= IFCFACE((#3160));
#3162= IFCPOLYLOOP((#1613,#1594,#1611));
#3163= IFCFACEOUTERBOUND(#3162,.F.);
#3164= IFCFACE((#3163));
#3165= IFCPOLYLOOP((#1594,#1613,#1591));
#3166= IFCFACEOUTERBOUND(#3165,.F.);
#3167= IFCFACE((#3166));
#3168= IFCPOLYLOOP((#1612,#1591,#1613));
#3169= IFCFACEOUTERBOUND(#3168,.F.);
#3170= IFCFACE((#3169));
#3171= IFCPOLYLOOP((#1591,#1612,#1596));
#3172= IFCFACEOUTERBOUND(#3171,.F.);
#3173= IFCFACE((#3172));
#3174= IFCPOLYLOOP((#1595,#1612,#1610));
#3175= IFCFACEOUTERBOUND(#3174,.F.);
#3176= IFCFACE((#3175));
#3177= IFCPOLYLOOP((#1612,#1595,#1596));
#3178= IFCFACEOUTERBOUND(#3177,.F.);
#3179= IFCFACE((#3178));
#3180= IFCPOLYLOOP((#1507,#1486,#1487));
#3181= IFCFACEOUTERBOUND(#3180,.F.);
#3182= IFCFACE((#3181));
#3183= IFCPOLYLOOP((#1486,#1507,#1509));
#3184= IFCFACEOUTERBOUND(#3183,.F.);
#3185= IFCFACE((#3184));
#3186= IFCPOLYLOOP((#1509,#1597,#1507));
#3187= IFCFACEOUTERBOUND(#3186,.F.);
#3188= IFCFACE((#3187));
#3189= IFCPOLYLOOP((#1597,#1509,#1592));
#3190= IFCFACEOUTERBOUND(#3189,.F.);
#3191= IFCFACE((#3190));
#3192= IFCPOLYLOOP((#1601,#1487,#1598));
#3193= IFCFACEOUTERBOUND(#3192,.F.);
#3194= IFCFACE((#3193));
#3195= IFCPOLYLOOP((#1487,#1601,#1486));
#3196= IFCFACEOUTERBOUND(#3195,.F.);
#3197= IFCFACE((#3196));
#3198= IFCOPENSHELL((#1616,#1619,#1622,#1625,#1628,#1631,#1634,#1637,#1640,#1643,#1646,#1649,#1652,#1655,#1658,#1661,#1664,#1667,#1670,#1673,#1676,#1679,#1682,#1685,#1688,#1691,#1694,#1697,#1700,#1703,#1706,#1709,#1712,#1715,#1718,#1721,#1724,#1727,#1730,#1733,#1736,#1739,#1742,#1745,#1748,#1751,#1754,#1757,#1760,#1763,#1766,#1769,#1772,#1775,#1778,#1781,#1784,#1787,#1790,#1793,#1796,#1799,#1802,#1805,#1808,#1811,#1814,#1817,#1820,#1823,#1826,#1829,#1832,#1835,#1838,#1841,#1844,#1847,#1850,#1853,#1856,#1859,#1862,#1865,#1868,#1871,#1874,#1877,#1880,#1883,#1886,#1889,#1892,#1895,#1898,#1901,#1904,#1907,#1910,#1913,#1916,#1919,#1922,#1925,#1928,#1931,#1934,#1937,#1940,#1943,#1946,#1949,#1952,#1955,#1958,#1961,#1964,#1967,#1970,#1973,#1976,#1979,#1982,#1985,#1988,#1991,#1994,#1997,#2000,#2003,#2006,#2009,#2012,#2015,#2018,#2021,#2024,#2027,#2030,#2033,#2036,#2039,#2042,#2045,#2048,#2051,#2054,#2057,#2060,#2063,#2066,#2069,#2072,#2075,#2078,#2081,#2084,#2087,#2090,#2093,#2096,#2099,#2102,#2105,#2108,#2111,#2114,#2117,#2120,#2123,#2126,#2129,#2132,#2135,#2138,#2141,#2144,#2147,#2150,#2153,#2156,#2159,#2162,#2165,#2168,#2171,#2174,#2177,#2180,#2183,#2186,#2189,#2192,#2195,#2198,#2201,#2204,#2207,#2210,#2213,#2216,#2219,#2222,#2225,#2228,#2231,#2234,#2237,#2240,#2243,#2246,#2249,#2252,#2255,#2258,#2261,#2264,#2267,#2270,#2273,#2276,#2279,#2282,#2285,#2288,#2291,#2294,#2297,#2300,#2303,#2306,#2309,#2312,#2315,#2318,#2321,#2324,#2327,#2330,#2333,#2336,#2339,#2342,#2345,#2348,#2351,#2354,#2357,#2360,#2363,#2366,#2369,#2372,#2375,#2378,#2381,#2384,#2387,#2390,#2393,#2396,#2399,#2402,#2405,#2408,#2411,#2414,#2417,#2420,#2423,#2426,#2429,#2432,#2435,#2438,#2441,#2444,#2447,#2450,#2453,#2456,#2459,#2462,#2465,#2468,#2471,#2474,#2477,#2480,#2483,#2486,#2489,#2492,#2495,#2498,#2501,#2504,#2507,#2510,#2513,#2516,#2519,#2522,#2525,#2528,#2531,#2534,#2537,#2540,#2543,#2546,#2549,#2552,#2555,#2558,#2561,#2564,#2567,#2570,#2573,#2576,#2579,#2582,#2585,#2588,#2591,#2594,#2597,#2600,#2603,#2606,#2609,#2612,#2615,#2618,#2621,#2624,#2627,#2630,#2633,#2636,#2639,#2642,#2645,#2648,#2651,#2654,#2657,#2660,#2663,#2666,#2669,#2672,#2675,#2678,#2681,#2684,#2687,#2690,#2693,#2696,#2699,#2702,#2705,#2708,#2711,#2714,#2717,#2720,#2723,#2726,#2729,#2732,#2735,#2738,#2741,#2744,#2747,#2750,#2753,#2756,#2759,#2762,#2765,#2768,#2771,#2774,#2777,#2780,#2783,#2786,#2789,#2792,#2795,#2798,#2801,#2804,#2807,#2810,#2813,#2816,#2819,#2822,#2825,#2828,#2831,#2834,#2837,#2840,#2843,#2846,#2849,#2852,#2855,#2858,#2861,#2864,#2867,#2870,#2873,#2876,#2879,#2882,#2885,#2888,#2891,#2894,#2897,#2900,#2903,#2906,#2909,#2912,#2915,#2918,#2921,#2924,#2927,#2930,#2933,#2936,#2939,#2942,#2945,#2948,#2951,#2954,#2957,#2960,#2963,#2966,#2969,#2972,#2975,#2978,#2981,#2984,#2987,#2990,#2993,#2996,#2999,#3002,#3005,#3008,#3011,#3014,#3017,#3020,#3023,#3026,#3029,#3032,#3035,#3038,#3041,#3044,#3047,#3050,#3053,#3056,#3059,#3062,#3065,#3068,#3071,#3074,#3077,#3080,#3083,#3086,#3089,#3092,#3095,#3098,#3101,#3104,#3107,#3110,#3113,#3116,#3119,#3122,#3125,#3128,#3131,#3134,#3137,#3140,#3143,#3146,#3149,#3152,#3155,#3158,#3161,#3164,#3167,#3170,#3173,#3176,#3179,#3182,#3185,#3188,#3191,#3194,#3197));
#3199= IFCFACEBASEDSURFACEMODEL((#3198));
#3200= IFCCOLOURRGB($,1.0,1.0,1.0);
#3201= IFCSURFACESTYLESHADING(#3200);
#3202= IFCSURFACESTYLE($,.BOTH.,(#3201));
#3203= IFCSTYLEDITEM(#3199,(#3204),$);
#3204= IFCPRESENTATIONSTYLEASSIGNMENT((#3202));
#3205= IFCSHAPEREPRESENTATION(#460,'Body','SurfaceModel',(#3199));
#3206= IFCPRODUCTDEFINITIONSHAPE($,$,(#3205));
#3207= IFCCARTESIANPOINT((0.0,0.0,0.0));
#3208= IFCDIRECTION((0.0,0.0,1.0));
#3209= IFCDIRECTION((1.0,0.0,0.0));
#3210= IFCAXIS2PLACEMENT3D(#3207,#3208,#3209);
#3211= IFCLOCALPLACEMENT($,#3210);
#3212= IFCDOOR('3WRMn1Es12_A3ERDyjsXdL',#20,$,$,$,#3211,#3206,$,$,$);
#3213= IFCCARTESIANPOINT((8003.68666,21372.19736,0.0));
#3214= IFCCARTESIANPOINT((8050.78666,21462.19736,0.0));
#3215= IFCCARTESIANPOINT((8050.78666,21372.19736,0.0));
#3216= IFCCARTESIANPOINT((8003.68666,21462.19736,0.0));
#3217= IFCCARTESIANPOINT((7909.48666,21427.19736,853.88329));
#3218= IFCCARTESIANPOINT((7895.35666,21427.19736,868.37604));
#3219= IFCCARTESIANPOINT((7650.43666,21427.19736,853.88329));
#3220= IFCCARTESIANPOINT((7909.48666,21427.19736,1417.45191));
#3221= IFCCARTESIANPOINT((7895.35666,21427.19736,1402.95916));
#3222= IFCCARTESIANPOINT((7664.56666,21427.19736,1402.95916));
#3223= IFCCARTESIANPOINT((7664.56666,21427.19736,868.37604));
#3224= IFCCARTESIANPOINT((7650.43666,21427.19736,1417.45191));
#3225= IFCCARTESIANPOINT((7509.13666,21427.19736,853.88329));
#3226= IFCCARTESIANPOINT((7495.00666,21427.19736,868.37604));
#3227= IFCCARTESIANPOINT((7250.08666,21427.19736,853.88329));
#3228= IFCCARTESIANPOINT((7509.13666,21427.19736,1417.45191));
#3229= IFCCARTESIANPOINT((7495.00666,21427.19736,1402.95916));
#3230= IFCCARTESIANPOINT((7264.21666,21427.19736,1402.95916));
#3231= IFCCARTESIANPOINT((7264.21666,21427.19736,868.37604));
#3232= IFCCARTESIANPOINT((7250.08666,21427.19736,1417.45191));
#3233= IFCCARTESIANPOINT((7108.78666,21372.19736,0.0));
#3234= IFCCARTESIANPOINT((7108.78666,21462.19736,2050.0));
#3235= IFCCARTESIANPOINT((7108.78666,21462.19736,0.0));
#3236= IFCCARTESIANPOINT((7108.78666,21372.19736,2050.0));
#3237= IFCCARTESIANPOINT((7909.48666,21422.19736,1417.45191));
#3238= IFCCARTESIANPOINT((7909.48666,21422.19736,853.88329));
#3239= IFCCARTESIANPOINT((7155.88666,21462.19736,0.0));
#3240= IFCCARTESIANPOINT((7155.88666,21462.19736,2001.69082));
#3241= IFCCARTESIANPOINT((8003.68666,21462.19736,2001.69082));
#3242= IFCCARTESIANPOINT((8050.78666,21462.19736,2050.0));
#3243= IFCCARTESIANPOINT((7250.08666,21422.19736,1417.45191));
#3244= IFCCARTESIANPOINT((7250.08666,21422.19736,853.88329));
#3245= IFCCARTESIANPOINT((7155.88666,21422.19736,0.0));
#3246= IFCCARTESIANPOINT((7155.88666,21422.19736,2001.69082));
#3247= IFCCARTESIANPOINT((7509.13666,21422.19736,1417.45191));
#3248= IFCCARTESIANPOINT((7509.13666,21422.19736,853.88329));
#3249= IFCCARTESIANPOINT((8003.68666,21402.19736,0.0));
#3250= IFCCARTESIANPOINT((8003.68666,21422.19736,2001.69082));
#3251= IFCCARTESIANPOINT((8003.68666,21422.19736,0.0));
#3252= IFCCARTESIANPOINT((8003.68666,21402.19736,2001.69082));
#3253= IFCCARTESIANPOINT((7909.48666,21397.19736,853.88329));
#3254= IFCCARTESIANPOINT((7895.35666,21397.19736,868.37604));
#3255= IFCCARTESIANPOINT((7650.43666,21397.19736,853.88329));
#3256= IFCCARTESIANPOINT((7909.48666,21397.19736,1417.45191));
#3257= IFCCARTESIANPOINT((7895.35666,21397.19736,1402.95916));
#3258= IFCCARTESIANPOINT((7664.56666,21397.19736,1402.95916));
#3259= IFCCARTESIANPOINT((7664.56666,21397.19736,868.37604));
#3260= IFCCARTESIANPOINT((7650.43666,21397.19736,1417.45191));
#3261= IFCCARTESIANPOINT((8050.78666,21372.19736,2050.0));
#3262= IFCCARTESIANPOINT((7650.43666,21402.19736,853.88329));
#3263= IFCCARTESIANPOINT((7650.43666,21402.19736,1417.45191));
#3264= IFCCARTESIANPOINT((7155.88666,21372.19736,0.0));
#3265= IFCCARTESIANPOINT((7155.88666,21372.19736,2001.69082));
#3266= IFCCARTESIANPOINT((8003.68666,21372.19736,2001.69082));
#3267= IFCCARTESIANPOINT((7909.48666,21402.19736,853.88329));
#3268= IFCCARTESIANPOINT((7909.48666,21402.19736,1417.45191));
#3269= IFCCARTESIANPOINT((7895.35666,21404.39736,1402.95916));
#3270= IFCCARTESIANPOINT((7895.35666,21404.39736,868.37604));
#3271= IFCCARTESIANPOINT((7664.56666,21417.19736,1402.95916));
#3272= IFCCARTESIANPOINT((7895.35666,21417.19736,868.37604));
#3273= IFCCARTESIANPOINT((7664.56666,21417.19736,868.37604));
#3274= IFCCARTESIANPOINT((7895.35666,21417.19736,1402.95916));
#3275= IFCCARTESIANPOINT((7664.56666,21404.39736,1402.95916));
#3276= IFCCARTESIANPOINT((7664.56666,21404.39736,868.37604));
#3277= IFCCARTESIANPOINT((7509.13666,21397.19736,853.88329));
#3278= IFCCARTESIANPOINT((7495.00666,21397.19736,868.37604));
#3279= IFCCARTESIANPOINT((7250.08666,21397.19736,853.88329));
#3280= IFCCARTESIANPOINT((7509.13666,21397.19736,1417.45191));
#3281= IFCCARTESIANPOINT((7495.00666,21397.19736,1402.95916));
#3282= IFCCARTESIANPOINT((7264.21666,21397.19736,1402.95916));
#3283= IFCCARTESIANPOINT((7264.21666,21397.19736,868.37604));
#3284= IFCCARTESIANPOINT((7250.08666,21397.19736,1417.45191));
#3285= IFCCARTESIANPOINT((7264.21666,21417.19736,1402.95916));
#3286= IFCCARTESIANPOINT((7495.00666,21417.19736,868.37604));
#3287= IFCCARTESIANPOINT((7264.21666,21417.19736,868.37604));
#3288= IFCCARTESIANPOINT((7495.00666,21417.19736,1402.95916));
#3289= IFCCARTESIANPOINT((7250.08666,21402.19736,853.88329));
#3290= IFCCARTESIANPOINT((7250.08666,21402.19736,1417.45191));
#3291= IFCCARTESIANPOINT((7264.21666,21404.39736,868.37604));
#3292= IFCCARTESIANPOINT((7264.21666,21404.39736,1402.95916));
#3293= IFCCARTESIANPOINT((7509.13666,21402.19736,853.88329));
#3294= IFCCARTESIANPOINT((7509.13666,21402.19736,1417.45191));
#3295= IFCCARTESIANPOINT((7650.43666,21422.19736,853.88329));
#3296= IFCCARTESIANPOINT((7650.43666,21422.19736,1417.45191));
#3297= IFCCARTESIANPOINT((7495.00666,21404.39736,868.37604));
#3298= IFCCARTESIANPOINT((7495.00666,21404.39736,1402.95916));
#3299= IFCCARTESIANPOINT((7155.88666,21402.19736,0.0));
#3300= IFCCARTESIANPOINT((7155.88666,21402.19736,2001.69082));
#3301= IFCCARTESIANPOINT((7250.08666,21422.19736,158.196));
#3302= IFCCARTESIANPOINT((7579.78666,21422.19736,0.0));
#3303= IFCCARTESIANPOINT((7250.08666,21422.19736,714.50586));
#3304= IFCCARTESIANPOINT((7509.13666,21422.19736,714.50586));
#3305= IFCCARTESIANPOINT((7650.43666,21422.19736,714.50586));
#3306= IFCCARTESIANPOINT((7909.48666,21422.19736,714.50586));
#3307= IFCCARTESIANPOINT((7250.08666,21422.19736,1538.22486));
#3308= IFCCARTESIANPOINT((7250.08666,21422.19736,1803.92534));
#3309= IFCCARTESIANPOINT((7509.13666,21422.19736,1803.92534));
#3310= IFCCARTESIANPOINT((7650.43666,21422.19736,1803.92534));
#3311= IFCCARTESIANPOINT((7909.48666,21422.19736,1803.92534));
#3312= IFCCARTESIANPOINT((7909.48666,21422.19736,158.196));
#3313= IFCCARTESIANPOINT((7909.48666,21422.19736,1538.22486));
#3314= IFCCARTESIANPOINT((7650.43666,21422.19736,1538.22486));
#3315= IFCCARTESIANPOINT((7509.13666,21422.19736,1538.22486));
#3316= IFCCARTESIANPOINT((7650.43666,21422.19736,158.196));
#3317= IFCCARTESIANPOINT((7509.13666,21422.19736,158.196));
#3318= IFCCARTESIANPOINT((7909.48666,21402.19736,158.196));
#3319= IFCCARTESIANPOINT((7579.78666,21402.19736,0.0));
#3320= IFCCARTESIANPOINT((7909.48666,21402.19736,714.50586));
#3321= IFCCARTESIANPOINT((7650.43666,21402.19736,714.50586));
#3322= IFCCARTESIANPOINT((7509.13666,21402.19736,714.50586));
#3323= IFCCARTESIANPOINT((7250.08666,21402.19736,714.50586));
#3324= IFCCARTESIANPOINT((7909.48666,21402.19736,1538.22486));
#3325= IFCCARTESIANPOINT((7909.48666,21402.19736,1803.92534));
#3326= IFCCARTESIANPOINT((7650.43666,21402.19736,1803.92534));
#3327= IFCCARTESIANPOINT((7509.13666,21402.19736,1803.92534));
#3328= IFCCARTESIANPOINT((7250.08666,21402.19736,1803.92534));
#3329= IFCCARTESIANPOINT((7250.08666,21402.19736,158.196));
#3330= IFCCARTESIANPOINT((7250.08666,21402.19736,1538.22486));
#3331= IFCCARTESIANPOINT((7509.13666,21402.19736,1538.22486));
#3332= IFCCARTESIANPOINT((7650.43666,21402.19736,1538.22486));
#3333= IFCCARTESIANPOINT((7509.13666,21402.19736,158.196));
#3334= IFCCARTESIANPOINT((7650.43666,21402.19736,158.196));
#3335= IFCCARTESIANPOINT((7909.48666,21427.19736,158.196));
#3336= IFCCARTESIANPOINT((7895.35666,21427.19736,172.68875));
#3337= IFCCARTESIANPOINT((7650.43666,21427.19736,158.196));
#3338= IFCCARTESIANPOINT((7909.48666,21427.19736,714.50586));
#3339= IFCCARTESIANPOINT((7895.35666,21427.19736,700.01311));
#3340= IFCCARTESIANPOINT((7664.56666,21427.19736,700.01311));
#3341= IFCCARTESIANPOINT((7664.56666,21427.19736,172.68875));
#3342= IFCCARTESIANPOINT((7650.43666,21427.19736,714.50586));
#3343= IFCCARTESIANPOINT((7664.56666,21417.19736,700.01311));
#3344= IFCCARTESIANPOINT((7895.35666,21417.19736,172.68875));
#3345= IFCCARTESIANPOINT((7664.56666,21417.19736,172.68875));
#3346= IFCCARTESIANPOINT((7895.35666,21417.19736,700.01311));
#3347= IFCCARTESIANPOINT((7664.56666,21404.39736,172.68875));
#3348= IFCCARTESIANPOINT((7664.56666,21404.39736,700.01311));
#3349= IFCCARTESIANPOINT((7895.35666,21404.39736,172.68875));
#3350= IFCCARTESIANPOINT((7895.35666,21404.39736,700.01311));
#3351= IFCCARTESIANPOINT((7909.48666,21397.19736,158.196));
#3352= IFCCARTESIANPOINT((7895.35666,21397.19736,172.68875));
#3353= IFCCARTESIANPOINT((7650.43666,21397.19736,158.196));
#3354= IFCCARTESIANPOINT((7909.48666,21397.19736,714.50586));
#3355= IFCCARTESIANPOINT((7895.35666,21397.19736,700.01311));
#3356= IFCCARTESIANPOINT((7664.56666,21397.19736,700.01311));
#3357= IFCCARTESIANPOINT((7664.56666,21397.19736,172.68875));
#3358= IFCCARTESIANPOINT((7650.43666,21397.19736,714.50586));
#3359= IFCCARTESIANPOINT((7509.13666,21427.19736,158.196));
#3360= IFCCARTESIANPOINT((7495.00666,21427.19736,172.68875));
#3361= IFCCARTESIANPOINT((7250.08666,21427.19736,158.196));
#3362= IFCCARTESIANPOINT((7509.13666,21427.19736,714.50586));
#3363= IFCCARTESIANPOINT((7495.00666,21427.19736,700.01311));
#3364= IFCCARTESIANPOINT((7264.21666,21427.19736,700.01311));
#3365= IFCCARTESIANPOINT((7264.21666,21427.19736,172.68875));
#3366= IFCCARTESIANPOINT((7250.08666,21427.19736,714.50586));
#3367= IFCCARTESIANPOINT((7495.00666,21404.39736,172.68875));
#3368= IFCCARTESIANPOINT((7495.00666,21407.19736,700.01311));
#3369= IFCCARTESIANPOINT((7495.00666,21407.19736,172.68875));
#3370= IFCCARTESIANPOINT((7495.00666,21404.39736,700.01311));
#3371= IFCCARTESIANPOINT((7509.13666,21397.19736,158.196));
#3372= IFCCARTESIANPOINT((7495.00666,21397.19736,172.68875));
#3373= IFCCARTESIANPOINT((7250.08666,21397.19736,158.196));
#3374= IFCCARTESIANPOINT((7509.13666,21397.19736,714.50586));
#3375= IFCCARTESIANPOINT((7495.00666,21397.19736,700.01311));
#3376= IFCCARTESIANPOINT((7264.21666,21397.19736,700.01311));
#3377= IFCCARTESIANPOINT((7264.21666,21397.19736,172.68875));
#3378= IFCCARTESIANPOINT((7250.08666,21397.19736,714.50586));
#3379= IFCCARTESIANPOINT((7264.21666,21417.19736,700.01311));
#3380= IFCCARTESIANPOINT((7264.21666,21407.19736,172.68875));
#3381= IFCCARTESIANPOINT((7264.21666,21417.19736,172.68875));
#3382= IFCCARTESIANPOINT((7264.21666,21407.19736,700.01311));
#3383= IFCCARTESIANPOINT((7495.00666,21417.19736,700.01311));
#3384= IFCCARTESIANPOINT((7495.00666,21417.19736,172.68875));
#3385= IFCCARTESIANPOINT((7264.21666,21404.39736,700.01311));
#3386= IFCCARTESIANPOINT((7264.21666,21404.39736,172.68875));
#3387= IFCCARTESIANPOINT((7909.48666,21397.19736,1538.22486));
#3388= IFCCARTESIANPOINT((7895.35666,21397.19736,1552.71761));
#3389= IFCCARTESIANPOINT((7650.43666,21397.19736,1538.22486));
#3390= IFCCARTESIANPOINT((7909.48666,21397.19736,1803.92534));
#3391= IFCCARTESIANPOINT((7895.35666,21397.19736,1789.43258));
#3392= IFCCARTESIANPOINT((7664.56666,21397.19736,1789.43258));
#3393= IFCCARTESIANPOINT((7664.56666,21397.19736,1552.71761));
#3394= IFCCARTESIANPOINT((7650.43666,21397.19736,1803.92534));
#3395= IFCCARTESIANPOINT((7909.48666,21427.19736,1538.22486));
#3396= IFCCARTESIANPOINT((7895.35666,21427.19736,1552.71761));
#3397= IFCCARTESIANPOINT((7650.43666,21427.19736,1538.22486));
#3398= IFCCARTESIANPOINT((7909.48666,21427.19736,1803.92534));
#3399= IFCCARTESIANPOINT((7895.35666,21427.19736,1789.43258));
#3400= IFCCARTESIANPOINT((7664.56666,21427.19736,1789.43258));
#3401= IFCCARTESIANPOINT((7664.56666,21427.19736,1552.71761));
#3402= IFCCARTESIANPOINT((7650.43666,21427.19736,1803.92534));
#3403= IFCCARTESIANPOINT((7895.35666,21404.39736,1789.43258));
#3404= IFCCARTESIANPOINT((7664.56666,21404.39736,1789.43258));
#3405= IFCCARTESIANPOINT((7664.56666,21404.39736,1552.71761));
#3406= IFCCARTESIANPOINT((7895.35666,21404.39736,1552.71761));
#3407= IFCCARTESIANPOINT((7664.56666,21417.19736,1789.43258));
#3408= IFCCARTESIANPOINT((7895.35666,21417.19736,1552.71761));
#3409= IFCCARTESIANPOINT((7664.56666,21417.19736,1552.71761));
#3410= IFCCARTESIANPOINT((7895.35666,21417.19736,1789.43258));
#3411= IFCCARTESIANPOINT((7509.13666,21397.19736,1538.22486));
#3412= IFCCARTESIANPOINT((7495.00666,21397.19736,1552.71761));
#3413= IFCCARTESIANPOINT((7250.08666,21397.19736,1538.22486));
#3414= IFCCARTESIANPOINT((7509.13666,21397.19736,1803.92534));
#3415= IFCCARTESIANPOINT((7495.00666,21397.19736,1789.43258));
#3416= IFCCARTESIANPOINT((7264.21666,21397.19736,1789.43258));
#3417= IFCCARTESIANPOINT((7264.21666,21397.19736,1552.71761));
#3418= IFCCARTESIANPOINT((7250.08666,21397.19736,1803.92534));
#3419= IFCCARTESIANPOINT((7250.08666,21427.19736,1803.92534));
#3420= IFCCARTESIANPOINT((7509.13666,21427.19736,1803.92534));
#3421= IFCCARTESIANPOINT((7509.13666,21427.19736,1538.22486));
#3422= IFCCARTESIANPOINT((7250.08666,21427.19736,1538.22486));
#3423= IFCCARTESIANPOINT((7495.00666,21427.19736,1552.71761));
#3424= IFCCARTESIANPOINT((7495.00666,21427.19736,1789.43258));
#3425= IFCCARTESIANPOINT((7264.21666,21427.19736,1789.43258));
#3426= IFCCARTESIANPOINT((7264.21666,21427.19736,1552.71761));
#3427= IFCCARTESIANPOINT((7264.21666,21417.19736,1789.43258));
#3428= IFCCARTESIANPOINT((7495.00666,21417.19736,1552.71761));
#3429= IFCCARTESIANPOINT((7264.21666,21417.19736,1552.71761));
#3430= IFCCARTESIANPOINT((7495.00666,21417.19736,1789.43258));
#3431= IFCCARTESIANPOINT((7264.21666,21404.39736,1789.43258));
#3432= IFCCARTESIANPOINT((7495.00666,21404.39736,1789.43258));
#3433= IFCCARTESIANPOINT((7264.21666,21404.39736,1552.71761));
#3434= IFCCARTESIANPOINT((7495.00666,21404.39736,1552.71761));
#3435= IFCPOLYLOOP((#3213,#3214,#3215));
#3436= IFCFACEOUTERBOUND(#3435,.F.);
#3437= IFCFACE((#3436));
#3438= IFCPOLYLOOP((#3214,#3213,#3216));
#3439= IFCFACEOUTERBOUND(#3438,.F.);
#3440= IFCFACE((#3439));
#3441= IFCPOLYLOOP((#3217,#3218,#3219));
#3442= IFCFACEOUTERBOUND(#3441,.F.);
#3443= IFCFACE((#3442));
#3444= IFCPOLYLOOP((#3218,#3217,#3220));
#3445= IFCFACEOUTERBOUND(#3444,.F.);
#3446= IFCFACE((#3445));
#3447= IFCPOLYLOOP((#3218,#3220,#3221));
#3448= IFCFACEOUTERBOUND(#3447,.F.);
#3449= IFCFACE((#3448));
#3450= IFCPOLYLOOP((#3221,#3220,#3222));
#3451= IFCFACEOUTERBOUND(#3450,.F.);
#3452= IFCFACE((#3451));
#3453= IFCPOLYLOOP((#3219,#3223,#3224));
#3454= IFCFACEOUTERBOUND(#3453,.F.);
#3455= IFCFACE((#3454));
#3456= IFCPOLYLOOP((#3223,#3219,#3218));
#3457= IFCFACEOUTERBOUND(#3456,.F.);
#3458= IFCFACE((#3457));
#3459= IFCPOLYLOOP((#3224,#3223,#3222));
#3460= IFCFACEOUTERBOUND(#3459,.F.);
#3461= IFCFACE((#3460));
#3462= IFCPOLYLOOP((#3224,#3222,#3220));
#3463= IFCFACEOUTERBOUND(#3462,.F.);
#3464= IFCFACE((#3463));
#3465= IFCPOLYLOOP((#3225,#3226,#3227));
#3466= IFCFACEOUTERBOUND(#3465,.F.);
#3467= IFCFACE((#3466));
#3468= IFCPOLYLOOP((#3226,#3225,#3228));
#3469= IFCFACEOUTERBOUND(#3468,.F.);
#3470= IFCFACE((#3469));
#3471= IFCPOLYLOOP((#3226,#3228,#3229));
#3472= IFCFACEOUTERBOUND(#3471,.F.);
#3473= IFCFACE((#3472));
#3474= IFCPOLYLOOP((#3229,#3228,#3230));
#3475= IFCFACEOUTERBOUND(#3474,.F.);
#3476= IFCFACE((#3475));
#3477= IFCPOLYLOOP((#3227,#3231,#3232));
#3478= IFCFACEOUTERBOUND(#3477,.F.);
#3479= IFCFACE((#3478));
#3480= IFCPOLYLOOP((#3231,#3227,#3226));
#3481= IFCFACEOUTERBOUND(#3480,.F.);
#3482= IFCFACE((#3481));
#3483= IFCPOLYLOOP((#3232,#3231,#3230));
#3484= IFCFACEOUTERBOUND(#3483,.F.);
#3485= IFCFACE((#3484));
#3486= IFCPOLYLOOP((#3232,#3230,#3228));
#3487= IFCFACEOUTERBOUND(#3486,.F.);
#3488= IFCFACE((#3487));
#3489= IFCPOLYLOOP((#3233,#3234,#3235));
#3490= IFCFACEOUTERBOUND(#3489,.F.);
#3491= IFCFACE((#3490));
#3492= IFCPOLYLOOP((#3234,#3233,#3236));
#3493= IFCFACEOUTERBOUND(#3492,.F.);
#3494= IFCFACE((#3493));
#3495= IFCPOLYLOOP((#3237,#3217,#3220));
#3496= IFCFACEOUTERBOUND(#3495,.F.);
#3497= IFCFACE((#3496));
#3498= IFCPOLYLOOP((#3217,#3237,#3238));
#3499= IFCFACEOUTERBOUND(#3498,.F.);
#3500= IFCFACE((#3499));
#3501= IFCPOLYLOOP((#3234,#3239,#3235));
#3502= IFCFACEOUTERBOUND(#3501,.F.);
#3503= IFCFACE((#3502));
#3504= IFCPOLYLOOP((#3239,#3234,#3240));
#3505= IFCFACEOUTERBOUND(#3504,.F.);
#3506= IFCFACE((#3505));
#3507= IFCPOLYLOOP((#3240,#3234,#3241));
#3508= IFCFACEOUTERBOUND(#3507,.F.);
#3509= IFCFACE((#3508));
#3510= IFCPOLYLOOP((#3241,#3214,#3216));
#3511= IFCFACEOUTERBOUND(#3510,.F.);
#3512= IFCFACE((#3511));
#3513= IFCPOLYLOOP((#3214,#3241,#3242));
#3514= IFCFACEOUTERBOUND(#3513,.F.);
#3515= IFCFACE((#3514));
#3516= IFCPOLYLOOP((#3242,#3241,#3234));
#3517= IFCFACEOUTERBOUND(#3516,.F.);
#3518= IFCFACE((#3517));
#3519= IFCPOLYLOOP((#3243,#3227,#3232));
#3520= IFCFACEOUTERBOUND(#3519,.F.);
#3521= IFCFACE((#3520));
#3522= IFCPOLYLOOP((#3227,#3243,#3244));
#3523= IFCFACEOUTERBOUND(#3522,.F.);
#3524= IFCFACE((#3523));
#3525= IFCPOLYLOOP((#3240,#3245,#3239));
#3526= IFCFACEOUTERBOUND(#3525,.F.);
#3527= IFCFACE((#3526));
#3528= IFCPOLYLOOP((#3245,#3240,#3246));
#3529= IFCFACEOUTERBOUND(#3528,.F.);
#3530= IFCFACE((#3529));
#3531= IFCPOLYLOOP((#3247,#3225,#3228));
#3532= IFCFACEOUTERBOUND(#3531,.F.);
#3533= IFCFACE((#3532));
#3534= IFCPOLYLOOP((#3225,#3247,#3248));
#3535= IFCFACEOUTERBOUND(#3534,.F.);
#3536= IFCFACE((#3535));
#3537= IFCPOLYLOOP((#3249,#3250,#3251));
#3538= IFCFACEOUTERBOUND(#3537,.F.);
#3539= IFCFACE((#3538));
#3540= IFCPOLYLOOP((#3250,#3249,#3252));
#3541= IFCFACEOUTERBOUND(#3540,.F.);
#3542= IFCFACE((#3541));
#3543= IFCPOLYLOOP((#3253,#3254,#3255));
#3544= IFCFACEOUTERBOUND(#3543,.F.);
#3545= IFCFACE((#3544));
#3546= IFCPOLYLOOP((#3254,#3253,#3256));
#3547= IFCFACEOUTERBOUND(#3546,.F.);
#3548= IFCFACE((#3547));
#3549= IFCPOLYLOOP((#3254,#3256,#3257));
#3550= IFCFACEOUTERBOUND(#3549,.F.);
#3551= IFCFACE((#3550));
#3552= IFCPOLYLOOP((#3257,#3256,#3258));
#3553= IFCFACEOUTERBOUND(#3552,.F.);
#3554= IFCFACE((#3553));
#3555= IFCPOLYLOOP((#3255,#3259,#3260));
#3556= IFCFACEOUTERBOUND(#3555,.F.);
#3557= IFCFACE((#3556));
#3558= IFCPOLYLOOP((#3259,#3255,#3254));
#3559= IFCFACEOUTERBOUND(#3558,.F.);
#3560= IFCFACE((#3559));
#3561= IFCPOLYLOOP((#3260,#3259,#3258));
#3562= IFCFACEOUTERBOUND(#3561,.F.);
#3563= IFCFACE((#3562));
#3564= IFCPOLYLOOP((#3260,#3258,#3256));
#3565= IFCFACEOUTERBOUND(#3564,.F.);
#3566= IFCFACE((#3565));
#3567= IFCPOLYLOOP((#3261,#3214,#3242));
#3568= IFCFACEOUTERBOUND(#3567,.F.);
#3569= IFCFACE((#3568));
#3570= IFCPOLYLOOP((#3214,#3261,#3215));
#3571= IFCFACEOUTERBOUND(#3570,.F.);
#3572= IFCFACE((#3571));
#3573= IFCPOLYLOOP((#3262,#3260,#3263));
#3574= IFCFACEOUTERBOUND(#3573,.F.);
#3575= IFCFACE((#3574));
#3576= IFCPOLYLOOP((#3260,#3262,#3255));
#3577= IFCFACEOUTERBOUND(#3576,.F.);
#3578= IFCFACE((#3577));
#3579= IFCPOLYLOOP((#3236,#3264,#3233));
#3580= IFCFACEOUTERBOUND(#3579,.F.);
#3581= IFCFACE((#3580));
#3582= IFCPOLYLOOP((#3264,#3236,#3265));
#3583= IFCFACEOUTERBOUND(#3582,.F.);
#3584= IFCFACE((#3583));
#3585= IFCPOLYLOOP((#3265,#3236,#3266));
#3586= IFCFACEOUTERBOUND(#3585,.F.);
#3587= IFCFACE((#3586));
#3588= IFCPOLYLOOP((#3266,#3215,#3213));
#3589= IFCFACEOUTERBOUND(#3588,.F.);
#3590= IFCFACE((#3589));
#3591= IFCPOLYLOOP((#3215,#3266,#3261));
#3592= IFCFACEOUTERBOUND(#3591,.F.);
#3593= IFCFACE((#3592));
#3594= IFCPOLYLOOP((#3261,#3266,#3236));
#3595= IFCFACEOUTERBOUND(#3594,.F.);
#3596= IFCFACE((#3595));
#3597= IFCPOLYLOOP((#3256,#3267,#3268));
#3598= IFCFACEOUTERBOUND(#3597,.F.);
#3599= IFCFACE((#3598));
#3600= IFCPOLYLOOP((#3267,#3256,#3253));
#3601= IFCFACEOUTERBOUND(#3600,.F.);
#3602= IFCFACE((#3601));
#3603= IFCPOLYLOOP((#3254,#3269,#3270));
#3604= IFCFACEOUTERBOUND(#3603,.F.);
#3605= IFCFACE((#3604));
#3606= IFCPOLYLOOP((#3269,#3254,#3257));
#3607= IFCFACEOUTERBOUND(#3606,.F.);
#3608= IFCFACE((#3607));
#3609= IFCPOLYLOOP((#3271,#3272,#3273));
#3610= IFCFACEOUTERBOUND(#3609,.F.);
#3611= IFCFACE((#3610));
#3612= IFCPOLYLOOP((#3272,#3271,#3274));
#3613= IFCFACEOUTERBOUND(#3612,.F.);
#3614= IFCFACE((#3613));
#3615= IFCPOLYLOOP((#3275,#3259,#3276));
#3616= IFCFACEOUTERBOUND(#3615,.F.);
#3617= IFCFACE((#3616));
#3618= IFCPOLYLOOP((#3259,#3275,#3258));
#3619= IFCFACEOUTERBOUND(#3618,.F.);
#3620= IFCFACE((#3619));
#3621= IFCPOLYLOOP((#3271,#3276,#3273));
#3622= IFCFACEOUTERBOUND(#3621,.F.);
#3623= IFCFACE((#3622));
#3624= IFCPOLYLOOP((#3276,#3271,#3275));
#3625= IFCFACEOUTERBOUND(#3624,.F.);
#3626= IFCFACE((#3625));
#3627= IFCPOLYLOOP((#3277,#3278,#3279));
#3628= IFCFACEOUTERBOUND(#3627,.F.);
#3629= IFCFACE((#3628));
#3630= IFCPOLYLOOP((#3278,#3277,#3280));
#3631= IFCFACEOUTERBOUND(#3630,.F.);
#3632= IFCFACE((#3631));
#3633= IFCPOLYLOOP((#3278,#3280,#3281));
#3634= IFCFACEOUTERBOUND(#3633,.F.);
#3635= IFCFACE((#3634));
#3636= IFCPOLYLOOP((#3281,#3280,#3282));
#3637= IFCFACEOUTERBOUND(#3636,.F.);
#3638= IFCFACE((#3637));
#3639= IFCPOLYLOOP((#3279,#3283,#3284));
#3640= IFCFACEOUTERBOUND(#3639,.F.);
#3641= IFCFACE((#3640));
#3642= IFCPOLYLOOP((#3283,#3279,#3278));
#3643= IFCFACEOUTERBOUND(#3642,.F.);
#3644= IFCFACE((#3643));
#3645= IFCPOLYLOOP((#3284,#3283,#3282));
#3646= IFCFACEOUTERBOUND(#3645,.F.);
#3647= IFCFACE((#3646));
#3648= IFCPOLYLOOP((#3284,#3282,#3280));
#3649= IFCFACEOUTERBOUND(#3648,.F.);
#3650= IFCFACE((#3649));
#3651= IFCPOLYLOOP((#3270,#3274,#3272));
#3652= IFCFACEOUTERBOUND(#3651,.F.);
#3653= IFCFACE((#3652));
#3654= IFCPOLYLOOP((#3274,#3270,#3269));
#3655= IFCFACEOUTERBOUND(#3654,.F.);
#3656= IFCFACE((#3655));
#3657= IFCPOLYLOOP((#3285,#3286,#3287));
#3658= IFCFACEOUTERBOUND(#3657,.F.);
#3659= IFCFACE((#3658));
#3660= IFCPOLYLOOP((#3286,#3285,#3288));
#3661= IFCFACEOUTERBOUND(#3660,.F.);
#3662= IFCFACE((#3661));
#3663= IFCPOLYLOOP((#3289,#3284,#3290));
#3664= IFCFACEOUTERBOUND(#3663,.F.);
#3665= IFCFACE((#3664));
#3666= IFCPOLYLOOP((#3284,#3289,#3279));
#3667= IFCFACEOUTERBOUND(#3666,.F.);
#3668= IFCFACE((#3667));
#3669= IFCPOLYLOOP((#3238,#3268,#3237));
#3670= IFCFACEOUTERBOUND(#3669,.F.);
#3671= IFCFACE((#3670));
#3672= IFCPOLYLOOP((#3268,#3238,#3267));
#3673= IFCFACEOUTERBOUND(#3672,.F.);
#3674= IFCFACE((#3673));
#3675= IFCPOLYLOOP((#3285,#3291,#3287));
#3676= IFCFACEOUTERBOUND(#3675,.F.);
#3677= IFCFACE((#3676));
#3678= IFCPOLYLOOP((#3291,#3285,#3292));
#3679= IFCFACEOUTERBOUND(#3678,.F.);
#3680= IFCFACE((#3679));
#3681= IFCPOLYLOOP((#3275,#3270,#3276));
#3682= IFCFACEOUTERBOUND(#3681,.F.);
#3683= IFCFACE((#3682));
#3684= IFCPOLYLOOP((#3270,#3275,#3269));
#3685= IFCFACEOUTERBOUND(#3684,.F.);
#3686= IFCFACE((#3685));
#3687= IFCPOLYLOOP((#3280,#3293,#3294));
#3688= IFCFACEOUTERBOUND(#3687,.F.);
#3689= IFCFACE((#3688));
#3690= IFCPOLYLOOP((#3293,#3280,#3277));
#3691= IFCFACEOUTERBOUND(#3690,.F.);
#3692= IFCFACE((#3691));
#3693= IFCPOLYLOOP((#3295,#3263,#3296));
#3694= IFCFACEOUTERBOUND(#3693,.F.);
#3695= IFCFACE((#3694));
#3696= IFCPOLYLOOP((#3263,#3295,#3262));
#3697= IFCFACEOUTERBOUND(#3696,.F.);
#3698= IFCFACE((#3697));
#3699= IFCPOLYLOOP((#3297,#3288,#3286));
#3700= IFCFACEOUTERBOUND(#3699,.F.);
#3701= IFCFACE((#3700));
#3702= IFCPOLYLOOP((#3288,#3297,#3298));
#3703= IFCFACEOUTERBOUND(#3702,.F.);
#3704= IFCFACE((#3703));
#3705= IFCPOLYLOOP((#3222,#3273,#3223));
#3706= IFCFACEOUTERBOUND(#3705,.F.);
#3707= IFCFACE((#3706));
#3708= IFCPOLYLOOP((#3273,#3222,#3271));
#3709= IFCFACEOUTERBOUND(#3708,.F.);
#3710= IFCFACE((#3709));
#3711= IFCPOLYLOOP((#3248,#3294,#3247));
#3712= IFCFACEOUTERBOUND(#3711,.F.);
#3713= IFCFACE((#3712));
#3714= IFCPOLYLOOP((#3294,#3248,#3293));
#3715= IFCFACEOUTERBOUND(#3714,.F.);
#3716= IFCFACE((#3715));
#3717= IFCPOLYLOOP((#3278,#3298,#3297));
#3718= IFCFACEOUTERBOUND(#3717,.F.);
#3719= IFCFACE((#3718));
#3720= IFCPOLYLOOP((#3298,#3278,#3281));
#3721= IFCFACEOUTERBOUND(#3720,.F.);
#3722= IFCFACE((#3721));
#3723= IFCPOLYLOOP((#3272,#3221,#3218));
#3724= IFCFACEOUTERBOUND(#3723,.F.);
#3725= IFCFACE((#3724));
#3726= IFCPOLYLOOP((#3221,#3272,#3274));
#3727= IFCFACEOUTERBOUND(#3726,.F.);
#3728= IFCFACE((#3727));
#3729= IFCPOLYLOOP((#3244,#3290,#3243));
#3730= IFCFACEOUTERBOUND(#3729,.F.);
#3731= IFCFACE((#3730));
#3732= IFCPOLYLOOP((#3290,#3244,#3289));
#3733= IFCFACEOUTERBOUND(#3732,.F.);
#3734= IFCFACE((#3733));
#3735= IFCPOLYLOOP((#3292,#3283,#3291));
#3736= IFCFACEOUTERBOUND(#3735,.F.);
#3737= IFCFACE((#3736));
#3738= IFCPOLYLOOP((#3283,#3292,#3282));
#3739= IFCFACEOUTERBOUND(#3738,.F.);
#3740= IFCFACE((#3739));
#3741= IFCPOLYLOOP((#3292,#3297,#3291));
#3742= IFCFACEOUTERBOUND(#3741,.F.);
#3743= IFCFACE((#3742));
#3744= IFCPOLYLOOP((#3297,#3292,#3298));
#3745= IFCFACEOUTERBOUND(#3744,.F.);
#3746= IFCFACE((#3745));
#3747= IFCPOLYLOOP((#3230,#3287,#3231));
#3748= IFCFACEOUTERBOUND(#3747,.F.);
#3749= IFCFACE((#3748));
#3750= IFCPOLYLOOP((#3287,#3230,#3285));
#3751= IFCFACEOUTERBOUND(#3750,.F.);
#3752= IFCFACE((#3751));
#3753= IFCPOLYLOOP((#3286,#3229,#3226));
#3754= IFCFACEOUTERBOUND(#3753,.F.);
#3755= IFCFACE((#3754));
#3756= IFCPOLYLOOP((#3229,#3286,#3288));
#3757= IFCFACEOUTERBOUND(#3756,.F.);
#3758= IFCFACE((#3757));
#3759= IFCPOLYLOOP((#3246,#3299,#3245));
#3760= IFCFACEOUTERBOUND(#3759,.F.);
#3761= IFCFACE((#3760));
#3762= IFCPOLYLOOP((#3299,#3246,#3300));
#3763= IFCFACEOUTERBOUND(#3762,.F.);
#3764= IFCFACE((#3763));
#3765= IFCPOLYLOOP((#3251,#3241,#3216));
#3766= IFCFACEOUTERBOUND(#3765,.F.);
#3767= IFCFACE((#3766));
#3768= IFCPOLYLOOP((#3241,#3251,#3250));
#3769= IFCFACEOUTERBOUND(#3768,.F.);
#3770= IFCFACE((#3769));
#3771= IFCPOLYLOOP((#3245,#3301,#3302));
#3772= IFCFACEOUTERBOUND(#3771,.F.);
#3773= IFCFACE((#3772));
#3774= IFCPOLYLOOP((#3301,#3245,#3246));
#3775= IFCFACEOUTERBOUND(#3774,.F.);
#3776= IFCFACE((#3775));
#3777= IFCPOLYLOOP((#3302,#3301,#3251));
#3778= IFCFACEOUTERBOUND(#3777,.F.);
#3779= IFCFACE((#3778));
#3780= IFCPOLYLOOP((#3301,#3246,#3303));
#3781= IFCFACEOUTERBOUND(#3780,.F.);
#3782= IFCFACE((#3781));
#3783= IFCPOLYLOOP((#3303,#3246,#3244));
#3784= IFCFACEOUTERBOUND(#3783,.F.);
#3785= IFCFACE((#3784));
#3786= IFCPOLYLOOP((#3303,#3244,#3304));
#3787= IFCFACEOUTERBOUND(#3786,.F.);
#3788= IFCFACE((#3787));
#3789= IFCPOLYLOOP((#3304,#3244,#3305));
#3790= IFCFACEOUTERBOUND(#3789,.F.);
#3791= IFCFACE((#3790));
#3792= IFCPOLYLOOP((#3305,#3244,#3306));
#3793= IFCFACEOUTERBOUND(#3792,.F.);
#3794= IFCFACE((#3793));
#3795= IFCPOLYLOOP((#3244,#3246,#3243));
#3796= IFCFACEOUTERBOUND(#3795,.F.);
#3797= IFCFACE((#3796));
#3798= IFCPOLYLOOP((#3243,#3246,#3307));
#3799= IFCFACEOUTERBOUND(#3798,.F.);
#3800= IFCFACE((#3799));
#3801= IFCPOLYLOOP((#3243,#3307,#3247));
#3802= IFCFACEOUTERBOUND(#3801,.F.);
#3803= IFCFACE((#3802));
#3804= IFCPOLYLOOP((#3247,#3307,#3296));
#3805= IFCFACEOUTERBOUND(#3804,.F.);
#3806= IFCFACE((#3805));
#3807= IFCPOLYLOOP((#3296,#3307,#3237));
#3808= IFCFACEOUTERBOUND(#3807,.F.);
#3809= IFCFACE((#3808));
#3810= IFCPOLYLOOP((#3307,#3246,#3308));
#3811= IFCFACEOUTERBOUND(#3810,.F.);
#3812= IFCFACE((#3811));
#3813= IFCPOLYLOOP((#3308,#3246,#3309));
#3814= IFCFACEOUTERBOUND(#3813,.F.);
#3815= IFCFACE((#3814));
#3816= IFCPOLYLOOP((#3309,#3246,#3310));
#3817= IFCFACEOUTERBOUND(#3816,.F.);
#3818= IFCFACE((#3817));
#3819= IFCPOLYLOOP((#3310,#3246,#3311));
#3820= IFCFACEOUTERBOUND(#3819,.F.);
#3821= IFCFACE((#3820));
#3822= IFCPOLYLOOP((#3251,#3312,#3250));
#3823= IFCFACEOUTERBOUND(#3822,.F.);
#3824= IFCFACE((#3823));
#3825= IFCPOLYLOOP((#3312,#3251,#3301));
#3826= IFCFACEOUTERBOUND(#3825,.F.);
#3827= IFCFACE((#3826));
#3828= IFCPOLYLOOP((#3250,#3312,#3306));
#3829= IFCFACEOUTERBOUND(#3828,.F.);
#3830= IFCFACE((#3829));
#3831= IFCPOLYLOOP((#3250,#3306,#3238));
#3832= IFCFACEOUTERBOUND(#3831,.F.);
#3833= IFCFACE((#3832));
#3834= IFCPOLYLOOP((#3238,#3306,#3244));
#3835= IFCFACEOUTERBOUND(#3834,.F.);
#3836= IFCFACE((#3835));
#3837= IFCPOLYLOOP((#3250,#3238,#3237));
#3838= IFCFACEOUTERBOUND(#3837,.F.);
#3839= IFCFACE((#3838));
#3840= IFCPOLYLOOP((#3250,#3237,#3313));
#3841= IFCFACEOUTERBOUND(#3840,.F.);
#3842= IFCFACE((#3841));
#3843= IFCPOLYLOOP((#3313,#3237,#3307));
#3844= IFCFACEOUTERBOUND(#3843,.F.);
#3845= IFCFACE((#3844));
#3846= IFCPOLYLOOP((#3250,#3313,#3311));
#3847= IFCFACEOUTERBOUND(#3846,.F.);
#3848= IFCFACE((#3847));
#3849= IFCPOLYLOOP((#3250,#3311,#3246));
#3850= IFCFACEOUTERBOUND(#3849,.F.);
#3851= IFCFACE((#3850));
#3852= IFCPOLYLOOP((#3309,#3314,#3315));
#3853= IFCFACEOUTERBOUND(#3852,.F.);
#3854= IFCFACE((#3853));
#3855= IFCPOLYLOOP((#3314,#3309,#3310));
#3856= IFCFACEOUTERBOUND(#3855,.F.);
#3857= IFCFACE((#3856));
#3858= IFCPOLYLOOP((#3247,#3295,#3248));
#3859= IFCFACEOUTERBOUND(#3858,.F.);
#3860= IFCFACE((#3859));
#3861= IFCPOLYLOOP((#3295,#3247,#3296));
#3862= IFCFACEOUTERBOUND(#3861,.F.);
#3863= IFCFACE((#3862));
#3864= IFCPOLYLOOP((#3304,#3316,#3317));
#3865= IFCFACEOUTERBOUND(#3864,.F.);
#3866= IFCFACE((#3865));
#3867= IFCPOLYLOOP((#3316,#3304,#3305));
#3868= IFCFACEOUTERBOUND(#3867,.F.);
#3869= IFCFACE((#3868));
#3870= IFCPOLYLOOP((#3249,#3318,#3319));
#3871= IFCFACEOUTERBOUND(#3870,.F.);
#3872= IFCFACE((#3871));
#3873= IFCPOLYLOOP((#3318,#3249,#3252));
#3874= IFCFACEOUTERBOUND(#3873,.F.);
#3875= IFCFACE((#3874));
#3876= IFCPOLYLOOP((#3319,#3318,#3299));
#3877= IFCFACEOUTERBOUND(#3876,.F.);
#3878= IFCFACE((#3877));
#3879= IFCPOLYLOOP((#3318,#3252,#3320));
#3880= IFCFACEOUTERBOUND(#3879,.F.);
#3881= IFCFACE((#3880));
#3882= IFCPOLYLOOP((#3320,#3252,#3267));
#3883= IFCFACEOUTERBOUND(#3882,.F.);
#3884= IFCFACE((#3883));
#3885= IFCPOLYLOOP((#3320,#3267,#3321));
#3886= IFCFACEOUTERBOUND(#3885,.F.);
#3887= IFCFACE((#3886));
#3888= IFCPOLYLOOP((#3321,#3267,#3322));
#3889= IFCFACEOUTERBOUND(#3888,.F.);
#3890= IFCFACE((#3889));
#3891= IFCPOLYLOOP((#3322,#3267,#3323));
#3892= IFCFACEOUTERBOUND(#3891,.F.);
#3893= IFCFACE((#3892));
#3894= IFCPOLYLOOP((#3267,#3252,#3268));
#3895= IFCFACEOUTERBOUND(#3894,.F.);
#3896= IFCFACE((#3895));
#3897= IFCPOLYLOOP((#3268,#3252,#3324));
#3898= IFCFACEOUTERBOUND(#3897,.F.);
#3899= IFCFACE((#3898));
#3900= IFCPOLYLOOP((#3268,#3324,#3263));
#3901= IFCFACEOUTERBOUND(#3900,.F.);
#3902= IFCFACE((#3901));
#3903= IFCPOLYLOOP((#3263,#3324,#3294));
#3904= IFCFACEOUTERBOUND(#3903,.F.);
#3905= IFCFACE((#3904));
#3906= IFCPOLYLOOP((#3294,#3324,#3290));
#3907= IFCFACEOUTERBOUND(#3906,.F.);
#3908= IFCFACE((#3907));
#3909= IFCPOLYLOOP((#3324,#3252,#3325));
#3910= IFCFACEOUTERBOUND(#3909,.F.);
#3911= IFCFACE((#3910));
#3912= IFCPOLYLOOP((#3325,#3252,#3326));
#3913= IFCFACEOUTERBOUND(#3912,.F.);
#3914= IFCFACE((#3913));
#3915= IFCPOLYLOOP((#3326,#3252,#3327));
#3916= IFCFACEOUTERBOUND(#3915,.F.);
#3917= IFCFACE((#3916));
#3918= IFCPOLYLOOP((#3327,#3252,#3328));
#3919= IFCFACEOUTERBOUND(#3918,.F.);
#3920= IFCFACE((#3919));
#3921= IFCPOLYLOOP((#3299,#3329,#3300));
#3922= IFCFACEOUTERBOUND(#3921,.F.);
#3923= IFCFACE((#3922));
#3924= IFCPOLYLOOP((#3329,#3299,#3318));
#3925= IFCFACEOUTERBOUND(#3924,.F.);
#3926= IFCFACE((#3925));
#3927= IFCPOLYLOOP((#3300,#3329,#3323));
#3928= IFCFACEOUTERBOUND(#3927,.F.);
#3929= IFCFACE((#3928));
#3930= IFCPOLYLOOP((#3300,#3323,#3289));
#3931= IFCFACEOUTERBOUND(#3930,.F.);
#3932= IFCFACE((#3931));
#3933= IFCPOLYLOOP((#3289,#3323,#3267));
#3934= IFCFACEOUTERBOUND(#3933,.F.);
#3935= IFCFACE((#3934));
#3936= IFCPOLYLOOP((#3300,#3289,#3290));
#3937= IFCFACEOUTERBOUND(#3936,.F.);
#3938= IFCFACE((#3937));
#3939= IFCPOLYLOOP((#3300,#3290,#3330));
#3940= IFCFACEOUTERBOUND(#3939,.F.);
#3941= IFCFACE((#3940));
#3942= IFCPOLYLOOP((#3330,#3290,#3324));
#3943= IFCFACEOUTERBOUND(#3942,.F.);
#3944= IFCFACE((#3943));
#3945= IFCPOLYLOOP((#3300,#3330,#3328));
#3946= IFCFACEOUTERBOUND(#3945,.F.);
#3947= IFCFACE((#3946));
#3948= IFCPOLYLOOP((#3300,#3328,#3252));
#3949= IFCFACEOUTERBOUND(#3948,.F.);
#3950= IFCFACE((#3949));
#3951= IFCPOLYLOOP((#3326,#3331,#3332));
#3952= IFCFACEOUTERBOUND(#3951,.F.);
#3953= IFCFACE((#3952));
#3954= IFCPOLYLOOP((#3331,#3326,#3327));
#3955= IFCFACEOUTERBOUND(#3954,.F.);
#3956= IFCFACE((#3955));
#3957= IFCPOLYLOOP((#3263,#3293,#3262));
#3958= IFCFACEOUTERBOUND(#3957,.F.);
#3959= IFCFACE((#3958));
#3960= IFCPOLYLOOP((#3293,#3263,#3294));
#3961= IFCFACEOUTERBOUND(#3960,.F.);
#3962= IFCFACE((#3961));
#3963= IFCPOLYLOOP((#3321,#3333,#3334));
#3964= IFCFACEOUTERBOUND(#3963,.F.);
#3965= IFCFACE((#3964));
#3966= IFCPOLYLOOP((#3333,#3321,#3322));
#3967= IFCFACEOUTERBOUND(#3966,.F.);
#3968= IFCFACE((#3967));
#3969= IFCPOLYLOOP((#3300,#3264,#3299));
#3970= IFCFACEOUTERBOUND(#3969,.F.);
#3971= IFCFACE((#3970));
#3972= IFCPOLYLOOP((#3264,#3300,#3265));
#3973= IFCFACEOUTERBOUND(#3972,.F.);
#3974= IFCFACE((#3973));
#3975= IFCPOLYLOOP((#3213,#3252,#3249));
#3976= IFCFACEOUTERBOUND(#3975,.F.);
#3977= IFCFACE((#3976));
#3978= IFCPOLYLOOP((#3252,#3213,#3266));
#3979= IFCFACEOUTERBOUND(#3978,.F.);
#3980= IFCFACE((#3979));
#3981= IFCPOLYLOOP((#3296,#3219,#3224));
#3982= IFCFACEOUTERBOUND(#3981,.F.);
#3983= IFCFACE((#3982));
#3984= IFCPOLYLOOP((#3219,#3296,#3295));
#3985= IFCFACEOUTERBOUND(#3984,.F.);
#3986= IFCFACE((#3985));
#3987= IFCPOLYLOOP((#3299,#3302,#3319));
#3988= IFCFACEOUTERBOUND(#3987,.F.);
#3989= IFCFACE((#3988));
#3990= IFCPOLYLOOP((#3302,#3299,#3245));
#3991= IFCFACEOUTERBOUND(#3990,.F.);
#3992= IFCFACE((#3991));
#3993= IFCPOLYLOOP((#3335,#3336,#3337));
#3994= IFCFACEOUTERBOUND(#3993,.F.);
#3995= IFCFACE((#3994));
#3996= IFCPOLYLOOP((#3336,#3335,#3338));
#3997= IFCFACEOUTERBOUND(#3996,.F.);
#3998= IFCFACE((#3997));
#3999= IFCPOLYLOOP((#3336,#3338,#3339));
#4000= IFCFACEOUTERBOUND(#3999,.F.);
#4001= IFCFACE((#4000));
#4002= IFCPOLYLOOP((#3339,#3338,#3340));
#4003= IFCFACEOUTERBOUND(#4002,.F.);
#4004= IFCFACE((#4003));
#4005= IFCPOLYLOOP((#3337,#3341,#3342));
#4006= IFCFACEOUTERBOUND(#4005,.F.);
#4007= IFCFACE((#4006));
#4008= IFCPOLYLOOP((#3341,#3337,#3336));
#4009= IFCFACEOUTERBOUND(#4008,.F.);
#4010= IFCFACE((#4009));
#4011= IFCPOLYLOOP((#3342,#3341,#3340));
#4012= IFCFACEOUTERBOUND(#4011,.F.);
#4013= IFCFACE((#4012));
#4014= IFCPOLYLOOP((#3342,#3340,#3338));
#4015= IFCFACEOUTERBOUND(#4014,.F.);
#4016= IFCFACE((#4015));
#4017= IFCPOLYLOOP((#3342,#3316,#3337));
#4018= IFCFACEOUTERBOUND(#4017,.F.);
#4019= IFCFACE((#4018));
#4020= IFCPOLYLOOP((#3316,#3342,#3305));
#4021= IFCFACEOUTERBOUND(#4020,.F.);
#4022= IFCFACE((#4021));
#4023= IFCPOLYLOOP((#3312,#3338,#3335));
#4024= IFCFACEOUTERBOUND(#4023,.F.);
#4025= IFCFACE((#4024));
#4026= IFCPOLYLOOP((#3338,#3312,#3306));
#4027= IFCFACEOUTERBOUND(#4026,.F.);
#4028= IFCFACE((#4027));
#4029= IFCPOLYLOOP((#3343,#3344,#3345));
#4030= IFCFACEOUTERBOUND(#4029,.F.);
#4031= IFCFACE((#4030));
#4032= IFCPOLYLOOP((#3344,#3343,#3346));
#4033= IFCFACEOUTERBOUND(#4032,.F.);
#4034= IFCFACE((#4033));
#4035= IFCPOLYLOOP((#3343,#3347,#3345));
#4036= IFCFACEOUTERBOUND(#4035,.F.);
#4037= IFCFACE((#4036));
#4038= IFCPOLYLOOP((#3347,#3343,#3348));
#4039= IFCFACEOUTERBOUND(#4038,.F.);
#4040= IFCFACE((#4039));
#4041= IFCPOLYLOOP((#3349,#3346,#3344));
#4042= IFCFACEOUTERBOUND(#4041,.F.);
#4043= IFCFACE((#4042));
#4044= IFCPOLYLOOP((#3346,#3349,#3350));
#4045= IFCFACEOUTERBOUND(#4044,.F.);
#4046= IFCFACE((#4045));
#4047= IFCPOLYLOOP((#3306,#3318,#3312));
#4048= IFCFACEOUTERBOUND(#4047,.F.);
#4049= IFCFACE((#4048));
#4050= IFCPOLYLOOP((#3318,#3306,#3320));
#4051= IFCFACEOUTERBOUND(#4050,.F.);
#4052= IFCFACE((#4051));
#4053= IFCPOLYLOOP((#3334,#3305,#3316));
#4054= IFCFACEOUTERBOUND(#4053,.F.);
#4055= IFCFACE((#4054));
#4056= IFCPOLYLOOP((#3305,#3334,#3321));
#4057= IFCFACEOUTERBOUND(#4056,.F.);
#4058= IFCFACE((#4057));
#4059= IFCPOLYLOOP((#3348,#3349,#3347));
#4060= IFCFACEOUTERBOUND(#4059,.F.);
#4061= IFCFACE((#4060));
#4062= IFCPOLYLOOP((#3349,#3348,#3350));
#4063= IFCFACEOUTERBOUND(#4062,.F.);
#4064= IFCFACE((#4063));
#4065= IFCPOLYLOOP((#3340,#3345,#3341));
#4066= IFCFACEOUTERBOUND(#4065,.F.);
#4067= IFCFACE((#4066));
#4068= IFCPOLYLOOP((#3345,#3340,#3343));
#4069= IFCFACEOUTERBOUND(#4068,.F.);
#4070= IFCFACE((#4069));
#4071= IFCPOLYLOOP((#3344,#3339,#3336));
#4072= IFCFACEOUTERBOUND(#4071,.F.);
#4073= IFCFACE((#4072));
#4074= IFCPOLYLOOP((#3339,#3344,#3346));
#4075= IFCFACEOUTERBOUND(#4074,.F.);
#4076= IFCFACE((#4075));
#4077= IFCPOLYLOOP((#3351,#3352,#3353));
#4078= IFCFACEOUTERBOUND(#4077,.F.);
#4079= IFCFACE((#4078));
#4080= IFCPOLYLOOP((#3352,#3351,#3354));
#4081= IFCFACEOUTERBOUND(#4080,.F.);
#4082= IFCFACE((#4081));
#4083= IFCPOLYLOOP((#3352,#3354,#3355));
#4084= IFCFACEOUTERBOUND(#4083,.F.);
#4085= IFCFACE((#4084));
#4086= IFCPOLYLOOP((#3355,#3354,#3356));
#4087= IFCFACEOUTERBOUND(#4086,.F.);
#4088= IFCFACE((#4087));
#4089= IFCPOLYLOOP((#3353,#3357,#3358));
#4090= IFCFACEOUTERBOUND(#4089,.F.);
#4091= IFCFACE((#4090));
#4092= IFCPOLYLOOP((#3357,#3353,#3352));
#4093= IFCFACEOUTERBOUND(#4092,.F.);
#4094= IFCFACE((#4093));
#4095= IFCPOLYLOOP((#3358,#3357,#3356));
#4096= IFCFACEOUTERBOUND(#4095,.F.);
#4097= IFCFACE((#4096));
#4098= IFCPOLYLOOP((#3358,#3356,#3354));
#4099= IFCFACEOUTERBOUND(#4098,.F.);
#4100= IFCFACE((#4099));
#4101= IFCPOLYLOOP((#3353,#3321,#3334));
#4102= IFCFACEOUTERBOUND(#4101,.F.);
#4103= IFCFACE((#4102));
#4104= IFCPOLYLOOP((#3321,#3353,#3358));
#4105= IFCFACEOUTERBOUND(#4104,.F.);
#4106= IFCFACE((#4105));
#4107= IFCPOLYLOOP((#3320,#3351,#3318));
#4108= IFCFACEOUTERBOUND(#4107,.F.);
#4109= IFCFACE((#4108));
#4110= IFCPOLYLOOP((#3351,#3320,#3354));
#4111= IFCFACEOUTERBOUND(#4110,.F.);
#4112= IFCFACE((#4111));
#4113= IFCPOLYLOOP((#3352,#3350,#3349));
#4114= IFCFACEOUTERBOUND(#4113,.F.);
#4115= IFCFACE((#4114));
#4116= IFCPOLYLOOP((#3350,#3352,#3355));
#4117= IFCFACEOUTERBOUND(#4116,.F.);
#4118= IFCFACE((#4117));
#4119= IFCPOLYLOOP((#3348,#3357,#3347));
#4120= IFCFACEOUTERBOUND(#4119,.F.);
#4121= IFCFACE((#4120));
#4122= IFCPOLYLOOP((#3357,#3348,#3356));
#4123= IFCFACEOUTERBOUND(#4122,.F.);
#4124= IFCFACE((#4123));
#4125= IFCPOLYLOOP((#3337,#3312,#3335));
#4126= IFCFACEOUTERBOUND(#4125,.F.);
#4127= IFCFACE((#4126));
#4128= IFCPOLYLOOP((#3312,#3337,#3316));
#4129= IFCFACEOUTERBOUND(#4128,.F.);
#4130= IFCFACE((#4129));
#4131= IFCPOLYLOOP((#3345,#3349,#3344));
#4132= IFCFACEOUTERBOUND(#4131,.F.);
#4133= IFCFACE((#4132));
#4134= IFCPOLYLOOP((#3349,#3345,#3347));
#4135= IFCFACEOUTERBOUND(#4134,.F.);
#4136= IFCFACE((#4135));
#4137= IFCPOLYLOOP((#3334,#3312,#3318));
#4138= IFCFACEOUTERBOUND(#4137,.F.);
#4139= IFCFACE((#4138));
#4140= IFCPOLYLOOP((#3312,#3334,#3316));
#4141= IFCFACEOUTERBOUND(#4140,.F.);
#4142= IFCFACE((#4141));
#4143= IFCPOLYLOOP((#3341,#3344,#3336));
#4144= IFCFACEOUTERBOUND(#4143,.F.);
#4145= IFCFACE((#4144));
#4146= IFCPOLYLOOP((#3344,#3341,#3345));
#4147= IFCFACEOUTERBOUND(#4146,.F.);
#4148= IFCFACE((#4147));
#4149= IFCPOLYLOOP((#3353,#3318,#3351));
#4150= IFCFACEOUTERBOUND(#4149,.F.);
#4151= IFCFACE((#4150));
#4152= IFCPOLYLOOP((#3318,#3353,#3334));
#4153= IFCFACEOUTERBOUND(#4152,.F.);
#4154= IFCFACE((#4153));
#4155= IFCPOLYLOOP((#3347,#3352,#3349));
#4156= IFCFACEOUTERBOUND(#4155,.F.);
#4157= IFCFACE((#4156));
#4158= IFCPOLYLOOP((#3352,#3347,#3357));
#4159= IFCFACEOUTERBOUND(#4158,.F.);
#4160= IFCFACE((#4159));
#4161= IFCPOLYLOOP((#3319,#3251,#3249));
#4162= IFCFACEOUTERBOUND(#4161,.F.);
#4163= IFCFACE((#4162));
#4164= IFCPOLYLOOP((#3251,#3319,#3302));
#4165= IFCFACEOUTERBOUND(#4164,.F.);
#4166= IFCFACE((#4165));
#4167= IFCPOLYLOOP((#3305,#3338,#3306));
#4168= IFCFACEOUTERBOUND(#4167,.F.);
#4169= IFCFACE((#4168));
#4170= IFCPOLYLOOP((#3338,#3305,#3342));
#4171= IFCFACEOUTERBOUND(#4170,.F.);
#4172= IFCFACE((#4171));
#4173= IFCPOLYLOOP((#3255,#3267,#3253));
#4174= IFCFACEOUTERBOUND(#4173,.F.);
#4175= IFCFACE((#4174));
#4176= IFCPOLYLOOP((#3267,#3255,#3262));
#4177= IFCFACEOUTERBOUND(#4176,.F.);
#4178= IFCFACE((#4177));
#4179= IFCPOLYLOOP((#3276,#3254,#3270));
#4180= IFCFACEOUTERBOUND(#4179,.F.);
#4181= IFCFACE((#4180));
#4182= IFCPOLYLOOP((#3254,#3276,#3259));
#4183= IFCFACEOUTERBOUND(#4182,.F.);
#4184= IFCFACE((#4183));
#4185= IFCPOLYLOOP((#3273,#3270,#3272));
#4186= IFCFACEOUTERBOUND(#4185,.F.);
#4187= IFCFACE((#4186));
#4188= IFCPOLYLOOP((#3270,#3273,#3276));
#4189= IFCFACEOUTERBOUND(#4188,.F.);
#4190= IFCFACE((#4189));
#4191= IFCPOLYLOOP((#3295,#3267,#3238));
#4192= IFCFACEOUTERBOUND(#4191,.F.);
#4193= IFCFACE((#4192));
#4194= IFCPOLYLOOP((#3267,#3295,#3262));
#4195= IFCFACEOUTERBOUND(#4194,.F.);
#4196= IFCFACE((#4195));
#4197= IFCPOLYLOOP((#3223,#3272,#3218));
#4198= IFCFACEOUTERBOUND(#4197,.F.);
#4199= IFCFACE((#4198));
#4200= IFCPOLYLOOP((#3272,#3223,#3273));
#4201= IFCFACEOUTERBOUND(#4200,.F.);
#4202= IFCFACE((#4201));
#4203= IFCPOLYLOOP((#3348,#3346,#3350));
#4204= IFCFACEOUTERBOUND(#4203,.F.);
#4205= IFCFACE((#4204));
#4206= IFCPOLYLOOP((#3346,#3348,#3343));
#4207= IFCFACEOUTERBOUND(#4206,.F.);
#4208= IFCFACE((#4207));
#4209= IFCPOLYLOOP((#3305,#3320,#3306));
#4210= IFCFACEOUTERBOUND(#4209,.F.);
#4211= IFCFACE((#4210));
#4212= IFCPOLYLOOP((#3320,#3305,#3321));
#4213= IFCFACEOUTERBOUND(#4212,.F.);
#4214= IFCFACE((#4213));
#4215= IFCPOLYLOOP((#3343,#3339,#3346));
#4216= IFCFACEOUTERBOUND(#4215,.F.);
#4217= IFCFACE((#4216));
#4218= IFCPOLYLOOP((#3339,#3343,#3340));
#4219= IFCFACEOUTERBOUND(#4218,.F.);
#4220= IFCFACE((#4219));
#4221= IFCPOLYLOOP((#3321,#3354,#3320));
#4222= IFCFACEOUTERBOUND(#4221,.F.);
#4223= IFCFACE((#4222));
#4224= IFCPOLYLOOP((#3354,#3321,#3358));
#4225= IFCFACEOUTERBOUND(#4224,.F.);
#4226= IFCFACE((#4225));
#4227= IFCPOLYLOOP((#3356,#3350,#3355));
#4228= IFCFACEOUTERBOUND(#4227,.F.);
#4229= IFCFACE((#4228));
#4230= IFCPOLYLOOP((#3350,#3356,#3348));
#4231= IFCFACEOUTERBOUND(#4230,.F.);
#4232= IFCFACE((#4231));
#4233= IFCPOLYLOOP((#3295,#3217,#3238));
#4234= IFCFACEOUTERBOUND(#4233,.F.);
#4235= IFCFACE((#4234));
#4236= IFCPOLYLOOP((#3217,#3295,#3219));
#4237= IFCFACEOUTERBOUND(#4236,.F.);
#4238= IFCFACE((#4237));
#4239= IFCPOLYLOOP((#3359,#3360,#3361));
#4240= IFCFACEOUTERBOUND(#4239,.F.);
#4241= IFCFACE((#4240));
#4242= IFCPOLYLOOP((#3360,#3359,#3362));
#4243= IFCFACEOUTERBOUND(#4242,.F.);
#4244= IFCFACE((#4243));
#4245= IFCPOLYLOOP((#3360,#3362,#3363));
#4246= IFCFACEOUTERBOUND(#4245,.F.);
#4247= IFCFACE((#4246));
#4248= IFCPOLYLOOP((#3363,#3362,#3364));
#4249= IFCFACEOUTERBOUND(#4248,.F.);
#4250= IFCFACE((#4249));
#4251= IFCPOLYLOOP((#3361,#3365,#3366));
#4252= IFCFACEOUTERBOUND(#4251,.F.);
#4253= IFCFACE((#4252));
#4254= IFCPOLYLOOP((#3365,#3361,#3360));
#4255= IFCFACEOUTERBOUND(#4254,.F.);
#4256= IFCFACE((#4255));
#4257= IFCPOLYLOOP((#3366,#3365,#3364));
#4258= IFCFACEOUTERBOUND(#4257,.F.);
#4259= IFCFACE((#4258));
#4260= IFCPOLYLOOP((#3366,#3364,#3362));
#4261= IFCFACEOUTERBOUND(#4260,.F.);
#4262= IFCFACE((#4261));
#4263= IFCPOLYLOOP((#3367,#3368,#3369));
#4264= IFCFACEOUTERBOUND(#4263,.F.);
#4265= IFCFACE((#4264));
#4266= IFCPOLYLOOP((#3368,#3367,#3370));
#4267= IFCFACEOUTERBOUND(#4266,.F.);
#4268= IFCFACE((#4267));
#4269= IFCPOLYLOOP((#3366,#3301,#3361));
#4270= IFCFACEOUTERBOUND(#4269,.F.);
#4271= IFCFACE((#4270));
#4272= IFCPOLYLOOP((#3301,#3366,#3303));
#4273= IFCFACEOUTERBOUND(#4272,.F.);
#4274= IFCFACE((#4273));
#4275= IFCPOLYLOOP((#3362,#3317,#3359));
#4276= IFCFACEOUTERBOUND(#4275,.F.);
#4277= IFCFACE((#4276));
#4278= IFCPOLYLOOP((#3317,#3362,#3304));
#4279= IFCFACEOUTERBOUND(#4278,.F.);
#4280= IFCFACE((#4279));
#4281= IFCPOLYLOOP((#3371,#3372,#3373));
#4282= IFCFACEOUTERBOUND(#4281,.F.);
#4283= IFCFACE((#4282));
#4284= IFCPOLYLOOP((#3372,#3371,#3374));
#4285= IFCFACEOUTERBOUND(#4284,.F.);
#4286= IFCFACE((#4285));
#4287= IFCPOLYLOOP((#3372,#3374,#3375));
#4288= IFCFACEOUTERBOUND(#4287,.F.);
#4289= IFCFACE((#4288));
#4290= IFCPOLYLOOP((#3375,#3374,#3376));
#4291= IFCFACEOUTERBOUND(#4290,.F.);
#4292= IFCFACE((#4291));
#4293= IFCPOLYLOOP((#3373,#3377,#3378));
#4294= IFCFACEOUTERBOUND(#4293,.F.);
#4295= IFCFACE((#4294));
#4296= IFCPOLYLOOP((#3377,#3373,#3372));
#4297= IFCFACEOUTERBOUND(#4296,.F.);
#4298= IFCFACE((#4297));
#4299= IFCPOLYLOOP((#3378,#3377,#3376));
#4300= IFCFACEOUTERBOUND(#4299,.F.);
#4301= IFCFACE((#4300));
#4302= IFCPOLYLOOP((#3378,#3376,#3374));
#4303= IFCFACEOUTERBOUND(#4302,.F.);
#4304= IFCFACE((#4303));
#4305= IFCPOLYLOOP((#3379,#3380,#3381));
#4306= IFCFACEOUTERBOUND(#4305,.F.);
#4307= IFCFACE((#4306));
#4308= IFCPOLYLOOP((#3380,#3379,#3382));
#4309= IFCFACEOUTERBOUND(#4308,.F.);
#4310= IFCFACE((#4309));
#4311= IFCPOLYLOOP((#3373,#3323,#3329));
#4312= IFCFACEOUTERBOUND(#4311,.F.);
#4313= IFCFACE((#4312));
#4314= IFCPOLYLOOP((#3323,#3373,#3378));
#4315= IFCFACEOUTERBOUND(#4314,.F.);
#4316= IFCFACE((#4315));
#4317= IFCPOLYLOOP((#3329,#3303,#3301));
#4318= IFCFACEOUTERBOUND(#4317,.F.);
#4319= IFCFACE((#4318));
#4320= IFCPOLYLOOP((#3303,#3329,#3323));
#4321= IFCFACEOUTERBOUND(#4320,.F.);
#4322= IFCFACE((#4321));
#4323= IFCPOLYLOOP((#3369,#3383,#3384));
#4324= IFCFACEOUTERBOUND(#4323,.F.);
#4325= IFCFACE((#4324));
#4326= IFCPOLYLOOP((#3383,#3369,#3368));
#4327= IFCFACEOUTERBOUND(#4326,.F.);
#4328= IFCFACE((#4327));
#4329= IFCPOLYLOOP((#3379,#3384,#3381));
#4330= IFCFACEOUTERBOUND(#4329,.F.);
#4331= IFCFACE((#4330));
#4332= IFCPOLYLOOP((#3384,#3379,#3383));
#4333= IFCFACEOUTERBOUND(#4332,.F.);
#4334= IFCFACE((#4333));
#4335= IFCPOLYLOOP((#3322,#3371,#3333));
#4336= IFCFACEOUTERBOUND(#4335,.F.);
#4337= IFCFACE((#4336));
#4338= IFCPOLYLOOP((#3371,#3322,#3374));
#4339= IFCFACEOUTERBOUND(#4338,.F.);
#4340= IFCFACE((#4339));
#4341= IFCPOLYLOOP((#3364,#3381,#3365));
#4342= IFCFACEOUTERBOUND(#4341,.F.);
#4343= IFCFACE((#4342));
#4344= IFCPOLYLOOP((#3381,#3364,#3379));
#4345= IFCFACEOUTERBOUND(#4344,.F.);
#4346= IFCFACE((#4345));
#4347= IFCPOLYLOOP((#3372,#3370,#3367));
#4348= IFCFACEOUTERBOUND(#4347,.F.);
#4349= IFCFACE((#4348));
#4350= IFCPOLYLOOP((#3370,#3372,#3375));
#4351= IFCFACEOUTERBOUND(#4350,.F.);
#4352= IFCFACE((#4351));
#4353= IFCPOLYLOOP((#3384,#3363,#3360));
#4354= IFCFACEOUTERBOUND(#4353,.F.);
#4355= IFCFACE((#4354));
#4356= IFCPOLYLOOP((#3363,#3384,#3383));
#4357= IFCFACEOUTERBOUND(#4356,.F.);
#4358= IFCFACE((#4357));
#4359= IFCPOLYLOOP((#3385,#3377,#3386));
#4360= IFCFACEOUTERBOUND(#4359,.F.);
#4361= IFCFACE((#4360));
#4362= IFCPOLYLOOP((#3377,#3385,#3376));
#4363= IFCFACEOUTERBOUND(#4362,.F.);
#4364= IFCFACE((#4363));
#4365= IFCPOLYLOOP((#3304,#3333,#3317));
#4366= IFCFACEOUTERBOUND(#4365,.F.);
#4367= IFCFACE((#4366));
#4368= IFCPOLYLOOP((#3333,#3304,#3322));
#4369= IFCFACEOUTERBOUND(#4368,.F.);
#4370= IFCFACE((#4369));
#4371= IFCPOLYLOOP((#3382,#3369,#3380));
#4372= IFCFACEOUTERBOUND(#4371,.F.);
#4373= IFCFACE((#4372));
#4374= IFCPOLYLOOP((#3369,#3382,#3368));
#4375= IFCFACEOUTERBOUND(#4374,.F.);
#4376= IFCFACE((#4375));
#4377= IFCPOLYLOOP((#3382,#3386,#3380));
#4378= IFCFACEOUTERBOUND(#4377,.F.);
#4379= IFCFACE((#4378));
#4380= IFCPOLYLOOP((#3386,#3382,#3385));
#4381= IFCFACEOUTERBOUND(#4380,.F.);
#4382= IFCFACE((#4381));
#4383= IFCPOLYLOOP((#3233,#3299,#3264));
#4384= IFCFACEOUTERBOUND(#4383,.F.);
#4385= IFCFACE((#4384));
#4386= IFCPOLYLOOP((#3299,#3233,#3245));
#4387= IFCFACEOUTERBOUND(#4386,.F.);
#4388= IFCFACE((#4387));
#4389= IFCPOLYLOOP((#3245,#3233,#3239));
#4390= IFCFACEOUTERBOUND(#4389,.F.);
#4391= IFCFACE((#4390));
#4392= IFCPOLYLOOP((#3239,#3233,#3235));
#4393= IFCFACEOUTERBOUND(#4392,.F.);
#4394= IFCFACE((#4393));
#4395= IFCPOLYLOOP((#3380,#3367,#3369));
#4396= IFCFACEOUTERBOUND(#4395,.F.);
#4397= IFCFACE((#4396));
#4398= IFCPOLYLOOP((#3367,#3380,#3386));
#4399= IFCFACEOUTERBOUND(#4398,.F.);
#4400= IFCFACE((#4399));
#4401= IFCPOLYLOOP((#3301,#3359,#3317));
#4402= IFCFACEOUTERBOUND(#4401,.F.);
#4403= IFCFACE((#4402));
#4404= IFCPOLYLOOP((#3359,#3301,#3361));
#4405= IFCFACEOUTERBOUND(#4404,.F.);
#4406= IFCFACE((#4405));
#4407= IFCPOLYLOOP((#3381,#3369,#3384));
#4408= IFCFACEOUTERBOUND(#4407,.F.);
#4409= IFCFACE((#4408));
#4410= IFCPOLYLOOP((#3369,#3381,#3380));
#4411= IFCFACEOUTERBOUND(#4410,.F.);
#4412= IFCFACE((#4411));
#4413= IFCPOLYLOOP((#3373,#3333,#3371));
#4414= IFCFACEOUTERBOUND(#4413,.F.);
#4415= IFCFACE((#4414));
#4416= IFCPOLYLOOP((#3333,#3373,#3329));
#4417= IFCFACEOUTERBOUND(#4416,.F.);
#4418= IFCFACE((#4417));
#4419= IFCPOLYLOOP((#3365,#3384,#3360));
#4420= IFCFACEOUTERBOUND(#4419,.F.);
#4421= IFCFACE((#4420));
#4422= IFCPOLYLOOP((#3384,#3365,#3381));
#4423= IFCFACEOUTERBOUND(#4422,.F.);
#4424= IFCFACE((#4423));
#4425= IFCPOLYLOOP((#3386,#3372,#3367));
#4426= IFCFACEOUTERBOUND(#4425,.F.);
#4427= IFCFACE((#4426));
#4428= IFCPOLYLOOP((#3372,#3386,#3377));
#4429= IFCFACEOUTERBOUND(#4428,.F.);
#4430= IFCFACE((#4429));
#4431= IFCPOLYLOOP((#3329,#3317,#3333));
#4432= IFCFACEOUTERBOUND(#4431,.F.);
#4433= IFCFACE((#4432));
#4434= IFCPOLYLOOP((#3317,#3329,#3301));
#4435= IFCFACEOUTERBOUND(#4434,.F.);
#4436= IFCFACE((#4435));
#4437= IFCPOLYLOOP((#3244,#3225,#3248));
#4438= IFCFACEOUTERBOUND(#4437,.F.);
#4439= IFCFACE((#4438));
#4440= IFCPOLYLOOP((#3225,#3244,#3227));
#4441= IFCFACEOUTERBOUND(#4440,.F.);
#4442= IFCFACE((#4441));
#4443= IFCPOLYLOOP((#3303,#3362,#3304));
#4444= IFCFACEOUTERBOUND(#4443,.F.);
#4445= IFCFACE((#4444));
#4446= IFCPOLYLOOP((#3362,#3303,#3366));
#4447= IFCFACEOUTERBOUND(#4446,.F.);
#4448= IFCFACE((#4447));
#4449= IFCPOLYLOOP((#3279,#3293,#3277));
#4450= IFCFACEOUTERBOUND(#4449,.F.);
#4451= IFCFACE((#4450));
#4452= IFCPOLYLOOP((#3293,#3279,#3289));
#4453= IFCFACEOUTERBOUND(#4452,.F.);
#4454= IFCFACE((#4453));
#4455= IFCPOLYLOOP((#3287,#3297,#3286));
#4456= IFCFACEOUTERBOUND(#4455,.F.);
#4457= IFCFACE((#4456));
#4458= IFCPOLYLOOP((#3297,#3287,#3291));
#4459= IFCFACEOUTERBOUND(#4458,.F.);
#4460= IFCFACE((#4459));
#4461= IFCPOLYLOOP((#3244,#3293,#3248));
#4462= IFCFACEOUTERBOUND(#4461,.F.);
#4463= IFCFACE((#4462));
#4464= IFCPOLYLOOP((#3293,#3244,#3289));
#4465= IFCFACEOUTERBOUND(#4464,.F.);
#4466= IFCFACE((#4465));
#4467= IFCPOLYLOOP((#3291,#3278,#3297));
#4468= IFCFACEOUTERBOUND(#4467,.F.);
#4469= IFCFACE((#4468));
#4470= IFCPOLYLOOP((#3278,#3291,#3283));
#4471= IFCFACEOUTERBOUND(#4470,.F.);
#4472= IFCFACE((#4471));
#4473= IFCPOLYLOOP((#3382,#3383,#3368));
#4474= IFCFACEOUTERBOUND(#4473,.F.);
#4475= IFCFACE((#4474));
#4476= IFCPOLYLOOP((#3383,#3382,#3379));
#4477= IFCFACEOUTERBOUND(#4476,.F.);
#4478= IFCFACE((#4477));
#4479= IFCPOLYLOOP((#3231,#3286,#3226));
#4480= IFCFACEOUTERBOUND(#4479,.F.);
#4481= IFCFACE((#4480));
#4482= IFCPOLYLOOP((#3286,#3231,#3287));
#4483= IFCFACEOUTERBOUND(#4482,.F.);
#4484= IFCFACE((#4483));
#4485= IFCPOLYLOOP((#3323,#3374,#3322));
#4486= IFCFACEOUTERBOUND(#4485,.F.);
#4487= IFCFACE((#4486));
#4488= IFCPOLYLOOP((#3374,#3323,#3378));
#4489= IFCFACEOUTERBOUND(#4488,.F.);
#4490= IFCFACE((#4489));
#4491= IFCPOLYLOOP((#3303,#3322,#3304));
#4492= IFCFACEOUTERBOUND(#4491,.F.);
#4493= IFCFACE((#4492));
#4494= IFCPOLYLOOP((#3322,#3303,#3323));
#4495= IFCFACEOUTERBOUND(#4494,.F.);
#4496= IFCFACE((#4495));
#4497= IFCPOLYLOOP((#3379,#3363,#3383));
#4498= IFCFACEOUTERBOUND(#4497,.F.);
#4499= IFCFACE((#4498));
#4500= IFCPOLYLOOP((#3363,#3379,#3364));
#4501= IFCFACEOUTERBOUND(#4500,.F.);
#4502= IFCFACE((#4501));
#4503= IFCPOLYLOOP((#3376,#3370,#3375));
#4504= IFCFACEOUTERBOUND(#4503,.F.);
#4505= IFCFACE((#4504));
#4506= IFCPOLYLOOP((#3370,#3376,#3385));
#4507= IFCFACEOUTERBOUND(#4506,.F.);
#4508= IFCFACE((#4507));
#4509= IFCPOLYLOOP((#3385,#3368,#3370));
#4510= IFCFACEOUTERBOUND(#4509,.F.);
#4511= IFCFACE((#4510));
#4512= IFCPOLYLOOP((#3368,#3385,#3382));
#4513= IFCFACEOUTERBOUND(#4512,.F.);
#4514= IFCFACE((#4513));
#4515= IFCPOLYLOOP((#3246,#3241,#3250));
#4516= IFCFACEOUTERBOUND(#4515,.F.);
#4517= IFCFACE((#4516));
#4518= IFCPOLYLOOP((#3241,#3246,#3240));
#4519= IFCFACEOUTERBOUND(#4518,.F.);
#4520= IFCFACE((#4519));
#4521= IFCPOLYLOOP((#3234,#3261,#3242));
#4522= IFCFACEOUTERBOUND(#4521,.F.);
#4523= IFCFACE((#4522));
#4524= IFCPOLYLOOP((#3261,#3234,#3236));
#4525= IFCFACEOUTERBOUND(#4524,.F.);
#4526= IFCFACE((#4525));
#4527= IFCPOLYLOOP((#3300,#3250,#3252));
#4528= IFCFACEOUTERBOUND(#4527,.F.);
#4529= IFCFACE((#4528));
#4530= IFCPOLYLOOP((#3250,#3300,#3246));
#4531= IFCFACEOUTERBOUND(#4530,.F.);
#4532= IFCFACE((#4531));
#4533= IFCPOLYLOOP((#3265,#3252,#3266));
#4534= IFCFACEOUTERBOUND(#4533,.F.);
#4535= IFCFACE((#4534));
#4536= IFCPOLYLOOP((#3252,#3265,#3300));
#4537= IFCFACEOUTERBOUND(#4536,.F.);
#4538= IFCFACE((#4537));
#4539= IFCPOLYLOOP((#3263,#3256,#3268));
#4540= IFCFACEOUTERBOUND(#4539,.F.);
#4541= IFCFACE((#4540));
#4542= IFCPOLYLOOP((#3256,#3263,#3260));
#4543= IFCFACEOUTERBOUND(#4542,.F.);
#4544= IFCFACE((#4543));
#4545= IFCPOLYLOOP((#3258,#3269,#3257));
#4546= IFCFACEOUTERBOUND(#4545,.F.);
#4547= IFCFACE((#4546));
#4548= IFCPOLYLOOP((#3269,#3258,#3275));
#4549= IFCFACEOUTERBOUND(#4548,.F.);
#4550= IFCFACE((#4549));
#4551= IFCPOLYLOOP((#3275,#3274,#3269));
#4552= IFCFACEOUTERBOUND(#4551,.F.);
#4553= IFCFACE((#4552));
#4554= IFCPOLYLOOP((#3274,#3275,#3271));
#4555= IFCFACEOUTERBOUND(#4554,.F.);
#4556= IFCFACE((#4555));
#4557= IFCPOLYLOOP((#3296,#3268,#3237));
#4558= IFCFACEOUTERBOUND(#4557,.F.);
#4559= IFCFACE((#4558));
#4560= IFCPOLYLOOP((#3268,#3296,#3263));
#4561= IFCFACEOUTERBOUND(#4560,.F.);
#4562= IFCFACE((#4561));
#4563= IFCPOLYLOOP((#3271,#3221,#3274));
#4564= IFCFACEOUTERBOUND(#4563,.F.);
#4565= IFCFACE((#4564));
#4566= IFCPOLYLOOP((#3221,#3271,#3222));
#4567= IFCFACEOUTERBOUND(#4566,.F.);
#4568= IFCFACE((#4567));
#4569= IFCPOLYLOOP((#3296,#3220,#3237));
#4570= IFCFACEOUTERBOUND(#4569,.F.);
#4571= IFCFACE((#4570));
#4572= IFCPOLYLOOP((#3220,#3296,#3224));
#4573= IFCFACEOUTERBOUND(#4572,.F.);
#4574= IFCFACE((#4573));
#4575= IFCPOLYLOOP((#3387,#3388,#3389));
#4576= IFCFACEOUTERBOUND(#4575,.F.);
#4577= IFCFACE((#4576));
#4578= IFCPOLYLOOP((#3388,#3387,#3390));
#4579= IFCFACEOUTERBOUND(#4578,.F.);
#4580= IFCFACE((#4579));
#4581= IFCPOLYLOOP((#3388,#3390,#3391));
#4582= IFCFACEOUTERBOUND(#4581,.F.);
#4583= IFCFACE((#4582));
#4584= IFCPOLYLOOP((#3391,#3390,#3392));
#4585= IFCFACEOUTERBOUND(#4584,.F.);
#4586= IFCFACE((#4585));
#4587= IFCPOLYLOOP((#3389,#3393,#3394));
#4588= IFCFACEOUTERBOUND(#4587,.F.);
#4589= IFCFACE((#4588));
#4590= IFCPOLYLOOP((#3393,#3389,#3388));
#4591= IFCFACEOUTERBOUND(#4590,.F.);
#4592= IFCFACE((#4591));
#4593= IFCPOLYLOOP((#3394,#3393,#3392));
#4594= IFCFACEOUTERBOUND(#4593,.F.);
#4595= IFCFACE((#4594));
#4596= IFCPOLYLOOP((#3394,#3392,#3390));
#4597= IFCFACEOUTERBOUND(#4596,.F.);
#4598= IFCFACE((#4597));
#4599= IFCPOLYLOOP((#3395,#3396,#3397));
#4600= IFCFACEOUTERBOUND(#4599,.F.);
#4601= IFCFACE((#4600));
#4602= IFCPOLYLOOP((#3396,#3395,#3398));
#4603= IFCFACEOUTERBOUND(#4602,.F.);
#4604= IFCFACE((#4603));
#4605= IFCPOLYLOOP((#3396,#3398,#3399));
#4606= IFCFACEOUTERBOUND(#4605,.F.);
#4607= IFCFACE((#4606));
#4608= IFCPOLYLOOP((#3399,#3398,#3400));
#4609= IFCFACEOUTERBOUND(#4608,.F.);
#4610= IFCFACE((#4609));
#4611= IFCPOLYLOOP((#3397,#3401,#3402));
#4612= IFCFACEOUTERBOUND(#4611,.F.);
#4613= IFCFACE((#4612));
#4614= IFCPOLYLOOP((#3401,#3397,#3396));
#4615= IFCFACEOUTERBOUND(#4614,.F.);
#4616= IFCFACE((#4615));
#4617= IFCPOLYLOOP((#3402,#3401,#3400));
#4618= IFCFACEOUTERBOUND(#4617,.F.);
#4619= IFCFACE((#4618));
#4620= IFCPOLYLOOP((#3402,#3400,#3398));
#4621= IFCFACEOUTERBOUND(#4620,.F.);
#4622= IFCFACE((#4621));
#4623= IFCPOLYLOOP((#3389,#3324,#3387));
#4624= IFCFACEOUTERBOUND(#4623,.F.);
#4625= IFCFACE((#4624));
#4626= IFCPOLYLOOP((#3324,#3389,#3332));
#4627= IFCFACEOUTERBOUND(#4626,.F.);
#4628= IFCFACE((#4627));
#4629= IFCPOLYLOOP((#3326,#3390,#3325));
#4630= IFCFACEOUTERBOUND(#4629,.F.);
#4631= IFCFACE((#4630));
#4632= IFCPOLYLOOP((#3390,#3326,#3394));
#4633= IFCFACEOUTERBOUND(#4632,.F.);
#4634= IFCFACE((#4633));
#4635= IFCPOLYLOOP((#3392,#3403,#3391));
#4636= IFCFACEOUTERBOUND(#4635,.F.);
#4637= IFCFACE((#4636));
#4638= IFCPOLYLOOP((#3403,#3392,#3404));
#4639= IFCFACEOUTERBOUND(#4638,.F.);
#4640= IFCFACE((#4639));
#4641= IFCPOLYLOOP((#3405,#3388,#3406));
#4642= IFCFACEOUTERBOUND(#4641,.F.);
#4643= IFCFACE((#4642));
#4644= IFCPOLYLOOP((#3388,#3405,#3393));
#4645= IFCFACEOUTERBOUND(#4644,.F.);
#4646= IFCFACE((#4645));
#4647= IFCPOLYLOOP((#3404,#3406,#3405));
#4648= IFCFACEOUTERBOUND(#4647,.F.);
#4649= IFCFACE((#4648));
#4650= IFCPOLYLOOP((#3406,#3404,#3403));
#4651= IFCFACEOUTERBOUND(#4650,.F.);
#4652= IFCFACE((#4651));
#4653= IFCPOLYLOOP((#3407,#3408,#3409));
#4654= IFCFACEOUTERBOUND(#4653,.F.);
#4655= IFCFACE((#4654));
#4656= IFCPOLYLOOP((#3408,#3407,#3410));
#4657= IFCFACEOUTERBOUND(#4656,.F.);
#4658= IFCFACE((#4657));
#4659= IFCPOLYLOOP((#3404,#3410,#3403));
#4660= IFCFACEOUTERBOUND(#4659,.F.);
#4661= IFCFACE((#4660));
#4662= IFCPOLYLOOP((#3410,#3404,#3407));
#4663= IFCFACEOUTERBOUND(#4662,.F.);
#4664= IFCFACE((#4663));
#4665= IFCPOLYLOOP((#3409,#3406,#3408));
#4666= IFCFACEOUTERBOUND(#4665,.F.);
#4667= IFCFACE((#4666));
#4668= IFCPOLYLOOP((#3406,#3409,#3405));
#4669= IFCFACEOUTERBOUND(#4668,.F.);
#4670= IFCFACE((#4669));
#4671= IFCPOLYLOOP((#3407,#3399,#3410));
#4672= IFCFACEOUTERBOUND(#4671,.F.);
#4673= IFCFACE((#4672));
#4674= IFCPOLYLOOP((#3399,#3407,#3400));
#4675= IFCFACEOUTERBOUND(#4674,.F.);
#4676= IFCFACE((#4675));
#4677= IFCPOLYLOOP((#3401,#3408,#3396));
#4678= IFCFACEOUTERBOUND(#4677,.F.);
#4679= IFCFACE((#4678));
#4680= IFCPOLYLOOP((#3408,#3401,#3409));
#4681= IFCFACEOUTERBOUND(#4680,.F.);
#4682= IFCFACE((#4681));
#4683= IFCPOLYLOOP((#3310,#3325,#3311));
#4684= IFCFACEOUTERBOUND(#4683,.F.);
#4685= IFCFACE((#4684));
#4686= IFCPOLYLOOP((#3325,#3310,#3326));
#4687= IFCFACEOUTERBOUND(#4686,.F.);
#4688= IFCFACE((#4687));
#4689= IFCPOLYLOOP((#3332,#3313,#3324));
#4690= IFCFACEOUTERBOUND(#4689,.F.);
#4691= IFCFACE((#4690));
#4692= IFCPOLYLOOP((#3313,#3332,#3314));
#4693= IFCFACEOUTERBOUND(#4692,.F.);
#4694= IFCFACE((#4693));
#4695= IFCPOLYLOOP((#3397,#3313,#3395));
#4696= IFCFACEOUTERBOUND(#4695,.F.);
#4697= IFCFACE((#4696));
#4698= IFCPOLYLOOP((#3313,#3397,#3314));
#4699= IFCFACEOUTERBOUND(#4698,.F.);
#4700= IFCFACE((#4699));
#4701= IFCPOLYLOOP((#3310,#3398,#3311));
#4702= IFCFACEOUTERBOUND(#4701,.F.);
#4703= IFCFACE((#4702));
#4704= IFCPOLYLOOP((#3398,#3310,#3402));
#4705= IFCFACEOUTERBOUND(#4704,.F.);
#4706= IFCFACE((#4705));
#4707= IFCPOLYLOOP((#3390,#3324,#3325));
#4708= IFCFACEOUTERBOUND(#4707,.F.);
#4709= IFCFACE((#4708));
#4710= IFCPOLYLOOP((#3324,#3390,#3387));
#4711= IFCFACEOUTERBOUND(#4710,.F.);
#4712= IFCFACE((#4711));
#4713= IFCPOLYLOOP((#3406,#3391,#3403));
#4714= IFCFACEOUTERBOUND(#4713,.F.);
#4715= IFCFACE((#4714));
#4716= IFCPOLYLOOP((#3391,#3406,#3388));
#4717= IFCFACEOUTERBOUND(#4716,.F.);
#4718= IFCFACE((#4717));
#4719= IFCPOLYLOOP((#3408,#3403,#3410));
#4720= IFCFACEOUTERBOUND(#4719,.F.);
#4721= IFCFACE((#4720));
#4722= IFCPOLYLOOP((#3403,#3408,#3406));
#4723= IFCFACEOUTERBOUND(#4722,.F.);
#4724= IFCFACE((#4723));
#4725= IFCPOLYLOOP((#3396,#3410,#3399));
#4726= IFCFACEOUTERBOUND(#4725,.F.);
#4727= IFCFACE((#4726));
#4728= IFCPOLYLOOP((#3410,#3396,#3408));
#4729= IFCFACEOUTERBOUND(#4728,.F.);
#4730= IFCFACE((#4729));
#4731= IFCPOLYLOOP((#3325,#3313,#3311));
#4732= IFCFACEOUTERBOUND(#4731,.F.);
#4733= IFCFACE((#4732));
#4734= IFCPOLYLOOP((#3313,#3325,#3324));
#4735= IFCFACEOUTERBOUND(#4734,.F.);
#4736= IFCFACE((#4735));
#4737= IFCPOLYLOOP((#3395,#3311,#3398));
#4738= IFCFACEOUTERBOUND(#4737,.F.);
#4739= IFCFACE((#4738));
#4740= IFCPOLYLOOP((#3311,#3395,#3313));
#4741= IFCFACEOUTERBOUND(#4740,.F.);
#4742= IFCFACE((#4741));
#4743= IFCPOLYLOOP((#3332,#3394,#3326));
#4744= IFCFACEOUTERBOUND(#4743,.F.);
#4745= IFCFACE((#4744));
#4746= IFCPOLYLOOP((#3394,#3332,#3389));
#4747= IFCFACEOUTERBOUND(#4746,.F.);
#4748= IFCFACE((#4747));
#4749= IFCPOLYLOOP((#3392,#3405,#3404));
#4750= IFCFACEOUTERBOUND(#4749,.F.);
#4751= IFCFACE((#4750));
#4752= IFCPOLYLOOP((#3405,#3392,#3393));
#4753= IFCFACEOUTERBOUND(#4752,.F.);
#4754= IFCFACE((#4753));
#4755= IFCPOLYLOOP((#3404,#3409,#3407));
#4756= IFCFACEOUTERBOUND(#4755,.F.);
#4757= IFCFACE((#4756));
#4758= IFCPOLYLOOP((#3409,#3404,#3405));
#4759= IFCFACEOUTERBOUND(#4758,.F.);
#4760= IFCFACE((#4759));
#4761= IFCPOLYLOOP((#3407,#3401,#3400));
#4762= IFCFACEOUTERBOUND(#4761,.F.);
#4763= IFCFACE((#4762));
#4764= IFCPOLYLOOP((#3401,#3407,#3409));
#4765= IFCFACEOUTERBOUND(#4764,.F.);
#4766= IFCFACE((#4765));
#4767= IFCPOLYLOOP((#3314,#3326,#3310));
#4768= IFCFACEOUTERBOUND(#4767,.F.);
#4769= IFCFACE((#4768));
#4770= IFCPOLYLOOP((#3326,#3314,#3332));
#4771= IFCFACEOUTERBOUND(#4770,.F.);
#4772= IFCFACE((#4771));
#4773= IFCPOLYLOOP((#3310,#3397,#3402));
#4774= IFCFACEOUTERBOUND(#4773,.F.);
#4775= IFCFACE((#4774));
#4776= IFCPOLYLOOP((#3397,#3310,#3314));
#4777= IFCFACEOUTERBOUND(#4776,.F.);
#4778= IFCFACE((#4777));
#4779= IFCPOLYLOOP((#3243,#3228,#3247));
#4780= IFCFACEOUTERBOUND(#4779,.F.);
#4781= IFCFACE((#4780));
#4782= IFCPOLYLOOP((#3228,#3243,#3232));
#4783= IFCFACEOUTERBOUND(#4782,.F.);
#4784= IFCFACE((#4783));
#4785= IFCPOLYLOOP((#3290,#3280,#3294));
#4786= IFCFACEOUTERBOUND(#4785,.F.);
#4787= IFCFACE((#4786));
#4788= IFCPOLYLOOP((#3280,#3290,#3284));
#4789= IFCFACEOUTERBOUND(#4788,.F.);
#4790= IFCFACE((#4789));
#4791= IFCPOLYLOOP((#3292,#3288,#3298));
#4792= IFCFACEOUTERBOUND(#4791,.F.);
#4793= IFCFACE((#4792));
#4794= IFCPOLYLOOP((#3288,#3292,#3285));
#4795= IFCFACEOUTERBOUND(#4794,.F.);
#4796= IFCFACE((#4795));
#4797= IFCPOLYLOOP((#3282,#3298,#3281));
#4798= IFCFACEOUTERBOUND(#4797,.F.);
#4799= IFCFACE((#4798));
#4800= IFCPOLYLOOP((#3298,#3282,#3292));
#4801= IFCFACEOUTERBOUND(#4800,.F.);
#4802= IFCFACE((#4801));
#4803= IFCPOLYLOOP((#3243,#3294,#3247));
#4804= IFCFACEOUTERBOUND(#4803,.F.);
#4805= IFCFACE((#4804));
#4806= IFCPOLYLOOP((#3294,#3243,#3290));
#4807= IFCFACEOUTERBOUND(#4806,.F.);
#4808= IFCFACE((#4807));
#4809= IFCPOLYLOOP((#3285,#3229,#3288));
#4810= IFCFACEOUTERBOUND(#4809,.F.);
#4811= IFCFACE((#4810));
#4812= IFCPOLYLOOP((#3229,#3285,#3230));
#4813= IFCFACEOUTERBOUND(#4812,.F.);
#4814= IFCFACE((#4813));
#4815= IFCPOLYLOOP((#3307,#3331,#3315));
#4816= IFCFACEOUTERBOUND(#4815,.F.);
#4817= IFCFACE((#4816));
#4818= IFCPOLYLOOP((#3331,#3307,#3330));
#4819= IFCFACEOUTERBOUND(#4818,.F.);
#4820= IFCFACE((#4819));
#4821= IFCPOLYLOOP((#3328,#3309,#3327));
#4822= IFCFACEOUTERBOUND(#4821,.F.);
#4823= IFCFACE((#4822));
#4824= IFCPOLYLOOP((#3309,#3328,#3308));
#4825= IFCFACEOUTERBOUND(#4824,.F.);
#4826= IFCFACE((#4825));
#4827= IFCPOLYLOOP((#3411,#3412,#3413));
#4828= IFCFACEOUTERBOUND(#4827,.F.);
#4829= IFCFACE((#4828));
#4830= IFCPOLYLOOP((#3412,#3411,#3414));
#4831= IFCFACEOUTERBOUND(#4830,.F.);
#4832= IFCFACE((#4831));
#4833= IFCPOLYLOOP((#3412,#3414,#3415));
#4834= IFCFACEOUTERBOUND(#4833,.F.);
#4835= IFCFACE((#4834));
#4836= IFCPOLYLOOP((#3415,#3414,#3416));
#4837= IFCFACEOUTERBOUND(#4836,.F.);
#4838= IFCFACE((#4837));
#4839= IFCPOLYLOOP((#3413,#3417,#3418));
#4840= IFCFACEOUTERBOUND(#4839,.F.);
#4841= IFCFACE((#4840));
#4842= IFCPOLYLOOP((#3417,#3413,#3412));
#4843= IFCFACEOUTERBOUND(#4842,.F.);
#4844= IFCFACE((#4843));
#4845= IFCPOLYLOOP((#3418,#3417,#3416));
#4846= IFCFACEOUTERBOUND(#4845,.F.);
#4847= IFCFACE((#4846));
#4848= IFCPOLYLOOP((#3418,#3416,#3414));
#4849= IFCFACEOUTERBOUND(#4848,.F.);
#4850= IFCFACE((#4849));
#4851= IFCPOLYLOOP((#3328,#3414,#3327));
#4852= IFCFACEOUTERBOUND(#4851,.F.);
#4853= IFCFACE((#4852));
#4854= IFCPOLYLOOP((#3414,#3328,#3418));
#4855= IFCFACEOUTERBOUND(#4854,.F.);
#4856= IFCFACE((#4855));
#4857= IFCPOLYLOOP((#3413,#3331,#3411));
#4858= IFCFACEOUTERBOUND(#4857,.F.);
#4859= IFCFACE((#4858));
#4860= IFCPOLYLOOP((#3331,#3413,#3330));
#4861= IFCFACEOUTERBOUND(#4860,.F.);
#4862= IFCFACE((#4861));
#4863= IFCPOLYLOOP((#3419,#3309,#3420));
#4864= IFCFACEOUTERBOUND(#4863,.F.);
#4865= IFCFACE((#4864));
#4866= IFCPOLYLOOP((#3309,#3419,#3308));
#4867= IFCFACEOUTERBOUND(#4866,.F.);
#4868= IFCFACE((#4867));
#4869= IFCPOLYLOOP((#3307,#3421,#3315));
#4870= IFCFACEOUTERBOUND(#4869,.F.);
#4871= IFCFACE((#4870));
#4872= IFCPOLYLOOP((#3421,#3307,#3422));
#4873= IFCFACEOUTERBOUND(#4872,.F.);
#4874= IFCFACE((#4873));
#4875= IFCPOLYLOOP((#3421,#3423,#3422));
#4876= IFCFACEOUTERBOUND(#4875,.F.);
#4877= IFCFACE((#4876));
#4878= IFCPOLYLOOP((#3423,#3421,#3420));
#4879= IFCFACEOUTERBOUND(#4878,.F.);
#4880= IFCFACE((#4879));
#4881= IFCPOLYLOOP((#3423,#3420,#3424));
#4882= IFCFACEOUTERBOUND(#4881,.F.);
#4883= IFCFACE((#4882));
#4884= IFCPOLYLOOP((#3424,#3420,#3425));
#4885= IFCFACEOUTERBOUND(#4884,.F.);
#4886= IFCFACE((#4885));
#4887= IFCPOLYLOOP((#3422,#3426,#3419));
#4888= IFCFACEOUTERBOUND(#4887,.F.);
#4889= IFCFACE((#4888));
#4890= IFCPOLYLOOP((#3426,#3422,#3423));
#4891= IFCFACEOUTERBOUND(#4890,.F.);
#4892= IFCFACE((#4891));
#4893= IFCPOLYLOOP((#3419,#3426,#3425));
#4894= IFCFACEOUTERBOUND(#4893,.F.);
#4895= IFCFACE((#4894));
#4896= IFCPOLYLOOP((#3419,#3425,#3420));
#4897= IFCFACEOUTERBOUND(#4896,.F.);
#4898= IFCFACE((#4897));
#4899= IFCPOLYLOOP((#3427,#3428,#3429));
#4900= IFCFACEOUTERBOUND(#4899,.F.);
#4901= IFCFACE((#4900));
#4902= IFCPOLYLOOP((#3428,#3427,#3430));
#4903= IFCFACEOUTERBOUND(#4902,.F.);
#4904= IFCFACE((#4903));
#4905= IFCPOLYLOOP((#3431,#3430,#3432));
#4906= IFCFACEOUTERBOUND(#4905,.F.);
#4907= IFCFACE((#4906));
#4908= IFCPOLYLOOP((#3430,#3431,#3427));
#4909= IFCFACEOUTERBOUND(#4908,.F.);
#4910= IFCFACE((#4909));
#4911= IFCPOLYLOOP((#3431,#3429,#3427));
#4912= IFCFACEOUTERBOUND(#4911,.F.);
#4913= IFCFACE((#4912));
#4914= IFCPOLYLOOP((#3429,#3431,#3433));
#4915= IFCFACEOUTERBOUND(#4914,.F.);
#4916= IFCFACE((#4915));
#4917= IFCPOLYLOOP((#3429,#3434,#3428));
#4918= IFCFACEOUTERBOUND(#4917,.F.);
#4919= IFCFACE((#4918));
#4920= IFCPOLYLOOP((#3434,#3429,#3433));
#4921= IFCFACEOUTERBOUND(#4920,.F.);
#4922= IFCFACE((#4921));
#4923= IFCPOLYLOOP((#3428,#3432,#3430));
#4924= IFCFACEOUTERBOUND(#4923,.F.);
#4925= IFCFACE((#4924));
#4926= IFCPOLYLOOP((#3432,#3428,#3434));
#4927= IFCFACEOUTERBOUND(#4926,.F.);
#4928= IFCFACE((#4927));
#4929= IFCPOLYLOOP((#3315,#3327,#3309));
#4930= IFCFACEOUTERBOUND(#4929,.F.);
#4931= IFCFACE((#4930));
#4932= IFCPOLYLOOP((#3327,#3315,#3331));
#4933= IFCFACEOUTERBOUND(#4932,.F.);
#4934= IFCFACE((#4933));
#4935= IFCPOLYLOOP((#3431,#3434,#3433));
#4936= IFCFACEOUTERBOUND(#4935,.F.);
#4937= IFCFACE((#4936));
#4938= IFCPOLYLOOP((#3434,#3431,#3432));
#4939= IFCFACEOUTERBOUND(#4938,.F.);
#4940= IFCFACE((#4939));
#4941= IFCPOLYLOOP((#3427,#3424,#3430));
#4942= IFCFACEOUTERBOUND(#4941,.F.);
#4943= IFCFACE((#4942));
#4944= IFCPOLYLOOP((#3424,#3427,#3425));
#4945= IFCFACEOUTERBOUND(#4944,.F.);
#4946= IFCFACE((#4945));
#4947= IFCPOLYLOOP((#3427,#3426,#3425));
#4948= IFCFACEOUTERBOUND(#4947,.F.);
#4949= IFCFACE((#4948));
#4950= IFCPOLYLOOP((#3426,#3427,#3429));
#4951= IFCFACEOUTERBOUND(#4950,.F.);
#4952= IFCFACE((#4951));
#4953= IFCPOLYLOOP((#3426,#3428,#3423));
#4954= IFCFACEOUTERBOUND(#4953,.F.);
#4955= IFCFACE((#4954));
#4956= IFCPOLYLOOP((#3428,#3426,#3429));
#4957= IFCFACEOUTERBOUND(#4956,.F.);
#4958= IFCFACE((#4957));
#4959= IFCPOLYLOOP((#3423,#3430,#3424));
#4960= IFCFACEOUTERBOUND(#4959,.F.);
#4961= IFCFACE((#4960));
#4962= IFCPOLYLOOP((#3430,#3423,#3428));
#4963= IFCFACEOUTERBOUND(#4962,.F.);
#4964= IFCFACE((#4963));
#4965= IFCPOLYLOOP((#3414,#3331,#3327));
#4966= IFCFACEOUTERBOUND(#4965,.F.);
#4967= IFCFACE((#4966));
#4968= IFCPOLYLOOP((#3331,#3414,#3411));
#4969= IFCFACEOUTERBOUND(#4968,.F.);
#4970= IFCFACE((#4969));
#4971= IFCPOLYLOOP((#3309,#3421,#3420));
#4972= IFCFACEOUTERBOUND(#4971,.F.);
#4973= IFCFACE((#4972));
#4974= IFCPOLYLOOP((#3421,#3309,#3315));
#4975= IFCFACEOUTERBOUND(#4974,.F.);
#4976= IFCFACE((#4975));
#4977= IFCPOLYLOOP((#3416,#3432,#3415));
#4978= IFCFACEOUTERBOUND(#4977,.F.);
#4979= IFCFACE((#4978));
#4980= IFCPOLYLOOP((#3432,#3416,#3431));
#4981= IFCFACEOUTERBOUND(#4980,.F.);
#4982= IFCFACE((#4981));
#4983= IFCPOLYLOOP((#3434,#3415,#3432));
#4984= IFCFACEOUTERBOUND(#4983,.F.);
#4985= IFCFACE((#4984));
#4986= IFCPOLYLOOP((#3415,#3434,#3412));
#4987= IFCFACEOUTERBOUND(#4986,.F.);
#4988= IFCFACE((#4987));
#4989= IFCPOLYLOOP((#3433,#3412,#3434));
#4990= IFCFACEOUTERBOUND(#4989,.F.);
#4991= IFCFACE((#4990));
#4992= IFCPOLYLOOP((#3412,#3433,#3417));
#4993= IFCFACEOUTERBOUND(#4992,.F.);
#4994= IFCFACE((#4993));
#4995= IFCPOLYLOOP((#3416,#3433,#3431));
#4996= IFCFACEOUTERBOUND(#4995,.F.);
#4997= IFCFACE((#4996));
#4998= IFCPOLYLOOP((#3433,#3416,#3417));
#4999= IFCFACEOUTERBOUND(#4998,.F.);
#5000= IFCFACE((#4999));
#5001= IFCPOLYLOOP((#3328,#3307,#3308));
#5002= IFCFACEOUTERBOUND(#5001,.F.);
#5003= IFCFACE((#5002));
#5004= IFCPOLYLOOP((#3307,#3328,#3330));
#5005= IFCFACEOUTERBOUND(#5004,.F.);
#5006= IFCFACE((#5005));
#5007= IFCPOLYLOOP((#3330,#3418,#3328));
#5008= IFCFACEOUTERBOUND(#5007,.F.);
#5009= IFCFACE((#5008));
#5010= IFCPOLYLOOP((#3418,#3330,#3413));
#5011= IFCFACEOUTERBOUND(#5010,.F.);
#5012= IFCFACE((#5011));
#5013= IFCPOLYLOOP((#3422,#3308,#3419));
#5014= IFCFACEOUTERBOUND(#5013,.F.);
#5015= IFCFACE((#5014));
#5016= IFCPOLYLOOP((#3308,#3422,#3307));
#5017= IFCFACEOUTERBOUND(#5016,.F.);
#5018= IFCFACE((#5017));
#5019= IFCOPENSHELL((#3437,#3440,#3443,#3446,#3449,#3452,#3455,#3458,#3461,#3464,#3467,#3470,#3473,#3476,#3479,#3482,#3485,#3488,#3491,#3494,#3497,#3500,#3503,#3506,#3509,#3512,#3515,#3518,#3521,#3524,#3527,#3530,#3533,#3536,#3539,#3542,#3545,#3548,#3551,#3554,#3557,#3560,#3563,#3566,#3569,#3572,#3575,#3578,#3581,#3584,#3587,#3590,#3593,#3596,#3599,#3602,#3605,#3608,#3611,#3614,#3617,#3620,#3623,#3626,#3629,#3632,#3635,#3638,#3641,#3644,#3647,#3650,#3653,#3656,#3659,#3662,#3665,#3668,#3671,#3674,#3677,#3680,#3683,#3686,#3689,#3692,#3695,#3698,#3701,#3704,#3707,#3710,#3713,#3716,#3719,#3722,#3725,#3728,#3731,#3734,#3737,#3740,#3743,#3746,#3749,#3752,#3755,#3758,#3761,#3764,#3767,#3770,#3773,#3776,#3779,#3782,#3785,#3788,#3791,#3794,#3797,#3800,#3803,#3806,#3809,#3812,#3815,#3818,#3821,#3824,#3827,#3830,#3833,#3836,#3839,#3842,#3845,#3848,#3851,#3854,#3857,#3860,#3863,#3866,#3869,#3872,#3875,#3878,#3881,#3884,#3887,#3890,#3893,#3896,#3899,#3902,#3905,#3908,#3911,#3914,#3917,#3920,#3923,#3926,#3929,#3932,#3935,#3938,#3941,#3944,#3947,#3950,#3953,#3956,#3959,#3962,#3965,#3968,#3971,#3974,#3977,#3980,#3983,#3986,#3989,#3992,#3995,#3998,#4001,#4004,#4007,#4010,#4013,#4016,#4019,#4022,#4025,#4028,#4031,#4034,#4037,#4040,#4043,#4046,#4049,#4052,#4055,#4058,#4061,#4064,#4067,#4070,#4073,#4076,#4079,#4082,#4085,#4088,#4091,#4094,#4097,#4100,#4103,#4106,#4109,#4112,#4115,#4118,#4121,#4124,#4127,#4130,#4133,#4136,#4139,#4142,#4145,#4148,#4151,#4154,#4157,#4160,#4163,#4166,#4169,#4172,#4175,#4178,#4181,#4184,#4187,#4190,#4193,#4196,#4199,#4202,#4205,#4208,#4211,#4214,#4217,#4220,#4223,#4226,#4229,#4232,#4235,#4238,#4241,#4244,#4247,#4250,#4253,#4256,#4259,#4262,#4265,#4268,#4271,#4274,#4277,#4280,#4283,#4286,#4289,#4292,#4295,#4298,#4301,#4304,#4307,#4310,#4313,#4316,#4319,#4322,#4325,#4328,#4331,#4334,#4337,#4340,#4343,#4346,#4349,#4352,#4355,#4358,#4361,#4364,#4367,#4370,#4373,#4376,#4379,#4382,#4385,#4388,#4391,#4394,#4397,#4400,#4403,#4406,#4409,#4412,#4415,#4418,#4421,#4424,#4427,#4430,#4433,#4436,#4439,#4442,#4445,#4448,#4451,#4454,#4457,#4460,#4463,#4466,#4469,#4472,#4475,#4478,#4481,#4484,#4487,#4490,#4493,#4496,#4499,#4502,#4505,#4508,#4511,#4514,#4517,#4520,#4523,#4526,#4529,#4532,#4535,#4538,#4541,#4544,#4547,#4550,#4553,#4556,#4559,#4562,#4565,#4568,#4571,#4574,#4577,#4580,#4583,#4586,#4589,#4592,#4595,#4598,#4601,#4604,#4607,#4610,#4613,#4616,#4619,#4622,#4625,#4628,#4631,#4634,#4637,#4640,#4643,#4646,#4649,#4652,#4655,#4658,#4661,#4664,#4667,#4670,#4673,#4676,#4679,#4682,#4685,#4688,#4691,#4694,#4697,#4700,#4703,#4706,#4709,#4712,#4715,#4718,#4721,#4724,#4727,#4730,#4733,#4736,#4739,#4742,#4745,#4748,#4751,#4754,#4757,#4760,#4763,#4766,#4769,#4772,#4775,#4778,#4781,#4784,#4787,#4790,#4793,#4796,#4799,#4802,#4805,#4808,#4811,#4814,#4817,#4820,#4823,#4826,#4829,#4832,#4835,#4838,#4841,#4844,#4847,#4850,#4853,#4856,#4859,#4862,#4865,#4868,#4871,#4874,#4877,#4880,#4883,#4886,#4889,#4892,#4895,#4898,#4901,#4904,#4907,#4910,#4913,#4916,#4919,#4922,#4925,#4928,#4931,#4934,#4937,#4940,#4943,#4946,#4949,#4952,#4955,#4958,#4961,#4964,#4967,#4970,#4973,#4976,#4979,#4982,#4985,#4988,#4991,#4994,#4997,#5000,#5003,#5006,#5009,#5012,#5015,#5018));
#5020= IFCFACEBASEDSURFACEMODEL((#5019));
#5021= IFCSTYLEDITEM(#5020,(#5022),$);
#5022= IFCPRESENTATIONSTYLEASSIGNMENT((#3202));
#5023= IFCSHAPEREPRESENTATION(#460,'Body','SurfaceModel',(#5020));
#5024= IFCPRODUCTDEFINITIONSHAPE($,$,(#5023));
#5025= IFCCARTESIANPOINT((0.0,0.0,0.0));
#5026= IFCDIRECTION((0.0,0.0,1.0));
#5027= IFCDIRECTION((1.0,0.0,0.0));
#5028= IFCAXIS2PLACEMENT3D(#5025,#5026,#5027);
#5029= IFCLOCALPLACEMENT($,#5028);
#5030= IFCDOOR('3WLuvKMRz21xWmsLaqmEZ4',#20,$,$,$,#5029,#5024,$,$,$);
#5031= IFCCARTESIANPOINT((6082.78624,19277.19736,2075.0));
#5032= IFCCARTESIANPOINT((6082.78624,19252.19736,2100.0));
#5033= IFCCARTESIANPOINT((6082.78624,20452.19736,2100.0));
#5034= IFCCARTESIANPOINT((6082.78624,20427.19736,2075.0));
#5035= IFCCARTESIANPOINT((6082.78624,19277.19736,925.0));
#5036= IFCCARTESIANPOINT((6082.78624,19252.19736,900.0));
#5037= IFCCARTESIANPOINT((6082.78624,20452.19736,900.0));
#5038= IFCCARTESIANPOINT((6082.78624,20427.19736,925.0));
#5039= IFCCARTESIANPOINT((5982.78624,19252.19736,2100.0));
#5040= IFCCARTESIANPOINT((5982.78624,19277.19736,2075.0));
#5041= IFCCARTESIANPOINT((5982.78624,20427.19736,2075.0));
#5042= IFCCARTESIANPOINT((5982.78624,20452.19736,2100.0));
#5043= IFCCARTESIANPOINT((5982.78624,20427.19736,925.0));
#5044= IFCCARTESIANPOINT((5982.78624,20452.19736,900.0));
#5045= IFCCARTESIANPOINT((5982.78624,19277.19736,925.0));
#5046= IFCCARTESIANPOINT((5982.78624,19252.19736,900.0));
#5047= IFCCARTESIANPOINT((6082.78624,19302.19736,2050.0));
#5048= IFCCARTESIANPOINT((6082.78624,19852.19736,2075.0));
#5049= IFCCARTESIANPOINT((6082.78624,19827.19736,2050.0));
#5050= IFCCARTESIANPOINT((6082.78624,19852.19736,925.0));
#5051= IFCCARTESIANPOINT((6082.78624,19827.19736,950.0));
#5052= IFCCARTESIANPOINT((6082.78624,19302.19736,950.0));
#5053= IFCCARTESIANPOINT((6097.78624,19289.69736,937.5));
#5054= IFCCARTESIANPOINT((6082.78624,19289.69736,937.5));
#5055= IFCCARTESIANPOINT((6082.78624,19289.69736,2062.5));
#5056= IFCCARTESIANPOINT((6097.78624,19289.69736,2062.5));
#5057= IFCCARTESIANPOINT((6082.78624,19839.69736,2062.5));
#5058= IFCCARTESIANPOINT((6097.78624,19839.69736,2062.5));
#5059= IFCCARTESIANPOINT((6082.78624,19839.69736,937.5));
#5060= IFCCARTESIANPOINT((6097.78624,19839.69736,937.5));
#5061= IFCCARTESIANPOINT((6097.78624,19314.69736,2037.5));
#5062= IFCCARTESIANPOINT((6097.78624,19814.69736,2037.5));
#5063= IFCCARTESIANPOINT((6097.78624,19814.69736,962.5));
#5064= IFCCARTESIANPOINT((6097.78624,19314.69736,962.5));
#5065= IFCCARTESIANPOINT((6082.78624,19314.69736,2037.5));
#5066= IFCCARTESIANPOINT((6082.78624,19814.69736,2037.5));
#5067= IFCCARTESIANPOINT((6082.78624,19314.69736,962.5));
#5068= IFCCARTESIANPOINT((6082.78624,19814.69736,962.5));
#5069= IFCCARTESIANPOINT((5982.78624,19302.19736,950.0));
#5070= IFCCARTESIANPOINT((5982.78624,19302.19736,2050.0));
#5071= IFCCARTESIANPOINT((5982.78624,19827.19736,2050.0));
#5072= IFCCARTESIANPOINT((5982.78624,19852.19736,2075.0));
#5073= IFCCARTESIANPOINT((5982.78624,19827.19736,950.0));
#5074= IFCCARTESIANPOINT((5982.78624,19852.19736,925.0));
#5075= IFCCARTESIANPOINT((6082.78624,19877.19736,2050.0));
#5076= IFCCARTESIANPOINT((6082.78624,20402.19736,2050.0));
#5077= IFCCARTESIANPOINT((6082.78624,20402.19736,950.0));
#5078= IFCCARTESIANPOINT((6082.78624,19877.19736,950.0));
#5079= IFCCARTESIANPOINT((5982.78624,19877.19736,950.0));
#5080= IFCCARTESIANPOINT((5982.78624,19877.19736,2050.0));
#5081= IFCCARTESIANPOINT((5982.78624,20402.19736,2050.0));
#5082= IFCCARTESIANPOINT((5982.78624,20402.19736,950.0));
#5083= IFCPOLYLOOP((#5031,#5032,#5033));
#5084= IFCFACEOUTERBOUND(#5083,.F.);
#5085= IFCFACE((#5084));
#5086= IFCPOLYLOOP((#5031,#5033,#5034));
#5087= IFCFACEOUTERBOUND(#5086,.F.);
#5088= IFCFACE((#5087));
#5089= IFCPOLYLOOP((#5032,#5031,#5035));
#5090= IFCFACEOUTERBOUND(#5089,.F.);
#5091= IFCFACE((#5090));
#5092= IFCPOLYLOOP((#5032,#5035,#5036));
#5093= IFCFACEOUTERBOUND(#5092,.F.);
#5094= IFCFACE((#5093));
#5095= IFCPOLYLOOP((#5034,#5033,#5037));
#5096= IFCFACEOUTERBOUND(#5095,.F.);
#5097= IFCFACE((#5096));
#5098= IFCPOLYLOOP((#5034,#5037,#5038));
#5099= IFCFACEOUTERBOUND(#5098,.F.);
#5100= IFCFACE((#5099));
#5101= IFCPOLYLOOP((#5038,#5037,#5036));
#5102= IFCFACEOUTERBOUND(#5101,.F.);
#5103= IFCFACE((#5102));
#5104= IFCPOLYLOOP((#5038,#5036,#5035));
#5105= IFCFACEOUTERBOUND(#5104,.F.);
#5106= IFCFACE((#5105));
#5107= IFCPOLYLOOP((#5039,#5040,#5041));
#5108= IFCFACEOUTERBOUND(#5107,.F.);
#5109= IFCFACE((#5108));
#5110= IFCPOLYLOOP((#5039,#5041,#5042));
#5111= IFCFACEOUTERBOUND(#5110,.F.);
#5112= IFCFACE((#5111));
#5113= IFCPOLYLOOP((#5042,#5041,#5043));
#5114= IFCFACEOUTERBOUND(#5113,.F.);
#5115= IFCFACE((#5114));
#5116= IFCPOLYLOOP((#5042,#5043,#5044));
#5117= IFCFACEOUTERBOUND(#5116,.F.);
#5118= IFCFACE((#5117));
#5119= IFCPOLYLOOP((#5044,#5043,#5045));
#5120= IFCFACEOUTERBOUND(#5119,.F.);
#5121= IFCFACE((#5120));
#5122= IFCPOLYLOOP((#5044,#5045,#5046));
#5123= IFCFACEOUTERBOUND(#5122,.F.);
#5124= IFCFACE((#5123));
#5125= IFCPOLYLOOP((#5046,#5045,#5040));
#5126= IFCFACEOUTERBOUND(#5125,.F.);
#5127= IFCFACE((#5126));
#5128= IFCPOLYLOOP((#5046,#5040,#5039));
#5129= IFCFACEOUTERBOUND(#5128,.F.);
#5130= IFCFACE((#5129));
#5131= IFCPOLYLOOP((#5035,#5031,#5040));
#5132= IFCFACEOUTERBOUND(#5131,.F.);
#5133= IFCFACE((#5132));
#5134= IFCPOLYLOOP((#5035,#5040,#5045));
#5135= IFCFACEOUTERBOUND(#5134,.F.);
#5136= IFCFACE((#5135));
#5137= IFCPOLYLOOP((#5040,#5031,#5034));
#5138= IFCFACEOUTERBOUND(#5137,.F.);
#5139= IFCFACE((#5138));
#5140= IFCPOLYLOOP((#5040,#5034,#5041));
#5141= IFCFACEOUTERBOUND(#5140,.F.);
#5142= IFCFACE((#5141));
#5143= IFCPOLYLOOP((#5041,#5034,#5038));
#5144= IFCFACEOUTERBOUND(#5143,.F.);
#5145= IFCFACE((#5144));
#5146= IFCPOLYLOOP((#5041,#5038,#5043));
#5147= IFCFACEOUTERBOUND(#5146,.F.);
#5148= IFCFACE((#5147));
#5149= IFCPOLYLOOP((#5043,#5045,#5035));
#5150= IFCFACEOUTERBOUND(#5149,.F.);
#5151= IFCFACE((#5150));
#5152= IFCPOLYLOOP((#5043,#5035,#5038));
#5153= IFCFACEOUTERBOUND(#5152,.F.);
#5154= IFCFACE((#5153));
#5155= IFCPOLYLOOP((#5047,#5031,#5048));
#5156= IFCFACEOUTERBOUND(#5155,.F.);
#5157= IFCFACE((#5156));
#5158= IFCPOLYLOOP((#5047,#5048,#5049));
#5159= IFCFACEOUTERBOUND(#5158,.F.);
#5160= IFCFACE((#5159));
#5161= IFCPOLYLOOP((#5049,#5048,#5050));
#5162= IFCFACEOUTERBOUND(#5161,.F.);
#5163= IFCFACE((#5162));
#5164= IFCPOLYLOOP((#5049,#5050,#5051));
#5165= IFCFACEOUTERBOUND(#5164,.F.);
#5166= IFCFACE((#5165));
#5167= IFCPOLYLOOP((#5050,#5035,#5052));
#5168= IFCFACEOUTERBOUND(#5167,.F.);
#5169= IFCFACE((#5168));
#5170= IFCPOLYLOOP((#5050,#5052,#5051));
#5171= IFCFACEOUTERBOUND(#5170,.F.);
#5172= IFCFACE((#5171));
#5173= IFCPOLYLOOP((#5052,#5035,#5031));
#5174= IFCFACEOUTERBOUND(#5173,.F.);
#5175= IFCFACE((#5174));
#5176= IFCPOLYLOOP((#5052,#5031,#5047));
#5177= IFCFACEOUTERBOUND(#5176,.F.);
#5178= IFCFACE((#5177));
#5179= IFCPOLYLOOP((#5053,#5054,#5055));
#5180= IFCFACEOUTERBOUND(#5179,.F.);
#5181= IFCFACE((#5180));
#5182= IFCPOLYLOOP((#5053,#5055,#5056));
#5183= IFCFACEOUTERBOUND(#5182,.F.);
#5184= IFCFACE((#5183));
#5185= IFCPOLYLOOP((#5056,#5055,#5057));
#5186= IFCFACEOUTERBOUND(#5185,.F.);
#5187= IFCFACE((#5186));
#5188= IFCPOLYLOOP((#5056,#5057,#5058));
#5189= IFCFACEOUTERBOUND(#5188,.F.);
#5190= IFCFACE((#5189));
#5191= IFCPOLYLOOP((#5058,#5057,#5059));
#5192= IFCFACEOUTERBOUND(#5191,.F.);
#5193= IFCFACE((#5192));
#5194= IFCPOLYLOOP((#5058,#5059,#5060));
#5195= IFCFACEOUTERBOUND(#5194,.F.);
#5196= IFCFACE((#5195));
#5197= IFCPOLYLOOP((#5060,#5059,#5054));
#5198= IFCFACEOUTERBOUND(#5197,.F.);
#5199= IFCFACE((#5198));
#5200= IFCPOLYLOOP((#5060,#5054,#5053));
#5201= IFCFACEOUTERBOUND(#5200,.F.);
#5202= IFCFACE((#5201));
#5203= IFCPOLYLOOP((#5061,#5056,#5058));
#5204= IFCFACEOUTERBOUND(#5203,.F.);
#5205= IFCFACE((#5204));
#5206= IFCPOLYLOOP((#5061,#5058,#5062));
#5207= IFCFACEOUTERBOUND(#5206,.F.);
#5208= IFCFACE((#5207));
#5209= IFCPOLYLOOP((#5062,#5058,#5060));
#5210= IFCFACEOUTERBOUND(#5209,.F.);
#5211= IFCFACE((#5210));
#5212= IFCPOLYLOOP((#5062,#5060,#5063));
#5213= IFCFACEOUTERBOUND(#5212,.F.);
#5214= IFCFACE((#5213));
#5215= IFCPOLYLOOP((#5063,#5060,#5053));
#5216= IFCFACEOUTERBOUND(#5215,.F.);
#5217= IFCFACE((#5216));
#5218= IFCPOLYLOOP((#5063,#5053,#5064));
#5219= IFCFACEOUTERBOUND(#5218,.F.);
#5220= IFCFACE((#5219));
#5221= IFCPOLYLOOP((#5064,#5053,#5056));
#5222= IFCFACEOUTERBOUND(#5221,.F.);
#5223= IFCFACE((#5222));
#5224= IFCPOLYLOOP((#5064,#5056,#5061));
#5225= IFCFACEOUTERBOUND(#5224,.F.);
#5226= IFCFACE((#5225));
#5227= IFCPOLYLOOP((#5065,#5061,#5062));
#5228= IFCFACEOUTERBOUND(#5227,.F.);
#5229= IFCFACE((#5228));
#5230= IFCPOLYLOOP((#5065,#5062,#5066));
#5231= IFCFACEOUTERBOUND(#5230,.F.);
#5232= IFCFACE((#5231));
#5233= IFCPOLYLOOP((#5067,#5064,#5061));
#5234= IFCFACEOUTERBOUND(#5233,.F.);
#5235= IFCFACE((#5234));
#5236= IFCPOLYLOOP((#5067,#5061,#5065));
#5237= IFCFACEOUTERBOUND(#5236,.F.);
#5238= IFCFACE((#5237));
#5239= IFCPOLYLOOP((#5063,#5068,#5066));
#5240= IFCFACEOUTERBOUND(#5239,.F.);
#5241= IFCFACE((#5240));
#5242= IFCPOLYLOOP((#5063,#5066,#5062));
#5243= IFCFACEOUTERBOUND(#5242,.F.);
#5244= IFCFACE((#5243));
#5245= IFCPOLYLOOP((#5068,#5063,#5064));
#5246= IFCFACEOUTERBOUND(#5245,.F.);
#5247= IFCFACE((#5246));
#5248= IFCPOLYLOOP((#5068,#5064,#5067));
#5249= IFCFACEOUTERBOUND(#5248,.F.);
#5250= IFCFACE((#5249));
#5251= IFCPOLYLOOP((#5069,#5070,#5040));
#5252= IFCFACEOUTERBOUND(#5251,.F.);
#5253= IFCFACE((#5252));
#5254= IFCPOLYLOOP((#5069,#5040,#5045));
#5255= IFCFACEOUTERBOUND(#5254,.F.);
#5256= IFCFACE((#5255));
#5257= IFCPOLYLOOP((#5070,#5071,#5072));
#5258= IFCFACEOUTERBOUND(#5257,.F.);
#5259= IFCFACE((#5258));
#5260= IFCPOLYLOOP((#5070,#5072,#5040));
#5261= IFCFACEOUTERBOUND(#5260,.F.);
#5262= IFCFACE((#5261));
#5263= IFCPOLYLOOP((#5072,#5071,#5073));
#5264= IFCFACEOUTERBOUND(#5263,.F.);
#5265= IFCFACE((#5264));
#5266= IFCPOLYLOOP((#5072,#5073,#5074));
#5267= IFCFACEOUTERBOUND(#5266,.F.);
#5268= IFCFACE((#5267));
#5269= IFCPOLYLOOP((#5074,#5073,#5069));
#5270= IFCFACEOUTERBOUND(#5269,.F.);
#5271= IFCFACE((#5270));
#5272= IFCPOLYLOOP((#5074,#5069,#5045));
#5273= IFCFACEOUTERBOUND(#5272,.F.);
#5274= IFCFACE((#5273));
#5275= IFCPOLYLOOP((#5071,#5070,#5047));
#5276= IFCFACEOUTERBOUND(#5275,.F.);
#5277= IFCFACE((#5276));
#5278= IFCPOLYLOOP((#5071,#5047,#5049));
#5279= IFCFACEOUTERBOUND(#5278,.F.);
#5280= IFCFACE((#5279));
#5281= IFCPOLYLOOP((#5070,#5069,#5052));
#5282= IFCFACEOUTERBOUND(#5281,.F.);
#5283= IFCFACE((#5282));
#5284= IFCPOLYLOOP((#5070,#5052,#5047));
#5285= IFCFACEOUTERBOUND(#5284,.F.);
#5286= IFCFACE((#5285));
#5287= IFCPOLYLOOP((#5052,#5069,#5073));
#5288= IFCFACEOUTERBOUND(#5287,.F.);
#5289= IFCFACE((#5288));
#5290= IFCPOLYLOOP((#5052,#5073,#5051));
#5291= IFCFACEOUTERBOUND(#5290,.F.);
#5292= IFCFACE((#5291));
#5293= IFCPOLYLOOP((#5051,#5073,#5071));
#5294= IFCFACEOUTERBOUND(#5293,.F.);
#5295= IFCFACE((#5294));
#5296= IFCPOLYLOOP((#5051,#5071,#5049));
#5297= IFCFACEOUTERBOUND(#5296,.F.);
#5298= IFCFACE((#5297));
#5299= IFCPOLYLOOP((#5066,#5049,#5047));
#5300= IFCFACEOUTERBOUND(#5299,.F.);
#5301= IFCFACE((#5300));
#5302= IFCPOLYLOOP((#5066,#5047,#5065));
#5303= IFCFACEOUTERBOUND(#5302,.F.);
#5304= IFCFACE((#5303));
#5305= IFCPOLYLOOP((#5065,#5047,#5052));
#5306= IFCFACEOUTERBOUND(#5305,.F.);
#5307= IFCFACE((#5306));
#5308= IFCPOLYLOOP((#5065,#5052,#5067));
#5309= IFCFACEOUTERBOUND(#5308,.F.);
#5310= IFCFACE((#5309));
#5311= IFCPOLYLOOP((#5067,#5052,#5051));
#5312= IFCFACEOUTERBOUND(#5311,.F.);
#5313= IFCFACE((#5312));
#5314= IFCPOLYLOOP((#5067,#5051,#5068));
#5315= IFCFACEOUTERBOUND(#5314,.F.);
#5316= IFCFACE((#5315));
#5317= IFCPOLYLOOP((#5068,#5051,#5049));
#5318= IFCFACEOUTERBOUND(#5317,.F.);
#5319= IFCFACE((#5318));
#5320= IFCPOLYLOOP((#5068,#5049,#5066));
#5321= IFCFACEOUTERBOUND(#5320,.F.);
#5322= IFCFACE((#5321));
#5323= IFCPOLYLOOP((#5075,#5048,#5034));
#5324= IFCFACEOUTERBOUND(#5323,.F.);
#5325= IFCFACE((#5324));
#5326= IFCPOLYLOOP((#5075,#5034,#5076));
#5327= IFCFACEOUTERBOUND(#5326,.F.);
#5328= IFCFACE((#5327));
#5329= IFCPOLYLOOP((#5076,#5034,#5038));
#5330= IFCFACEOUTERBOUND(#5329,.F.);
#5331= IFCFACE((#5330));
#5332= IFCPOLYLOOP((#5076,#5038,#5077));
#5333= IFCFACEOUTERBOUND(#5332,.F.);
#5334= IFCFACE((#5333));
#5335= IFCPOLYLOOP((#5038,#5050,#5078));
#5336= IFCFACEOUTERBOUND(#5335,.F.);
#5337= IFCFACE((#5336));
#5338= IFCPOLYLOOP((#5038,#5078,#5077));
#5339= IFCFACEOUTERBOUND(#5338,.F.);
#5340= IFCFACE((#5339));
#5341= IFCPOLYLOOP((#5078,#5050,#5048));
#5342= IFCFACEOUTERBOUND(#5341,.F.);
#5343= IFCFACE((#5342));
#5344= IFCPOLYLOOP((#5078,#5048,#5075));
#5345= IFCFACEOUTERBOUND(#5344,.F.);
#5346= IFCFACE((#5345));
#5347= IFCPOLYLOOP((#5074,#5079,#5080));
#5348= IFCFACEOUTERBOUND(#5347,.F.);
#5349= IFCFACE((#5348));
#5350= IFCPOLYLOOP((#5074,#5080,#5072));
#5351= IFCFACEOUTERBOUND(#5350,.F.);
#5352= IFCFACE((#5351));
#5353= IFCPOLYLOOP((#5072,#5080,#5081));
#5354= IFCFACEOUTERBOUND(#5353,.F.);
#5355= IFCFACE((#5354));
#5356= IFCPOLYLOOP((#5072,#5081,#5041));
#5357= IFCFACEOUTERBOUND(#5356,.F.);
#5358= IFCFACE((#5357));
#5359= IFCPOLYLOOP((#5041,#5081,#5082));
#5360= IFCFACEOUTERBOUND(#5359,.F.);
#5361= IFCFACE((#5360));
#5362= IFCPOLYLOOP((#5041,#5082,#5043));
#5363= IFCFACEOUTERBOUND(#5362,.F.);
#5364= IFCFACE((#5363));
#5365= IFCPOLYLOOP((#5079,#5074,#5043));
#5366= IFCFACEOUTERBOUND(#5365,.F.);
#5367= IFCFACE((#5366));
#5368= IFCPOLYLOOP((#5079,#5043,#5082));
#5369= IFCFACEOUTERBOUND(#5368,.F.);
#5370= IFCFACE((#5369));
#5371= IFCPOLYLOOP((#5081,#5076,#5077));
#5372= IFCFACEOUTERBOUND(#5371,.F.);
#5373= IFCFACE((#5372));
#5374= IFCPOLYLOOP((#5081,#5077,#5082));
#5375= IFCFACEOUTERBOUND(#5374,.F.);
#5376= IFCFACE((#5375));
#5377= IFCPOLYLOOP((#5082,#5077,#5078));
#5378= IFCFACEOUTERBOUND(#5377,.F.);
#5379= IFCFACE((#5378));
#5380= IFCPOLYLOOP((#5082,#5078,#5079));
#5381= IFCFACEOUTERBOUND(#5380,.F.);
#5382= IFCFACE((#5381));
#5383= IFCPOLYLOOP((#5079,#5078,#5075));
#5384= IFCFACEOUTERBOUND(#5383,.F.);
#5385= IFCFACE((#5384));
#5386= IFCPOLYLOOP((#5079,#5075,#5080));
#5387= IFCFACEOUTERBOUND(#5386,.F.);
#5388= IFCFACE((#5387));
#5389= IFCPOLYLOOP((#5076,#5081,#5080));
#5390= IFCFACEOUTERBOUND(#5389,.F.);
#5391= IFCFACE((#5390));
#5392= IFCPOLYLOOP((#5076,#5080,#5075));
#5393= IFCFACEOUTERBOUND(#5392,.F.);
#5394= IFCFACE((#5393));
#5395= IFCOPENSHELL((#5085,#5088,#5091,#5094,#5097,#5100,#5103,#5106,#5109,#5112,#5115,#5118,#5121,#5124,#5127,#5130,#5133,#5136,#5139,#5142,#5145,#5148,#5151,#5154,#5157,#5160,#5163,#5166,#5169,#5172,#5175,#5178,#5181,#5184,#5187,#5190,#5193,#5196,#5199,#5202,#5205,#5208,#5211,#5214,#5217,#5220,#5223,#5226,#5229,#5232,#5235,#5238,#5241,#5244,#5247,#5250,#5253,#5256,#5259,#5262,#5265,#5268,#5271,#5274,#5277,#5280,#5283,#5286,#5289,#5292,#5295,#5298,#5301,#5304,#5307,#5310,#5313,#5316,#5319,#5322,#5325,#5328,#5331,#5334,#5337,#5340,#5343,#5346,#5349,#5352,#5355,#5358,#5361,#5364,#5367,#5370,#5373,#5376,#5379,#5382,#5385,#5388,#5391,#5394));
#5396= IFCFACEBASEDSURFACEMODEL((#5395));
#5397= IFCSTYLEDITEM(#5396,(#5398),$);
#5398= IFCPRESENTATIONSTYLEASSIGNMENT((#3202));
#5399= IFCCARTESIANPOINT((6090.28624,19314.69736,2037.5));
#5400= IFCCARTESIANPOINT((6090.28624,19814.69736,2037.5));
#5401= IFCCARTESIANPOINT((6090.28624,19814.69736,962.5));
#5402= IFCCARTESIANPOINT((6090.28624,19314.69736,962.5));
#5403= IFCCARTESIANPOINT((6032.78624,20402.19736,950.0));
#5404= IFCCARTESIANPOINT((6032.78624,19877.19736,950.0));
#5405= IFCCARTESIANPOINT((6032.78624,19877.19736,2050.0));
#5406= IFCCARTESIANPOINT((6032.78624,20402.19736,2050.0));
#5407= IFCPOLYLOOP((#5399,#5400,#5401));
#5408= IFCFACEOUTERBOUND(#5407,.F.);
#5409= IFCFACE((#5408));
#5410= IFCPOLYLOOP((#5399,#5401,#5402));
#5411= IFCFACEOUTERBOUND(#5410,.F.);
#5412= IFCFACE((#5411));
#5413= IFCPOLYLOOP((#5403,#5404,#5405));
#5414= IFCFACEOUTERBOUND(#5413,.F.);
#5415= IFCFACE((#5414));
#5416= IFCPOLYLOOP((#5403,#5405,#5406));
#5417= IFCFACEOUTERBOUND(#5416,.F.);
#5418= IFCFACE((#5417));
#5419= IFCOPENSHELL((#5085,#5088,#5091,#5094,#5097,#5100,#5103,#5106,#5109,#5112,#5115,#5118,#5121,#5124,#5127,#5130,#5133,#5136,#5139,#5142,#5145,#5148,#5151,#5154,#5157,#5160,#5163,#5166,#5169,#5172,#5175,#5178,#5181,#5184,#5187,#5190,#5193,#5196,#5199,#5202,#5205,#5208,#5211,#5214,#5217,#5220,#5223,#5226,#5229,#5232,#5235,#5238,#5241,#5244,#5247,#5250,#5253,#5256,#5259,#5262,#5265,#5268,#5271,#5274,#5277,#5280,#5283,#5286,#5289,#5292,#5295,#5298,#5301,#5304,#5307,#5310,#5313,#5316,#5319,#5322,#5325,#5328,#5331,#5334,#5337,#5340,#5343,#5346,#5349,#5352,#5355,#5358,#5361,#5364,#5367,#5370,#5373,#5376,#5379,#5382,#5385,#5388,#5391,#5394,#5409,#5412,#5415,#5418));
#5420= IFCFACEBASEDSURFACEMODEL((#5419));
#5421= IFCCOLOURRGB($,0.752941176470588,0.752941176470588,0.752941176470588);
#5422= IFCSURFACESTYLESHADING(#5421);
#5423= IFCSURFACESTYLE($,.BOTH.,(#5422));
#5424= IFCSTYLEDITEM(#5420,(#5425),$);
#5425= IFCPRESENTATIONSTYLEASSIGNMENT((#5423));
#5426= IFCSHAPEREPRESENTATION(#460,'Body','SurfaceModel',(#5396,#5420));
#5427= IFCPRODUCTDEFINITIONSHAPE($,$,(#5426));
#5428= IFCCARTESIANPOINT((0.0,0.0,0.0));
#5429= IFCDIRECTION((0.0,0.0,1.0));
#5430= IFCDIRECTION((1.0,0.0,0.0));
#5431= IFCAXIS2PLACEMENT3D(#5428,#5429,#5430);
#5432= IFCLOCALPLACEMENT($,#5431);
#5433= IFCWINDOW('24Fk38iLv2zg_eHDI0VJZA',#20,$,$,$,#5432,#5427,$,$,$);
#5434= IFCCARTESIANPOINT((6082.78624,23333.2101,2075.0));
#5435= IFCCARTESIANPOINT((6082.78624,23308.2101,2100.0));
#5436= IFCCARTESIANPOINT((6082.78624,24508.2101,2100.0));
#5437= IFCCARTESIANPOINT((6082.78624,24483.2101,2075.0));
#5438= IFCCARTESIANPOINT((6082.78624,23333.2101,925.0));
#5439= IFCCARTESIANPOINT((6082.78624,23308.2101,900.0));
#5440= IFCCARTESIANPOINT((6082.78624,24508.2101,900.0));
#5441= IFCCARTESIANPOINT((6082.78624,24483.2101,925.0));
#5442= IFCCARTESIANPOINT((5982.78624,23308.2101,2100.0));
#5443= IFCCARTESIANPOINT((5982.78624,23333.2101,2075.0));
#5444= IFCCARTESIANPOINT((5982.78624,24483.2101,2075.0));
#5445= IFCCARTESIANPOINT((5982.78624,24508.2101,2100.0));
#5446= IFCCARTESIANPOINT((5982.78624,24483.2101,925.0));
#5447= IFCCARTESIANPOINT((5982.78624,24508.2101,900.0));
#5448= IFCCARTESIANPOINT((5982.78624,23333.2101,925.0));
#5449= IFCCARTESIANPOINT((5982.78624,23308.2101,900.0));
#5450= IFCCARTESIANPOINT((6082.78624,23358.2101,2050.0));
#5451= IFCCARTESIANPOINT((6082.78624,23908.2101,2075.0));
#5452= IFCCARTESIANPOINT((6082.78624,23883.2101,2050.0));
#5453= IFCCARTESIANPOINT((6082.78624,23908.2101,925.0));
#5454= IFCCARTESIANPOINT((6082.78624,23883.2101,950.0));
#5455= IFCCARTESIANPOINT((6082.78624,23358.2101,950.0));
#5456= IFCCARTESIANPOINT((6097.78624,23345.7101,937.5));
#5457= IFCCARTESIANPOINT((6082.78624,23345.7101,937.5));
#5458= IFCCARTESIANPOINT((6082.78624,23345.7101,2062.5));
#5459= IFCCARTESIANPOINT((6097.78624,23345.7101,2062.5));
#5460= IFCCARTESIANPOINT((6082.78624,23895.7101,2062.5));
#5461= IFCCARTESIANPOINT((6097.78624,23895.7101,2062.5));
#5462= IFCCARTESIANPOINT((6082.78624,23895.7101,937.5));
#5463= IFCCARTESIANPOINT((6097.78624,23895.7101,937.5));
#5464= IFCCARTESIANPOINT((6097.78624,23370.7101,2037.5));
#5465= IFCCARTESIANPOINT((6097.78624,23870.7101,2037.5));
#5466= IFCCARTESIANPOINT((6097.78624,23870.7101,962.5));
#5467= IFCCARTESIANPOINT((6097.78624,23370.7101,962.5));
#5468= IFCCARTESIANPOINT((6082.78624,23370.7101,2037.5));
#5469= IFCCARTESIANPOINT((6082.78624,23870.7101,2037.5));
#5470= IFCCARTESIANPOINT((6082.78624,23370.7101,962.5));
#5471= IFCCARTESIANPOINT((6082.78624,23870.7101,962.5));
#5472= IFCCARTESIANPOINT((5982.78624,23358.2101,950.0));
#5473= IFCCARTESIANPOINT((5982.78624,23358.2101,2050.0));
#5474= IFCCARTESIANPOINT((5982.78624,23883.2101,2050.0));
#5475= IFCCARTESIANPOINT((5982.78624,23908.2101,2075.0));
#5476= IFCCARTESIANPOINT((5982.78624,23883.2101,950.0));
#5477= IFCCARTESIANPOINT((5982.78624,23908.2101,925.0));
#5478= IFCCARTESIANPOINT((6082.78624,23933.2101,2050.0));
#5479= IFCCARTESIANPOINT((6082.78624,24458.2101,2050.0));
#5480= IFCCARTESIANPOINT((6082.78624,24458.2101,950.0));
#5481= IFCCARTESIANPOINT((6082.78624,23933.2101,950.0));
#5482= IFCCARTESIANPOINT((5982.78624,23933.2101,950.0));
#5483= IFCCARTESIANPOINT((5982.78624,23933.2101,2050.0));
#5484= IFCCARTESIANPOINT((5982.78624,24458.2101,2050.0));
#5485= IFCCARTESIANPOINT((5982.78624,24458.2101,950.0));
#5486= IFCPOLYLOOP((#5434,#5435,#5436));
#5487= IFCFACEOUTERBOUND(#5486,.F.);
#5488= IFCFACE((#5487));
#5489= IFCPOLYLOOP((#5434,#5436,#5437));
#5490= IFCFACEOUTERBOUND(#5489,.F.);
#5491= IFCFACE((#5490));
#5492= IFCPOLYLOOP((#5435,#5434,#5438));
#5493= IFCFACEOUTERBOUND(#5492,.F.);
#5494= IFCFACE((#5493));
#5495= IFCPOLYLOOP((#5435,#5438,#5439));
#5496= IFCFACEOUTERBOUND(#5495,.F.);
#5497= IFCFACE((#5496));
#5498= IFCPOLYLOOP((#5437,#5436,#5440));
#5499= IFCFACEOUTERBOUND(#5498,.F.);
#5500= IFCFACE((#5499));
#5501= IFCPOLYLOOP((#5437,#5440,#5441));
#5502= IFCFACEOUTERBOUND(#5501,.F.);
#5503= IFCFACE((#5502));
#5504= IFCPOLYLOOP((#5441,#5440,#5439));
#5505= IFCFACEOUTERBOUND(#5504,.F.);
#5506= IFCFACE((#5505));
#5507= IFCPOLYLOOP((#5441,#5439,#5438));
#5508= IFCFACEOUTERBOUND(#5507,.F.);
#5509= IFCFACE((#5508));
#5510= IFCPOLYLOOP((#5442,#5443,#5444));
#5511= IFCFACEOUTERBOUND(#5510,.F.);
#5512= IFCFACE((#5511));
#5513= IFCPOLYLOOP((#5442,#5444,#5445));
#5514= IFCFACEOUTERBOUND(#5513,.F.);
#5515= IFCFACE((#5514));
#5516= IFCPOLYLOOP((#5445,#5444,#5446));
#5517= IFCFACEOUTERBOUND(#5516,.F.);
#5518= IFCFACE((#5517));
#5519= IFCPOLYLOOP((#5445,#5446,#5447));
#5520= IFCFACEOUTERBOUND(#5519,.F.);
#5521= IFCFACE((#5520));
#5522= IFCPOLYLOOP((#5447,#5446,#5448));
#5523= IFCFACEOUTERBOUND(#5522,.F.);
#5524= IFCFACE((#5523));
#5525= IFCPOLYLOOP((#5447,#5448,#5449));
#5526= IFCFACEOUTERBOUND(#5525,.F.);
#5527= IFCFACE((#5526));
#5528= IFCPOLYLOOP((#5449,#5448,#5443));
#5529= IFCFACEOUTERBOUND(#5528,.F.);
#5530= IFCFACE((#5529));
#5531= IFCPOLYLOOP((#5449,#5443,#5442));
#5532= IFCFACEOUTERBOUND(#5531,.F.);
#5533= IFCFACE((#5532));
#5534= IFCPOLYLOOP((#5438,#5434,#5443));
#5535= IFCFACEOUTERBOUND(#5534,.F.);
#5536= IFCFACE((#5535));
#5537= IFCPOLYLOOP((#5438,#5443,#5448));
#5538= IFCFACEOUTERBOUND(#5537,.F.);
#5539= IFCFACE((#5538));
#5540= IFCPOLYLOOP((#5443,#5434,#5437));
#5541= IFCFACEOUTERBOUND(#5540,.F.);
#5542= IFCFACE((#5541));
#5543= IFCPOLYLOOP((#5443,#5437,#5444));
#5544= IFCFACEOUTERBOUND(#5543,.F.);
#5545= IFCFACE((#5544));
#5546= IFCPOLYLOOP((#5444,#5437,#5441));
#5547= IFCFACEOUTERBOUND(#5546,.F.);
#5548= IFCFACE((#5547));
#5549= IFCPOLYLOOP((#5444,#5441,#5446));
#5550= IFCFACEOUTERBOUND(#5549,.F.);
#5551= IFCFACE((#5550));
#5552= IFCPOLYLOOP((#5446,#5448,#5438));
#5553= IFCFACEOUTERBOUND(#5552,.F.);
#5554= IFCFACE((#5553));
#5555= IFCPOLYLOOP((#5446,#5438,#5441));
#5556= IFCFACEOUTERBOUND(#5555,.F.);
#5557= IFCFACE((#5556));
#5558= IFCPOLYLOOP((#5450,#5434,#5451));
#5559= IFCFACEOUTERBOUND(#5558,.F.);
#5560= IFCFACE((#5559));
#5561= IFCPOLYLOOP((#5450,#5451,#5452));
#5562= IFCFACEOUTERBOUND(#5561,.F.);
#5563= IFCFACE((#5562));
#5564= IFCPOLYLOOP((#5452,#5451,#5453));
#5565= IFCFACEOUTERBOUND(#5564,.F.);
#5566= IFCFACE((#5565));
#5567= IFCPOLYLOOP((#5452,#5453,#5454));
#5568= IFCFACEOUTERBOUND(#5567,.F.);
#5569= IFCFACE((#5568));
#5570= IFCPOLYLOOP((#5453,#5438,#5455));
#5571= IFCFACEOUTERBOUND(#5570,.F.);
#5572= IFCFACE((#5571));
#5573= IFCPOLYLOOP((#5453,#5455,#5454));
#5574= IFCFACEOUTERBOUND(#5573,.F.);
#5575= IFCFACE((#5574));
#5576= IFCPOLYLOOP((#5455,#5438,#5434));
#5577= IFCFACEOUTERBOUND(#5576,.F.);
#5578= IFCFACE((#5577));
#5579= IFCPOLYLOOP((#5455,#5434,#5450));
#5580= IFCFACEOUTERBOUND(#5579,.F.);
#5581= IFCFACE((#5580));
#5582= IFCPOLYLOOP((#5456,#5457,#5458));
#5583= IFCFACEOUTERBOUND(#5582,.F.);
#5584= IFCFACE((#5583));
#5585= IFCPOLYLOOP((#5456,#5458,#5459));
#5586= IFCFACEOUTERBOUND(#5585,.F.);
#5587= IFCFACE((#5586));
#5588= IFCPOLYLOOP((#5459,#5458,#5460));
#5589= IFCFACEOUTERBOUND(#5588,.F.);
#5590= IFCFACE((#5589));
#5591= IFCPOLYLOOP((#5459,#5460,#5461));
#5592= IFCFACEOUTERBOUND(#5591,.F.);
#5593= IFCFACE((#5592));
#5594= IFCPOLYLOOP((#5461,#5460,#5462));
#5595= IFCFACEOUTERBOUND(#5594,.F.);
#5596= IFCFACE((#5595));
#5597= IFCPOLYLOOP((#5461,#5462,#5463));
#5598= IFCFACEOUTERBOUND(#5597,.F.);
#5599= IFCFACE((#5598));
#5600= IFCPOLYLOOP((#5463,#5462,#5457));
#5601= IFCFACEOUTERBOUND(#5600,.F.);
#5602= IFCFACE((#5601));
#5603= IFCPOLYLOOP((#5463,#5457,#5456));
#5604= IFCFACEOUTERBOUND(#5603,.F.);
#5605= IFCFACE((#5604));
#5606= IFCPOLYLOOP((#5464,#5459,#5461));
#5607= IFCFACEOUTERBOUND(#5606,.F.);
#5608= IFCFACE((#5607));
#5609= IFCPOLYLOOP((#5464,#5461,#5465));
#5610= IFCFACEOUTERBOUND(#5609,.F.);
#5611= IFCFACE((#5610));
#5612= IFCPOLYLOOP((#5465,#5461,#5463));
#5613= IFCFACEOUTERBOUND(#5612,.F.);
#5614= IFCFACE((#5613));
#5615= IFCPOLYLOOP((#5465,#5463,#5466));
#5616= IFCFACEOUTERBOUND(#5615,.F.);
#5617= IFCFACE((#5616));
#5618= IFCPOLYLOOP((#5466,#5463,#5456));
#5619= IFCFACEOUTERBOUND(#5618,.F.);
#5620= IFCFACE((#5619));
#5621= IFCPOLYLOOP((#5466,#5456,#5467));
#5622= IFCFACEOUTERBOUND(#5621,.F.);
#5623= IFCFACE((#5622));
#5624= IFCPOLYLOOP((#5467,#5456,#5459));
#5625= IFCFACEOUTERBOUND(#5624,.F.);
#5626= IFCFACE((#5625));
#5627= IFCPOLYLOOP((#5467,#5459,#5464));
#5628= IFCFACEOUTERBOUND(#5627,.F.);
#5629= IFCFACE((#5628));
#5630= IFCPOLYLOOP((#5468,#5464,#5465));
#5631= IFCFACEOUTERBOUND(#5630,.F.);
#5632= IFCFACE((#5631));
#5633= IFCPOLYLOOP((#5468,#5465,#5469));
#5634= IFCFACEOUTERBOUND(#5633,.F.);
#5635= IFCFACE((#5634));
#5636= IFCPOLYLOOP((#5470,#5467,#5464));
#5637= IFCFACEOUTERBOUND(#5636,.F.);
#5638= IFCFACE((#5637));
#5639= IFCPOLYLOOP((#5470,#5464,#5468));
#5640= IFCFACEOUTERBOUND(#5639,.F.);
#5641= IFCFACE((#5640));
#5642= IFCPOLYLOOP((#5466,#5471,#5469));
#5643= IFCFACEOUTERBOUND(#5642,.F.);
#5644= IFCFACE((#5643));
#5645= IFCPOLYLOOP((#5466,#5469,#5465));
#5646= IFCFACEOUTERBOUND(#5645,.F.);
#5647= IFCFACE((#5646));
#5648= IFCPOLYLOOP((#5471,#5466,#5467));
#5649= IFCFACEOUTERBOUND(#5648,.F.);
#5650= IFCFACE((#5649));
#5651= IFCPOLYLOOP((#5471,#5467,#5470));
#5652= IFCFACEOUTERBOUND(#5651,.F.);
#5653= IFCFACE((#5652));
#5654= IFCPOLYLOOP((#5472,#5473,#5443));
#5655= IFCFACEOUTERBOUND(#5654,.F.);
#5656= IFCFACE((#5655));
#5657= IFCPOLYLOOP((#5472,#5443,#5448));
#5658= IFCFACEOUTERBOUND(#5657,.F.);
#5659= IFCFACE((#5658));
#5660= IFCPOLYLOOP((#5473,#5474,#5475));
#5661= IFCFACEOUTERBOUND(#5660,.F.);
#5662= IFCFACE((#5661));
#5663= IFCPOLYLOOP((#5473,#5475,#5443));
#5664= IFCFACEOUTERBOUND(#5663,.F.);
#5665= IFCFACE((#5664));
#5666= IFCPOLYLOOP((#5475,#5474,#5476));
#5667= IFCFACEOUTERBOUND(#5666,.F.);
#5668= IFCFACE((#5667));
#5669= IFCPOLYLOOP((#5475,#5476,#5477));
#5670= IFCFACEOUTERBOUND(#5669,.F.);
#5671= IFCFACE((#5670));
#5672= IFCPOLYLOOP((#5477,#5476,#5472));
#5673= IFCFACEOUTERBOUND(#5672,.F.);
#5674= IFCFACE((#5673));
#5675= IFCPOLYLOOP((#5477,#5472,#5448));
#5676= IFCFACEOUTERBOUND(#5675,.F.);
#5677= IFCFACE((#5676));
#5678= IFCPOLYLOOP((#5474,#5473,#5450));
#5679= IFCFACEOUTERBOUND(#5678,.F.);
#5680= IFCFACE((#5679));
#5681= IFCPOLYLOOP((#5474,#5450,#5452));
#5682= IFCFACEOUTERBOUND(#5681,.F.);
#5683= IFCFACE((#5682));
#5684= IFCPOLYLOOP((#5473,#5472,#5455));
#5685= IFCFACEOUTERBOUND(#5684,.F.);
#5686= IFCFACE((#5685));
#5687= IFCPOLYLOOP((#5473,#5455,#5450));
#5688= IFCFACEOUTERBOUND(#5687,.F.);
#5689= IFCFACE((#5688));
#5690= IFCPOLYLOOP((#5455,#5472,#5476));
#5691= IFCFACEOUTERBOUND(#5690,.F.);
#5692= IFCFACE((#5691));
#5693= IFCPOLYLOOP((#5455,#5476,#5454));
#5694= IFCFACEOUTERBOUND(#5693,.F.);
#5695= IFCFACE((#5694));
#5696= IFCPOLYLOOP((#5454,#5476,#5474));
#5697= IFCFACEOUTERBOUND(#5696,.F.);
#5698= IFCFACE((#5697));
#5699= IFCPOLYLOOP((#5454,#5474,#5452));
#5700= IFCFACEOUTERBOUND(#5699,.F.);
#5701= IFCFACE((#5700));
#5702= IFCPOLYLOOP((#5469,#5452,#5450));
#5703= IFCFACEOUTERBOUND(#5702,.F.);
#5704= IFCFACE((#5703));
#5705= IFCPOLYLOOP((#5469,#5450,#5468));
#5706= IFCFACEOUTERBOUND(#5705,.F.);
#5707= IFCFACE((#5706));
#5708= IFCPOLYLOOP((#5468,#5450,#5455));
#5709= IFCFACEOUTERBOUND(#5708,.F.);
#5710= IFCFACE((#5709));
#5711= IFCPOLYLOOP((#5468,#5455,#5470));
#5712= IFCFACEOUTERBOUND(#5711,.F.);
#5713= IFCFACE((#5712));
#5714= IFCPOLYLOOP((#5470,#5455,#5454));
#5715= IFCFACEOUTERBOUND(#5714,.F.);
#5716= IFCFACE((#5715));
#5717= IFCPOLYLOOP((#5470,#5454,#5471));
#5718= IFCFACEOUTERBOUND(#5717,.F.);
#5719= IFCFACE((#5718));
#5720= IFCPOLYLOOP((#5471,#5454,#5452));
#5721= IFCFACEOUTERBOUND(#5720,.F.);
#5722= IFCFACE((#5721));
#5723= IFCPOLYLOOP((#5471,#5452,#5469));
#5724= IFCFACEOUTERBOUND(#5723,.F.);
#5725= IFCFACE((#5724));
#5726= IFCPOLYLOOP((#5478,#5451,#5437));
#5727= IFCFACEOUTERBOUND(#5726,.F.);
#5728= IFCFACE((#5727));
#5729= IFCPOLYLOOP((#5478,#5437,#5479));
#5730= IFCFACEOUTERBOUND(#5729,.F.);
#5731= IFCFACE((#5730));
#5732= IFCPOLYLOOP((#5479,#5437,#5441));
#5733= IFCFACEOUTERBOUND(#5732,.F.);
#5734= IFCFACE((#5733));
#5735= IFCPOLYLOOP((#5479,#5441,#5480));
#5736= IFCFACEOUTERBOUND(#5735,.F.);
#5737= IFCFACE((#5736));
#5738= IFCPOLYLOOP((#5441,#5453,#5481));
#5739= IFCFACEOUTERBOUND(#5738,.F.);
#5740= IFCFACE((#5739));
#5741= IFCPOLYLOOP((#5441,#5481,#5480));
#5742= IFCFACEOUTERBOUND(#5741,.F.);
#5743= IFCFACE((#5742));
#5744= IFCPOLYLOOP((#5481,#5453,#5451));
#5745= IFCFACEOUTERBOUND(#5744,.F.);
#5746= IFCFACE((#5745));
#5747= IFCPOLYLOOP((#5481,#5451,#5478));
#5748= IFCFACEOUTERBOUND(#5747,.F.);
#5749= IFCFACE((#5748));
#5750= IFCPOLYLOOP((#5477,#5482,#5483));
#5751= IFCFACEOUTERBOUND(#5750,.F.);
#5752= IFCFACE((#5751));
#5753= IFCPOLYLOOP((#5477,#5483,#5475));
#5754= IFCFACEOUTERBOUND(#5753,.F.);
#5755= IFCFACE((#5754));
#5756= IFCPOLYLOOP((#5475,#5483,#5484));
#5757= IFCFACEOUTERBOUND(#5756,.F.);
#5758= IFCFACE((#5757));
#5759= IFCPOLYLOOP((#5475,#5484,#5444));
#5760= IFCFACEOUTERBOUND(#5759,.F.);
#5761= IFCFACE((#5760));
#5762= IFCPOLYLOOP((#5444,#5484,#5485));
#5763= IFCFACEOUTERBOUND(#5762,.F.);
#5764= IFCFACE((#5763));
#5765= IFCPOLYLOOP((#5444,#5485,#5446));
#5766= IFCFACEOUTERBOUND(#5765,.F.);
#5767= IFCFACE((#5766));
#5768= IFCPOLYLOOP((#5482,#5477,#5446));
#5769= IFCFACEOUTERBOUND(#5768,.F.);
#5770= IFCFACE((#5769));
#5771= IFCPOLYLOOP((#5482,#5446,#5485));
#5772= IFCFACEOUTERBOUND(#5771,.F.);
#5773= IFCFACE((#5772));
#5774= IFCPOLYLOOP((#5484,#5479,#5480));
#5775= IFCFACEOUTERBOUND(#5774,.F.);
#5776= IFCFACE((#5775));
#5777= IFCPOLYLOOP((#5484,#5480,#5485));
#5778= IFCFACEOUTERBOUND(#5777,.F.);
#5779= IFCFACE((#5778));
#5780= IFCPOLYLOOP((#5485,#5480,#5481));
#5781= IFCFACEOUTERBOUND(#5780,.F.);
#5782= IFCFACE((#5781));
#5783= IFCPOLYLOOP((#5485,#5481,#5482));
#5784= IFCFACEOUTERBOUND(#5783,.F.);
#5785= IFCFACE((#5784));
#5786= IFCPOLYLOOP((#5482,#5481,#5478));
#5787= IFCFACEOUTERBOUND(#5786,.F.);
#5788= IFCFACE((#5787));
#5789= IFCPOLYLOOP((#5482,#5478,#5483));
#5790= IFCFACEOUTERBOUND(#5789,.F.);
#5791= IFCFACE((#5790));
#5792= IFCPOLYLOOP((#5479,#5484,#5483));
#5793= IFCFACEOUTERBOUND(#5792,.F.);
#5794= IFCFACE((#5793));
#5795= IFCPOLYLOOP((#5479,#5483,#5478));
#5796= IFCFACEOUTERBOUND(#5795,.F.);
#5797= IFCFACE((#5796));
#5798= IFCOPENSHELL((#5488,#5491,#5494,#5497,#5500,#5503,#5506,#5509,#5512,#5515,#5518,#5521,#5524,#5527,#5530,#5533,#5536,#5539,#5542,#5545,#5548,#5551,#5554,#5557,#5560,#5563,#5566,#5569,#5572,#5575,#5578,#5581,#5584,#5587,#5590,#5593,#5596,#5599,#5602,#5605,#5608,#5611,#5614,#5617,#5620,#5623,#5626,#5629,#5632,#5635,#5638,#5641,#5644,#5647,#5650,#5653,#5656,#5659,#5662,#5665,#5668,#5671,#5674,#5677,#5680,#5683,#5686,#5689,#5692,#5695,#5698,#5701,#5704,#5707,#5710,#5713,#5716,#5719,#5722,#5725,#5728,#5731,#5734,#5737,#5740,#5743,#5746,#5749,#5752,#5755,#5758,#5761,#5764,#5767,#5770,#5773,#5776,#5779,#5782,#5785,#5788,#5791,#5794,#5797));
#5799= IFCFACEBASEDSURFACEMODEL((#5798));
#5800= IFCSTYLEDITEM(#5799,(#5801),$);
#5801= IFCPRESENTATIONSTYLEASSIGNMENT((#3202));
#5802= IFCCARTESIANPOINT((6090.28624,23370.7101,2037.5));
#5803= IFCCARTESIANPOINT((6090.28624,23870.7101,2037.5));
#5804= IFCCARTESIANPOINT((6090.28624,23870.7101,962.5));
#5805= IFCCARTESIANPOINT((6090.28624,23370.7101,962.5));
#5806= IFCCARTESIANPOINT((6032.78624,24458.2101,950.0));
#5807= IFCCARTESIANPOINT((6032.78624,23933.2101,950.0));
#5808= IFCCARTESIANPOINT((6032.78624,23933.2101,2050.0));
#5809= IFCCARTESIANPOINT((6032.78624,24458.2101,2050.0));
#5810= IFCPOLYLOOP((#5802,#5803,#5804));
#5811= IFCFACEOUTERBOUND(#5810,.F.);
#5812= IFCFACE((#5811));
#5813= IFCPOLYLOOP((#5802,#5804,#5805));
#5814= IFCFACEOUTERBOUND(#5813,.F.);
#5815= IFCFACE((#5814));
#5816= IFCPOLYLOOP((#5806,#5807,#5808));
#5817= IFCFACEOUTERBOUND(#5816,.F.);
#5818= IFCFACE((#5817));
#5819= IFCPOLYLOOP((#5806,#5808,#5809));
#5820= IFCFACEOUTERBOUND(#5819,.F.);
#5821= IFCFACE((#5820));
#5822= IFCOPENSHELL((#5488,#5491,#5494,#5497,#5500,#5503,#5506,#5509,#5512,#5515,#5518,#5521,#5524,#5527,#5530,#5533,#5536,#5539,#5542,#5545,#5548,#5551,#5554,#5557,#5560,#5563,#5566,#5569,#5572,#5575,#5578,#5581,#5584,#5587,#5590,#5593,#5596,#5599,#5602,#5605,#5608,#5611,#5614,#5617,#5620,#5623,#5626,#5629,#5632,#5635,#5638,#5641,#5644,#5647,#5650,#5653,#5656,#5659,#5662,#5665,#5668,#5671,#5674,#5677,#5680,#5683,#5686,#5689,#5692,#5695,#5698,#5701,#5704,#5707,#5710,#5713,#5716,#5719,#5722,#5725,#5728,#5731,#5734,#5737,#5740,#5743,#5746,#5749,#5752,#5755,#5758,#5761,#5764,#5767,#5770,#5773,#5776,#5779,#5782,#5785,#5788,#5791,#5794,#5797,#5812,#5815,#5818,#5821));
#5823= IFCFACEBASEDSURFACEMODEL((#5822));
#5824= IFCSTYLEDITEM(#5823,(#5825),$);
#5825= IFCPRESENTATIONSTYLEASSIGNMENT((#5423));
#5826= IFCSHAPEREPRESENTATION(#460,'Body','SurfaceModel',(#5799,#5823));
#5827= IFCPRODUCTDEFINITIONSHAPE($,$,(#5826));
#5828= IFCCARTESIANPOINT((0.0,0.0,0.0));
#5829= IFCDIRECTION((0.0,0.0,1.0));
#5830= IFCDIRECTION((1.0,0.0,0.0));
#5831= IFCAXIS2PLACEMENT3D(#5828,#5829,#5830);
#5832= IFCLOCALPLACEMENT($,#5831);
#5833= IFCWINDOW('19t$4_AmH3AQp0RBlVS36Z',#20,$,$,$,#5832,#5827,$,$,$);
#5834= IFCCARTESIANPOINT((12266.78624,24416.2101,2075.0));
#5835= IFCCARTESIANPOINT((12266.78624,24441.2101,2100.0));
#5836= IFCCARTESIANPOINT((12266.78624,23241.2101,2100.0));
#5837= IFCCARTESIANPOINT((12266.78624,23266.2101,2075.0));
#5838= IFCCARTESIANPOINT((12266.78624,24416.2101,925.0));
#5839= IFCCARTESIANPOINT((12266.78624,24441.2101,900.0));
#5840= IFCCARTESIANPOINT((12266.78624,23241.2101,900.0));
#5841= IFCCARTESIANPOINT((12266.78624,23266.2101,925.0));
#5842= IFCCARTESIANPOINT((12366.78624,24441.2101,2100.0));
#5843= IFCCARTESIANPOINT((12366.78624,24416.2101,2075.0));
#5844= IFCCARTESIANPOINT((12366.78624,23266.2101,2075.0));
#5845= IFCCARTESIANPOINT((12366.78624,23241.2101,2100.0));
#5846= IFCCARTESIANPOINT((12366.78624,23266.2101,925.0));
#5847= IFCCARTESIANPOINT((12366.78624,23241.2101,900.0));
#5848= IFCCARTESIANPOINT((12366.78624,24416.2101,925.0));
#5849= IFCCARTESIANPOINT((12366.78624,24441.2101,900.0));
#5850= IFCCARTESIANPOINT((12266.78624,24391.2101,2050.0));
#5851= IFCCARTESIANPOINT((12266.78624,23841.2101,2075.0));
#5852= IFCCARTESIANPOINT((12266.78624,23866.2101,2050.0));
#5853= IFCCARTESIANPOINT((12266.78624,23841.2101,925.0));
#5854= IFCCARTESIANPOINT((12266.78624,23866.2101,950.0));
#5855= IFCCARTESIANPOINT((12266.78624,24391.2101,950.0));
#5856= IFCCARTESIANPOINT((12251.78624,24403.7101,937.5));
#5857= IFCCARTESIANPOINT((12266.78624,24403.7101,937.5));
#5858= IFCCARTESIANPOINT((12266.78624,24403.7101,2062.5));
#5859= IFCCARTESIANPOINT((12251.78624,24403.7101,2062.5));
#5860= IFCCARTESIANPOINT((12266.78624,23853.7101,2062.5));
#5861= IFCCARTESIANPOINT((12251.78624,23853.7101,2062.5));
#5862= IFCCARTESIANPOINT((12266.78624,23853.7101,937.5));
#5863= IFCCARTESIANPOINT((12251.78624,23853.7101,937.5));
#5864= IFCCARTESIANPOINT((12251.78624,24378.7101,2037.5));
#5865= IFCCARTESIANPOINT((12251.78624,23878.7101,2037.5));
#5866= IFCCARTESIANPOINT((12251.78624,23878.7101,962.5));
#5867= IFCCARTESIANPOINT((12251.78624,24378.7101,962.5));
#5868= IFCCARTESIANPOINT((12266.78624,24378.7101,2037.5));
#5869= IFCCARTESIANPOINT((12266.78624,23878.7101,2037.5));
#5870= IFCCARTESIANPOINT((12266.78624,24378.7101,962.5));
#5871= IFCCARTESIANPOINT((12266.78624,23878.7101,962.5));
#5872= IFCCARTESIANPOINT((12366.78624,24391.2101,950.0));
#5873= IFCCARTESIANPOINT((12366.78624,24391.2101,2050.0));
#5874= IFCCARTESIANPOINT((12366.78624,23866.2101,2050.0));
#5875= IFCCARTESIANPOINT((12366.78624,23841.2101,2075.0));
#5876= IFCCARTESIANPOINT((12366.78624,23866.2101,950.0));
#5877= IFCCARTESIANPOINT((12366.78624,23841.2101,925.0));
#5878= IFCCARTESIANPOINT((12266.78624,23816.2101,2050.0));
#5879= IFCCARTESIANPOINT((12266.78624,23291.2101,2050.0));
#5880= IFCCARTESIANPOINT((12266.78624,23291.2101,950.0));
#5881= IFCCARTESIANPOINT((12266.78624,23816.2101,950.0));
#5882= IFCCARTESIANPOINT((12366.78624,23816.2101,950.0));
#5883= IFCCARTESIANPOINT((12366.78624,23816.2101,2050.0));
#5884= IFCCARTESIANPOINT((12366.78624,23291.2101,2050.0));
#5885= IFCCARTESIANPOINT((12366.78624,23291.2101,950.0));
#5886= IFCPOLYLOOP((#5834,#5835,#5836));
#5887= IFCFACEOUTERBOUND(#5886,.F.);
#5888= IFCFACE((#5887));
#5889= IFCPOLYLOOP((#5834,#5836,#5837));
#5890= IFCFACEOUTERBOUND(#5889,.F.);
#5891= IFCFACE((#5890));
#5892= IFCPOLYLOOP((#5835,#5834,#5838));
#5893= IFCFACEOUTERBOUND(#5892,.F.);
#5894= IFCFACE((#5893));
#5895= IFCPOLYLOOP((#5835,#5838,#5839));
#5896= IFCFACEOUTERBOUND(#5895,.F.);
#5897= IFCFACE((#5896));
#5898= IFCPOLYLOOP((#5837,#5836,#5840));
#5899= IFCFACEOUTERBOUND(#5898,.F.);
#5900= IFCFACE((#5899));
#5901= IFCPOLYLOOP((#5837,#5840,#5841));
#5902= IFCFACEOUTERBOUND(#5901,.F.);
#5903= IFCFACE((#5902));
#5904= IFCPOLYLOOP((#5841,#5840,#5839));
#5905= IFCFACEOUTERBOUND(#5904,.F.);
#5906= IFCFACE((#5905));
#5907= IFCPOLYLOOP((#5841,#5839,#5838));
#5908= IFCFACEOUTERBOUND(#5907,.F.);
#5909= IFCFACE((#5908));
#5910= IFCPOLYLOOP((#5842,#5843,#5844));
#5911= IFCFACEOUTERBOUND(#5910,.F.);
#5912= IFCFACE((#5911));
#5913= IFCPOLYLOOP((#5842,#5844,#5845));
#5914= IFCFACEOUTERBOUND(#5913,.F.);
#5915= IFCFACE((#5914));
#5916= IFCPOLYLOOP((#5845,#5844,#5846));
#5917= IFCFACEOUTERBOUND(#5916,.F.);
#5918= IFCFACE((#5917));
#5919= IFCPOLYLOOP((#5845,#5846,#5847));
#5920= IFCFACEOUTERBOUND(#5919,.F.);
#5921= IFCFACE((#5920));
#5922= IFCPOLYLOOP((#5847,#5846,#5848));
#5923= IFCFACEOUTERBOUND(#5922,.F.);
#5924= IFCFACE((#5923));
#5925= IFCPOLYLOOP((#5847,#5848,#5849));
#5926= IFCFACEOUTERBOUND(#5925,.F.);
#5927= IFCFACE((#5926));
#5928= IFCPOLYLOOP((#5849,#5848,#5843));
#5929= IFCFACEOUTERBOUND(#5928,.F.);
#5930= IFCFACE((#5929));
#5931= IFCPOLYLOOP((#5849,#5843,#5842));
#5932= IFCFACEOUTERBOUND(#5931,.F.);
#5933= IFCFACE((#5932));
#5934= IFCPOLYLOOP((#5838,#5834,#5843));
#5935= IFCFACEOUTERBOUND(#5934,.F.);
#5936= IFCFACE((#5935));
#5937= IFCPOLYLOOP((#5838,#5843,#5848));
#5938= IFCFACEOUTERBOUND(#5937,.F.);
#5939= IFCFACE((#5938));
#5940= IFCPOLYLOOP((#5843,#5834,#5837));
#5941= IFCFACEOUTERBOUND(#5940,.F.);
#5942= IFCFACE((#5941));
#5943= IFCPOLYLOOP((#5843,#5837,#5844));
#5944= IFCFACEOUTERBOUND(#5943,.F.);
#5945= IFCFACE((#5944));
#5946= IFCPOLYLOOP((#5844,#5837,#5841));
#5947= IFCFACEOUTERBOUND(#5946,.F.);
#5948= IFCFACE((#5947));
#5949= IFCPOLYLOOP((#5844,#5841,#5846));
#5950= IFCFACEOUTERBOUND(#5949,.F.);
#5951= IFCFACE((#5950));
#5952= IFCPOLYLOOP((#5846,#5848,#5838));
#5953= IFCFACEOUTERBOUND(#5952,.F.);
#5954= IFCFACE((#5953));
#5955= IFCPOLYLOOP((#5846,#5838,#5841));
#5956= IFCFACEOUTERBOUND(#5955,.F.);
#5957= IFCFACE((#5956));
#5958= IFCPOLYLOOP((#5850,#5834,#5851));
#5959= IFCFACEOUTERBOUND(#5958,.F.);
#5960= IFCFACE((#5959));
#5961= IFCPOLYLOOP((#5850,#5851,#5852));
#5962= IFCFACEOUTERBOUND(#5961,.F.);
#5963= IFCFACE((#5962));
#5964= IFCPOLYLOOP((#5852,#5851,#5853));
#5965= IFCFACEOUTERBOUND(#5964,.F.);
#5966= IFCFACE((#5965));
#5967= IFCPOLYLOOP((#5852,#5853,#5854));
#5968= IFCFACEOUTERBOUND(#5967,.F.);
#5969= IFCFACE((#5968));
#5970= IFCPOLYLOOP((#5853,#5838,#5855));
#5971= IFCFACEOUTERBOUND(#5970,.F.);
#5972= IFCFACE((#5971));
#5973= IFCPOLYLOOP((#5853,#5855,#5854));
#5974= IFCFACEOUTERBOUND(#5973,.F.);
#5975= IFCFACE((#5974));
#5976= IFCPOLYLOOP((#5855,#5838,#5834));
#5977= IFCFACEOUTERBOUND(#5976,.F.);
#5978= IFCFACE((#5977));
#5979= IFCPOLYLOOP((#5855,#5834,#5850));
#5980= IFCFACEOUTERBOUND(#5979,.F.);
#5981= IFCFACE((#5980));
#5982= IFCPOLYLOOP((#5856,#5857,#5858));
#5983= IFCFACEOUTERBOUND(#5982,.F.);
#5984= IFCFACE((#5983));
#5985= IFCPOLYLOOP((#5856,#5858,#5859));
#5986= IFCFACEOUTERBOUND(#5985,.F.);
#5987= IFCFACE((#5986));
#5988= IFCPOLYLOOP((#5859,#5858,#5860));
#5989= IFCFACEOUTERBOUND(#5988,.F.);
#5990= IFCFACE((#5989));
#5991= IFCPOLYLOOP((#5859,#5860,#5861));
#5992= IFCFACEOUTERBOUND(#5991,.F.);
#5993= IFCFACE((#5992));
#5994= IFCPOLYLOOP((#5861,#5860,#5862));
#5995= IFCFACEOUTERBOUND(#5994,.F.);
#5996= IFCFACE((#5995));
#5997= IFCPOLYLOOP((#5861,#5862,#5863));
#5998= IFCFACEOUTERBOUND(#5997,.F.);
#5999= IFCFACE((#5998));
#6000= IFCPOLYLOOP((#5863,#5862,#5857));
#6001= IFCFACEOUTERBOUND(#6000,.F.);
#6002= IFCFACE((#6001));
#6003= IFCPOLYLOOP((#5863,#5857,#5856));
#6004= IFCFACEOUTERBOUND(#6003,.F.);
#6005= IFCFACE((#6004));
#6006= IFCPOLYLOOP((#5864,#5859,#5861));
#6007= IFCFACEOUTERBOUND(#6006,.F.);
#6008= IFCFACE((#6007));
#6009= IFCPOLYLOOP((#5864,#5861,#5865));
#6010= IFCFACEOUTERBOUND(#6009,.F.);
#6011= IFCFACE((#6010));
#6012= IFCPOLYLOOP((#5865,#5861,#5863));
#6013= IFCFACEOUTERBOUND(#6012,.F.);
#6014= IFCFACE((#6013));
#6015= IFCPOLYLOOP((#5865,#5863,#5866));
#6016= IFCFACEOUTERBOUND(#6015,.F.);
#6017= IFCFACE((#6016));
#6018= IFCPOLYLOOP((#5866,#5863,#5856));
#6019= IFCFACEOUTERBOUND(#6018,.F.);
#6020= IFCFACE((#6019));
#6021= IFCPOLYLOOP((#5866,#5856,#5867));
#6022= IFCFACEOUTERBOUND(#6021,.F.);
#6023= IFCFACE((#6022));
#6024= IFCPOLYLOOP((#5867,#5856,#5859));
#6025= IFCFACEOUTERBOUND(#6024,.F.);
#6026= IFCFACE((#6025));
#6027= IFCPOLYLOOP((#5867,#5859,#5864));
#6028= IFCFACEOUTERBOUND(#6027,.F.);
#6029= IFCFACE((#6028));
#6030= IFCPOLYLOOP((#5868,#5864,#5865));
#6031= IFCFACEOUTERBOUND(#6030,.F.);
#6032= IFCFACE((#6031));
#6033= IFCPOLYLOOP((#5868,#5865,#5869));
#6034= IFCFACEOUTERBOUND(#6033,.F.);
#6035= IFCFACE((#6034));
#6036= IFCPOLYLOOP((#5870,#5867,#5864));
#6037= IFCFACEOUTERBOUND(#6036,.F.);
#6038= IFCFACE((#6037));
#6039= IFCPOLYLOOP((#5870,#5864,#5868));
#6040= IFCFACEOUTERBOUND(#6039,.F.);
#6041= IFCFACE((#6040));
#6042= IFCPOLYLOOP((#5866,#5871,#5869));
#6043= IFCFACEOUTERBOUND(#6042,.F.);
#6044= IFCFACE((#6043));
#6045= IFCPOLYLOOP((#5866,#5869,#5865));
#6046= IFCFACEOUTERBOUND(#6045,.F.);
#6047= IFCFACE((#6046));
#6048= IFCPOLYLOOP((#5871,#5866,#5867));
#6049= IFCFACEOUTERBOUND(#6048,.F.);
#6050= IFCFACE((#6049));
#6051= IFCPOLYLOOP((#5871,#5867,#5870));
#6052= IFCFACEOUTERBOUND(#6051,.F.);
#6053= IFCFACE((#6052));
#6054= IFCPOLYLOOP((#5872,#5873,#5843));
#6055= IFCFACEOUTERBOUND(#6054,.F.);
#6056= IFCFACE((#6055));
#6057= IFCPOLYLOOP((#5872,#5843,#5848));
#6058= IFCFACEOUTERBOUND(#6057,.F.);
#6059= IFCFACE((#6058));
#6060= IFCPOLYLOOP((#5873,#5874,#5875));
#6061= IFCFACEOUTERBOUND(#6060,.F.);
#6062= IFCFACE((#6061));
#6063= IFCPOLYLOOP((#5873,#5875,#5843));
#6064= IFCFACEOUTERBOUND(#6063,.F.);
#6065= IFCFACE((#6064));
#6066= IFCPOLYLOOP((#5875,#5874,#5876));
#6067= IFCFACEOUTERBOUND(#6066,.F.);
#6068= IFCFACE((#6067));
#6069= IFCPOLYLOOP((#5875,#5876,#5877));
#6070= IFCFACEOUTERBOUND(#6069,.F.);
#6071= IFCFACE((#6070));
#6072= IFCPOLYLOOP((#5877,#5876,#5872));
#6073= IFCFACEOUTERBOUND(#6072,.F.);
#6074= IFCFACE((#6073));
#6075= IFCPOLYLOOP((#5877,#5872,#5848));
#6076= IFCFACEOUTERBOUND(#6075,.F.);
#6077= IFCFACE((#6076));
#6078= IFCPOLYLOOP((#5874,#5873,#5850));
#6079= IFCFACEOUTERBOUND(#6078,.F.);
#6080= IFCFACE((#6079));
#6081= IFCPOLYLOOP((#5874,#5850,#5852));
#6082= IFCFACEOUTERBOUND(#6081,.F.);
#6083= IFCFACE((#6082));
#6084= IFCPOLYLOOP((#5873,#5872,#5855));
#6085= IFCFACEOUTERBOUND(#6084,.F.);
#6086= IFCFACE((#6085));
#6087= IFCPOLYLOOP((#5873,#5855,#5850));
#6088= IFCFACEOUTERBOUND(#6087,.F.);
#6089= IFCFACE((#6088));
#6090= IFCPOLYLOOP((#5855,#5872,#5876));
#6091= IFCFACEOUTERBOUND(#6090,.F.);
#6092= IFCFACE((#6091));
#6093= IFCPOLYLOOP((#5855,#5876,#5854));
#6094= IFCFACEOUTERBOUND(#6093,.F.);
#6095= IFCFACE((#6094));
#6096= IFCPOLYLOOP((#5854,#5876,#5874));
#6097= IFCFACEOUTERBOUND(#6096,.F.);
#6098= IFCFACE((#6097));
#6099= IFCPOLYLOOP((#5854,#5874,#5852));
#6100= IFCFACEOUTERBOUND(#6099,.F.);
#6101= IFCFACE((#6100));
#6102= IFCPOLYLOOP((#5869,#5852,#5850));
#6103= IFCFACEOUTERBOUND(#6102,.F.);
#6104= IFCFACE((#6103));
#6105= IFCPOLYLOOP((#5869,#5850,#5868));
#6106= IFCFACEOUTERBOUND(#6105,.F.);
#6107= IFCFACE((#6106));
#6108= IFCPOLYLOOP((#5868,#5850,#5855));
#6109= IFCFACEOUTERBOUND(#6108,.F.);
#6110= IFCFACE((#6109));
#6111= IFCPOLYLOOP((#5868,#5855,#5870));
#6112= IFCFACEOUTERBOUND(#6111,.F.);
#6113= IFCFACE((#6112));
#6114= IFCPOLYLOOP((#5870,#5855,#5854));
#6115= IFCFACEOUTERBOUND(#6114,.F.);
#6116= IFCFACE((#6115));
#6117= IFCPOLYLOOP((#5870,#5854,#5871));
#6118= IFCFACEOUTERBOUND(#6117,.F.);
#6119= IFCFACE((#6118));
#6120= IFCPOLYLOOP((#5871,#5854,#5852));
#6121= IFCFACEOUTERBOUND(#6120,.F.);
#6122= IFCFACE((#6121));
#6123= IFCPOLYLOOP((#5871,#5852,#5869));
#6124= IFCFACEOUTERBOUND(#6123,.F.);
#6125= IFCFACE((#6124));
#6126= IFCPOLYLOOP((#5878,#5851,#5837));
#6127= IFCFACEOUTERBOUND(#6126,.F.);
#6128= IFCFACE((#6127));
#6129= IFCPOLYLOOP((#5878,#5837,#5879));
#6130= IFCFACEOUTERBOUND(#6129,.F.);
#6131= IFCFACE((#6130));
#6132= IFCPOLYLOOP((#5879,#5837,#5841));
#6133= IFCFACEOUTERBOUND(#6132,.F.);
#6134= IFCFACE((#6133));
#6135= IFCPOLYLOOP((#5879,#5841,#5880));
#6136= IFCFACEOUTERBOUND(#6135,.F.);
#6137= IFCFACE((#6136));
#6138= IFCPOLYLOOP((#5841,#5853,#5881));
#6139= IFCFACEOUTERBOUND(#6138,.F.);
#6140= IFCFACE((#6139));
#6141= IFCPOLYLOOP((#5841,#5881,#5880));
#6142= IFCFACEOUTERBOUND(#6141,.F.);
#6143= IFCFACE((#6142));
#6144= IFCPOLYLOOP((#5881,#5853,#5851));
#6145= IFCFACEOUTERBOUND(#6144,.F.);
#6146= IFCFACE((#6145));
#6147= IFCPOLYLOOP((#5881,#5851,#5878));
#6148= IFCFACEOUTERBOUND(#6147,.F.);
#6149= IFCFACE((#6148));
#6150= IFCPOLYLOOP((#5877,#5882,#5883));
#6151= IFCFACEOUTERBOUND(#6150,.F.);
#6152= IFCFACE((#6151));
#6153= IFCPOLYLOOP((#5877,#5883,#5875));
#6154= IFCFACEOUTERBOUND(#6153,.F.);
#6155= IFCFACE((#6154));
#6156= IFCPOLYLOOP((#5875,#5883,#5884));
#6157= IFCFACEOUTERBOUND(#6156,.F.);
#6158= IFCFACE((#6157));
#6159= IFCPOLYLOOP((#5875,#5884,#5844));
#6160= IFCFACEOUTERBOUND(#6159,.F.);
#6161= IFCFACE((#6160));
#6162= IFCPOLYLOOP((#5844,#5884,#5885));
#6163= IFCFACEOUTERBOUND(#6162,.F.);
#6164= IFCFACE((#6163));
#6165= IFCPOLYLOOP((#5844,#5885,#5846));
#6166= IFCFACEOUTERBOUND(#6165,.F.);
#6167= IFCFACE((#6166));
#6168= IFCPOLYLOOP((#5882,#5877,#5846));
#6169= IFCFACEOUTERBOUND(#6168,.F.);
#6170= IFCFACE((#6169));
#6171= IFCPOLYLOOP((#5882,#5846,#5885));
#6172= IFCFACEOUTERBOUND(#6171,.F.);
#6173= IFCFACE((#6172));
#6174= IFCPOLYLOOP((#5884,#5879,#5880));
#6175= IFCFACEOUTERBOUND(#6174,.F.);
#6176= IFCFACE((#6175));
#6177= IFCPOLYLOOP((#5884,#5880,#5885));
#6178= IFCFACEOUTERBOUND(#6177,.F.);
#6179= IFCFACE((#6178));
#6180= IFCPOLYLOOP((#5885,#5880,#5881));
#6181= IFCFACEOUTERBOUND(#6180,.F.);
#6182= IFCFACE((#6181));
#6183= IFCPOLYLOOP((#5885,#5881,#5882));
#6184= IFCFACEOUTERBOUND(#6183,.F.);
#6185= IFCFACE((#6184));
#6186= IFCPOLYLOOP((#5882,#5881,#5878));
#6187= IFCFACEOUTERBOUND(#6186,.F.);
#6188= IFCFACE((#6187));
#6189= IFCPOLYLOOP((#5882,#5878,#5883));
#6190= IFCFACEOUTERBOUND(#6189,.F.);
#6191= IFCFACE((#6190));
#6192= IFCPOLYLOOP((#5879,#5884,#5883));
#6193= IFCFACEOUTERBOUND(#6192,.F.);
#6194= IFCFACE((#6193));
#6195= IFCPOLYLOOP((#5879,#5883,#5878));
#6196= IFCFACEOUTERBOUND(#6195,.F.);
#6197= IFCFACE((#6196));
#6198= IFCOPENSHELL((#5888,#5891,#5894,#5897,#5900,#5903,#5906,#5909,#5912,#5915,#5918,#5921,#5924,#5927,#5930,#5933,#5936,#5939,#5942,#5945,#5948,#5951,#5954,#5957,#5960,#5963,#5966,#5969,#5972,#5975,#5978,#5981,#5984,#5987,#5990,#5993,#5996,#5999,#6002,#6005,#6008,#6011,#6014,#6017,#6020,#6023,#6026,#6029,#6032,#6035,#6038,#6041,#6044,#6047,#6050,#6053,#6056,#6059,#6062,#6065,#6068,#6071,#6074,#6077,#6080,#6083,#6086,#6089,#6092,#6095,#6098,#6101,#6104,#6107,#6110,#6113,#6116,#6119,#6122,#6125,#6128,#6131,#6134,#6137,#6140,#6143,#6146,#6149,#6152,#6155,#6158,#6161,#6164,#6167,#6170,#6173,#6176,#6179,#6182,#6185,#6188,#6191,#6194,#6197));
#6199= IFCFACEBASEDSURFACEMODEL((#6198));
#6200= IFCSTYLEDITEM(#6199,(#6201),$);
#6201= IFCPRESENTATIONSTYLEASSIGNMENT((#3202));
#6202= IFCCARTESIANPOINT((12259.28624,24378.7101,2037.5));
#6203= IFCCARTESIANPOINT((12259.28624,23878.7101,2037.5));
#6204= IFCCARTESIANPOINT((12259.28624,23878.7101,962.5));
#6205= IFCCARTESIANPOINT((12259.28624,24378.7101,962.5));
#6206= IFCCARTESIANPOINT((12316.78624,23291.2101,950.0));
#6207= IFCCARTESIANPOINT((12316.78624,23816.2101,950.0));
#6208= IFCCARTESIANPOINT((12316.78624,23816.2101,2050.0));
#6209= IFCCARTESIANPOINT((12316.78624,23291.2101,2050.0));
#6210= IFCPOLYLOOP((#6202,#6203,#6204));
#6211= IFCFACEOUTERBOUND(#6210,.F.);
#6212= IFCFACE((#6211));
#6213= IFCPOLYLOOP((#6202,#6204,#6205));
#6214= IFCFACEOUTERBOUND(#6213,.F.);
#6215= IFCFACE((#6214));
#6216= IFCPOLYLOOP((#6206,#6207,#6208));
#6217= IFCFACEOUTERBOUND(#6216,.F.);
#6218= IFCFACE((#6217));
#6219= IFCPOLYLOOP((#6206,#6208,#6209));
#6220= IFCFACEOUTERBOUND(#6219,.F.);
#6221= IFCFACE((#6220));
#6222= IFCOPENSHELL((#5888,#5891,#5894,#5897,#5900,#5903,#5906,#5909,#5912,#5915,#5918,#5921,#5924,#5927,#5930,#5933,#5936,#5939,#5942,#5945,#5948,#5951,#5954,#5957,#5960,#5963,#5966,#5969,#5972,#5975,#5978,#5981,#5984,#5987,#5990,#5993,#5996,#5999,#6002,#6005,#6008,#6011,#6014,#6017,#6020,#6023,#6026,#6029,#6032,#6035,#6038,#6041,#6044,#6047,#6050,#6053,#6056,#6059,#6062,#6065,#6068,#6071,#6074,#6077,#6080,#6083,#6086,#6089,#6092,#6095,#6098,#6101,#6104,#6107,#6110,#6113,#6116,#6119,#6122,#6125,#6128,#6131,#6134,#6137,#6140,#6143,#6146,#6149,#6152,#6155,#6158,#6161,#6164,#6167,#6170,#6173,#6176,#6179,#6182,#6185,#6188,#6191,#6194,#6197,#6212,#6215,#6218,#6221));
#6223= IFCFACEBASEDSURFACEMODEL((#6222));
#6224= IFCSTYLEDITEM(#6223,(#6225),$);
#6225= IFCPRESENTATIONSTYLEASSIGNMENT((#5423));
#6226= IFCSHAPEREPRESENTATION(#460,'Body','SurfaceModel',(#6199,#6223));
#6227= IFCPRODUCTDEFINITIONSHAPE($,$,(#6226));
#6228= IFCCARTESIANPOINT((0.0,0.0,0.0));
#6229= IFCDIRECTION((0.0,0.0,1.0));
#6230= IFCDIRECTION((1.0,0.0,0.0));
#6231= IFCAXIS2PLACEMENT3D(#6228,#6229,#6230);
#6232= IFCLOCALPLACEMENT($,#6231);
#6233= IFCWINDOW('2RPxzfPIz4zhPNZlby1m_g',#20,$,$,$,#6232,#6227,$,$,$);
#6234= IFCCARTESIANPOINT((8737.78624,18261.2101,30.0));
#6235= IFCCARTESIANPOINT((8737.78624,18261.2101,0.0));
#6236= IFCCARTESIANPOINT((8737.78624,18191.2101,0.0));
#6237= IFCCARTESIANPOINT((8737.78624,18191.2101,30.0));
#6238= IFCCARTESIANPOINT((9667.78624,18261.2101,30.0));
#6239= IFCCARTESIANPOINT((9667.78624,18261.2101,0.0));
#6240= IFCCARTESIANPOINT((9667.78624,18191.2101,30.0));
#6241= IFCCARTESIANPOINT((9667.78624,18191.2101,0.0));
#6242= IFCCARTESIANPOINT((8737.78624,18191.2101,2100.0));
#6243= IFCCARTESIANPOINT((8737.78624,18261.2101,2100.0));
#6244= IFCCARTESIANPOINT((9667.78624,18191.2101,2100.0));
#6245= IFCCARTESIANPOINT((9667.78624,18261.2101,2100.0));
#6246= IFCCARTESIANPOINT((9617.78624,18191.2101,2050.0));
#6247= IFCCARTESIANPOINT((8787.78624,18191.2101,2050.0));
#6248= IFCCARTESIANPOINT((9617.78624,18191.2101,30.0));
#6249= IFCCARTESIANPOINT((8787.78624,18191.2101,30.0));
#6250= IFCCARTESIANPOINT((9605.28624,18261.2101,2037.5));
#6251= IFCCARTESIANPOINT((8800.28624,18261.2101,2037.5));
#6252= IFCCARTESIANPOINT((8800.28624,18261.2101,30.0));
#6253= IFCCARTESIANPOINT((9605.28624,18261.2101,30.0));
#6254= IFCCARTESIANPOINT((9605.28624,18231.2101,2037.5));
#6255= IFCCARTESIANPOINT((9605.28624,18231.2101,30.0));
#6256= IFCCARTESIANPOINT((8800.28624,18231.2101,30.0));
#6257= IFCCARTESIANPOINT((8800.28624,18231.2101,2037.5));
#6258= IFCCARTESIANPOINT((9617.78624,18231.2101,30.0));
#6259= IFCCARTESIANPOINT((9617.78624,18231.2101,2050.0));
#6260= IFCCARTESIANPOINT((8787.78624,18231.2101,2050.0));
#6261= IFCCARTESIANPOINT((8787.78624,18231.2101,30.0));
#6262= IFCCARTESIANPOINT((9464.23624,18231.2101,1898.5));
#6263= IFCCARTESIANPOINT((8941.33624,18231.2101,1898.5));
#6264= IFCCARTESIANPOINT((8941.33624,18231.2101,230.0));
#6265= IFCCARTESIANPOINT((9464.23624,18231.2101,230.0));
#6266= IFCCARTESIANPOINT((8941.33624,18231.2101,964.14));
#6267= IFCCARTESIANPOINT((8941.33624,18231.2101,1164.36));
#6268= IFCCARTESIANPOINT((9464.23624,18231.2101,1164.36));
#6269= IFCCARTESIANPOINT((9464.23624,18231.2101,964.14));
#6270= IFCCARTESIANPOINT((9464.23624,18191.2101,1898.5));
#6271= IFCCARTESIANPOINT((8941.33624,18191.2101,1898.5));
#6272= IFCCARTESIANPOINT((9464.23624,18191.2101,230.0));
#6273= IFCCARTESIANPOINT((8941.33624,18191.2101,230.0));
#6274= IFCCARTESIANPOINT((9464.23624,18191.2101,1164.36));
#6275= IFCCARTESIANPOINT((8941.33624,18191.2101,1164.36));
#6276= IFCCARTESIANPOINT((8941.33624,18191.2101,964.14));
#6277= IFCCARTESIANPOINT((9464.23624,18191.2101,964.14));
#6278= IFCCARTESIANPOINT((9443.32024,18204.4101,945.7865));
#6279= IFCCARTESIANPOINT((9443.32024,18204.4101,248.3535));
#6280= IFCCARTESIANPOINT((9443.32024,18204.4101,1182.7135));
#6281= IFCCARTESIANPOINT((9443.32024,18204.4101,1880.1465));
#6282= IFCCARTESIANPOINT((9443.32024,18218.0101,1880.1465));
#6283= IFCCARTESIANPOINT((9443.32024,18218.0101,1182.7135));
#6284= IFCCARTESIANPOINT((9443.32024,18218.0101,945.7865));
#6285= IFCCARTESIANPOINT((9443.32024,18218.0101,248.3535));
#6286= IFCCARTESIANPOINT((9228.93124,18191.2101,964.14));
#6287= IFCCARTESIANPOINT((9247.75564,18204.7781,945.7865));
#6288= IFCCARTESIANPOINT((9228.93124,18191.2101,230.0));
#6289= IFCCARTESIANPOINT((9247.75564,18204.7781,248.3535));
#6290= IFCCARTESIANPOINT((9247.75564,18218.0101,248.3535));
#6291= IFCCARTESIANPOINT((9228.93124,18231.2101,230.0));
#6292= IFCCARTESIANPOINT((9228.93124,18231.2101,964.14));
#6293= IFCCARTESIANPOINT((9247.75564,18218.0101,945.7865));
#6294= IFCCARTESIANPOINT((9228.93124,18231.2101,1164.36));
#6295= IFCCARTESIANPOINT((9247.75564,18218.0101,1182.7135));
#6296= IFCCARTESIANPOINT((9247.75564,18204.7781,1182.7135));
#6297= IFCCARTESIANPOINT((9228.93124,18191.2101,1164.36));
#6298= IFCCARTESIANPOINT((9247.75564,18218.0101,1880.1465));
#6299= IFCCARTESIANPOINT((9228.93124,18231.2101,1898.5));
#6300= IFCCARTESIANPOINT((9228.93124,18191.2101,1898.5));
#6301= IFCCARTESIANPOINT((9247.75564,18204.7781,1880.1465));
#6302= IFCPOLYLOOP((#6234,#6235,#6236));
#6303= IFCFACEOUTERBOUND(#6302,.F.);
#6304= IFCFACE((#6303));
#6305= IFCPOLYLOOP((#6234,#6236,#6237));
#6306= IFCFACEOUTERBOUND(#6305,.F.);
#6307= IFCFACE((#6306));
#6308= IFCPOLYLOOP((#6235,#6234,#6238));
#6309= IFCFACEOUTERBOUND(#6308,.F.);
#6310= IFCFACE((#6309));
#6311= IFCPOLYLOOP((#6235,#6238,#6239));
#6312= IFCFACEOUTERBOUND(#6311,.F.);
#6313= IFCFACE((#6312));
#6314= IFCPOLYLOOP((#6239,#6238,#6240));
#6315= IFCFACEOUTERBOUND(#6314,.F.);
#6316= IFCFACE((#6315));
#6317= IFCPOLYLOOP((#6239,#6240,#6241));
#6318= IFCFACEOUTERBOUND(#6317,.F.);
#6319= IFCFACE((#6318));
#6320= IFCPOLYLOOP((#6241,#6240,#6237));
#6321= IFCFACEOUTERBOUND(#6320,.F.);
#6322= IFCFACE((#6321));
#6323= IFCPOLYLOOP((#6241,#6237,#6236));
#6324= IFCFACEOUTERBOUND(#6323,.F.);
#6325= IFCFACE((#6324));
#6326= IFCPOLYLOOP((#6234,#6237,#6240));
#6327= IFCFACEOUTERBOUND(#6326,.F.);
#6328= IFCFACE((#6327));
#6329= IFCPOLYLOOP((#6234,#6240,#6238));
#6330= IFCFACEOUTERBOUND(#6329,.F.);
#6331= IFCFACE((#6330));
#6332= IFCPOLYLOOP((#6234,#6237,#6242));
#6333= IFCFACEOUTERBOUND(#6332,.F.);
#6334= IFCFACE((#6333));
#6335= IFCPOLYLOOP((#6234,#6242,#6243));
#6336= IFCFACEOUTERBOUND(#6335,.F.);
#6337= IFCFACE((#6336));
#6338= IFCPOLYLOOP((#6243,#6242,#6244));
#6339= IFCFACEOUTERBOUND(#6338,.F.);
#6340= IFCFACE((#6339));
#6341= IFCPOLYLOOP((#6243,#6244,#6245));
#6342= IFCFACEOUTERBOUND(#6341,.F.);
#6343= IFCFACE((#6342));
#6344= IFCPOLYLOOP((#6245,#6244,#6240));
#6345= IFCFACEOUTERBOUND(#6344,.F.);
#6346= IFCFACE((#6345));
#6347= IFCPOLYLOOP((#6245,#6240,#6238));
#6348= IFCFACEOUTERBOUND(#6347,.F.);
#6349= IFCFACE((#6348));
#6350= IFCPOLYLOOP((#6246,#6244,#6242));
#6351= IFCFACEOUTERBOUND(#6350,.F.);
#6352= IFCFACE((#6351));
#6353= IFCPOLYLOOP((#6246,#6242,#6247));
#6354= IFCFACEOUTERBOUND(#6353,.F.);
#6355= IFCFACE((#6354));
#6356= IFCPOLYLOOP((#6244,#6246,#6248));
#6357= IFCFACEOUTERBOUND(#6356,.F.);
#6358= IFCFACE((#6357));
#6359= IFCPOLYLOOP((#6244,#6248,#6240));
#6360= IFCFACEOUTERBOUND(#6359,.F.);
#6361= IFCFACE((#6360));
#6362= IFCPOLYLOOP((#6237,#6249,#6247));
#6363= IFCFACEOUTERBOUND(#6362,.F.);
#6364= IFCFACE((#6363));
#6365= IFCPOLYLOOP((#6237,#6247,#6242));
#6366= IFCFACEOUTERBOUND(#6365,.F.);
#6367= IFCFACE((#6366));
#6368= IFCPOLYLOOP((#6245,#6250,#6251));
#6369= IFCFACEOUTERBOUND(#6368,.F.);
#6370= IFCFACE((#6369));
#6371= IFCPOLYLOOP((#6245,#6251,#6243));
#6372= IFCFACEOUTERBOUND(#6371,.F.);
#6373= IFCFACE((#6372));
#6374= IFCPOLYLOOP((#6243,#6251,#6252));
#6375= IFCFACEOUTERBOUND(#6374,.F.);
#6376= IFCFACE((#6375));
#6377= IFCPOLYLOOP((#6243,#6252,#6234));
#6378= IFCFACEOUTERBOUND(#6377,.F.);
#6379= IFCFACE((#6378));
#6380= IFCPOLYLOOP((#6238,#6253,#6250));
#6381= IFCFACEOUTERBOUND(#6380,.F.);
#6382= IFCFACE((#6381));
#6383= IFCPOLYLOOP((#6238,#6250,#6245));
#6384= IFCFACEOUTERBOUND(#6383,.F.);
#6385= IFCFACE((#6384));
#6386= IFCPOLYLOOP((#6254,#6250,#6253));
#6387= IFCFACEOUTERBOUND(#6386,.F.);
#6388= IFCFACE((#6387));
#6389= IFCPOLYLOOP((#6254,#6253,#6255));
#6390= IFCFACEOUTERBOUND(#6389,.F.);
#6391= IFCFACE((#6390));
#6392= IFCPOLYLOOP((#6256,#6252,#6251));
#6393= IFCFACEOUTERBOUND(#6392,.F.);
#6394= IFCFACE((#6393));
#6395= IFCPOLYLOOP((#6256,#6251,#6257));
#6396= IFCFACEOUTERBOUND(#6395,.F.);
#6397= IFCFACE((#6396));
#6398= IFCPOLYLOOP((#6250,#6254,#6257));
#6399= IFCFACEOUTERBOUND(#6398,.F.);
#6400= IFCFACE((#6399));
#6401= IFCPOLYLOOP((#6250,#6257,#6251));
#6402= IFCFACEOUTERBOUND(#6401,.F.);
#6403= IFCFACE((#6402));
#6404= IFCPOLYLOOP((#6255,#6258,#6259));
#6405= IFCFACEOUTERBOUND(#6404,.F.);
#6406= IFCFACE((#6405));
#6407= IFCPOLYLOOP((#6255,#6259,#6254));
#6408= IFCFACEOUTERBOUND(#6407,.F.);
#6409= IFCFACE((#6408));
#6410= IFCPOLYLOOP((#6257,#6260,#6261));
#6411= IFCFACEOUTERBOUND(#6410,.F.);
#6412= IFCFACE((#6411));
#6413= IFCPOLYLOOP((#6257,#6261,#6256));
#6414= IFCFACEOUTERBOUND(#6413,.F.);
#6415= IFCFACE((#6414));
#6416= IFCPOLYLOOP((#6246,#6259,#6258));
#6417= IFCFACEOUTERBOUND(#6416,.F.);
#6418= IFCFACE((#6417));
#6419= IFCPOLYLOOP((#6246,#6258,#6248));
#6420= IFCFACEOUTERBOUND(#6419,.F.);
#6421= IFCFACE((#6420));
#6422= IFCPOLYLOOP((#6249,#6261,#6260));
#6423= IFCFACEOUTERBOUND(#6422,.F.);
#6424= IFCFACE((#6423));
#6425= IFCPOLYLOOP((#6249,#6260,#6247));
#6426= IFCFACEOUTERBOUND(#6425,.F.);
#6427= IFCFACE((#6426));
#6428= IFCPOLYLOOP((#6247,#6260,#6259));
#6429= IFCFACEOUTERBOUND(#6428,.F.);
#6430= IFCFACE((#6429));
#6431= IFCPOLYLOOP((#6247,#6259,#6246));
#6432= IFCFACEOUTERBOUND(#6431,.F.);
#6433= IFCFACE((#6432));
#6434= IFCPOLYLOOP((#6254,#6259,#6260));
#6435= IFCFACEOUTERBOUND(#6434,.F.);
#6436= IFCFACE((#6435));
#6437= IFCPOLYLOOP((#6254,#6260,#6257));
#6438= IFCFACEOUTERBOUND(#6437,.F.);
#6439= IFCFACE((#6438));
#6440= IFCPOLYLOOP((#6249,#6261,#6258));
#6441= IFCFACEOUTERBOUND(#6440,.F.);
#6442= IFCFACE((#6441));
#6443= IFCPOLYLOOP((#6249,#6258,#6248));
#6444= IFCFACEOUTERBOUND(#6443,.F.);
#6445= IFCFACE((#6444));
#6446= IFCPOLYLOOP((#6248,#6258,#6259));
#6447= IFCFACEOUTERBOUND(#6446,.F.);
#6448= IFCFACE((#6447));
#6449= IFCPOLYLOOP((#6248,#6259,#6246));
#6450= IFCFACEOUTERBOUND(#6449,.F.);
#6451= IFCFACE((#6450));
#6452= IFCPOLYLOOP((#6246,#6259,#6260));
#6453= IFCFACEOUTERBOUND(#6452,.F.);
#6454= IFCFACE((#6453));
#6455= IFCPOLYLOOP((#6246,#6260,#6247));
#6456= IFCFACEOUTERBOUND(#6455,.F.);
#6457= IFCFACE((#6456));
#6458= IFCPOLYLOOP((#6259,#6262,#6263));
#6459= IFCFACEOUTERBOUND(#6458,.F.);
#6460= IFCFACE((#6459));
#6461= IFCPOLYLOOP((#6259,#6263,#6260));
#6462= IFCFACEOUTERBOUND(#6461,.F.);
#6463= IFCFACE((#6462));
#6464= IFCPOLYLOOP((#6261,#6264,#6265));
#6465= IFCFACEOUTERBOUND(#6464,.F.);
#6466= IFCFACE((#6465));
#6467= IFCPOLYLOOP((#6261,#6265,#6258));
#6468= IFCFACEOUTERBOUND(#6467,.F.);
#6469= IFCFACE((#6468));
#6470= IFCPOLYLOOP((#6258,#6265,#6262));
#6471= IFCFACEOUTERBOUND(#6470,.F.);
#6472= IFCFACE((#6471));
#6473= IFCPOLYLOOP((#6258,#6262,#6259));
#6474= IFCFACEOUTERBOUND(#6473,.F.);
#6475= IFCFACE((#6474));
#6476= IFCPOLYLOOP((#6260,#6263,#6264));
#6477= IFCFACEOUTERBOUND(#6476,.F.);
#6478= IFCFACE((#6477));
#6479= IFCPOLYLOOP((#6260,#6264,#6261));
#6480= IFCFACEOUTERBOUND(#6479,.F.);
#6481= IFCFACE((#6480));
#6482= IFCPOLYLOOP((#6266,#6267,#6268));
#6483= IFCFACEOUTERBOUND(#6482,.F.);
#6484= IFCFACE((#6483));
#6485= IFCPOLYLOOP((#6266,#6268,#6269));
#6486= IFCFACEOUTERBOUND(#6485,.F.);
#6487= IFCFACE((#6486));
#6488= IFCPOLYLOOP((#6270,#6246,#6247));
#6489= IFCFACEOUTERBOUND(#6488,.F.);
#6490= IFCFACE((#6489));
#6491= IFCPOLYLOOP((#6270,#6247,#6271));
#6492= IFCFACEOUTERBOUND(#6491,.F.);
#6493= IFCFACE((#6492));
#6494= IFCPOLYLOOP((#6270,#6272,#6248));
#6495= IFCFACEOUTERBOUND(#6494,.F.);
#6496= IFCFACE((#6495));
#6497= IFCPOLYLOOP((#6270,#6248,#6246));
#6498= IFCFACEOUTERBOUND(#6497,.F.);
#6499= IFCFACE((#6498));
#6500= IFCPOLYLOOP((#6271,#6247,#6249));
#6501= IFCFACEOUTERBOUND(#6500,.F.);
#6502= IFCFACE((#6501));
#6503= IFCPOLYLOOP((#6271,#6249,#6273));
#6504= IFCFACEOUTERBOUND(#6503,.F.);
#6505= IFCFACE((#6504));
#6506= IFCPOLYLOOP((#6273,#6249,#6248));
#6507= IFCFACEOUTERBOUND(#6506,.F.);
#6508= IFCFACE((#6507));
#6509= IFCPOLYLOOP((#6273,#6248,#6272));
#6510= IFCFACEOUTERBOUND(#6509,.F.);
#6511= IFCFACE((#6510));
#6512= IFCPOLYLOOP((#6274,#6275,#6276));
#6513= IFCFACEOUTERBOUND(#6512,.F.);
#6514= IFCFACE((#6513));
#6515= IFCPOLYLOOP((#6274,#6276,#6277));
#6516= IFCFACEOUTERBOUND(#6515,.F.);
#6517= IFCFACE((#6516));
#6518= IFCPOLYLOOP((#6277,#6278,#6279));
#6519= IFCFACEOUTERBOUND(#6518,.F.);
#6520= IFCFACE((#6519));
#6521= IFCPOLYLOOP((#6277,#6279,#6272));
#6522= IFCFACEOUTERBOUND(#6521,.F.);
#6523= IFCFACE((#6522));
#6524= IFCPOLYLOOP((#6280,#6274,#6270));
#6525= IFCFACEOUTERBOUND(#6524,.F.);
#6526= IFCFACE((#6525));
#6527= IFCPOLYLOOP((#6280,#6270,#6281));
#6528= IFCFACEOUTERBOUND(#6527,.F.);
#6529= IFCFACE((#6528));
#6530= IFCPOLYLOOP((#6282,#6262,#6268));
#6531= IFCFACEOUTERBOUND(#6530,.F.);
#6532= IFCFACE((#6531));
#6533= IFCPOLYLOOP((#6282,#6268,#6283));
#6534= IFCFACEOUTERBOUND(#6533,.F.);
#6535= IFCFACE((#6534));
#6536= IFCPOLYLOOP((#6284,#6269,#6265));
#6537= IFCFACEOUTERBOUND(#6536,.F.);
#6538= IFCFACE((#6537));
#6539= IFCPOLYLOOP((#6284,#6265,#6285));
#6540= IFCFACEOUTERBOUND(#6539,.F.);
#6541= IFCFACE((#6540));
#6542= IFCPOLYLOOP((#6286,#6287,#6278));
#6543= IFCFACEOUTERBOUND(#6542,.F.);
#6544= IFCFACE((#6543));
#6545= IFCPOLYLOOP((#6286,#6278,#6277));
#6546= IFCFACEOUTERBOUND(#6545,.F.);
#6547= IFCFACE((#6546));
#6548= IFCPOLYLOOP((#6287,#6286,#6288));
#6549= IFCFACEOUTERBOUND(#6548,.F.);
#6550= IFCFACE((#6549));
#6551= IFCPOLYLOOP((#6287,#6288,#6289));
#6552= IFCFACEOUTERBOUND(#6551,.F.);
#6553= IFCFACE((#6552));
#6554= IFCPOLYLOOP((#6272,#6279,#6289));
#6555= IFCFACEOUTERBOUND(#6554,.F.);
#6556= IFCFACE((#6555));
#6557= IFCPOLYLOOP((#6272,#6289,#6288));
#6558= IFCFACEOUTERBOUND(#6557,.F.);
#6559= IFCFACE((#6558));
#6560= IFCPOLYLOOP((#6290,#6291,#6292));
#6561= IFCFACEOUTERBOUND(#6560,.F.);
#6562= IFCFACE((#6561));
#6563= IFCPOLYLOOP((#6290,#6292,#6293));
#6564= IFCFACEOUTERBOUND(#6563,.F.);
#6565= IFCFACE((#6564));
#6566= IFCPOLYLOOP((#6291,#6290,#6285));
#6567= IFCFACEOUTERBOUND(#6566,.F.);
#6568= IFCFACE((#6567));
#6569= IFCPOLYLOOP((#6291,#6285,#6265));
#6570= IFCFACEOUTERBOUND(#6569,.F.);
#6571= IFCFACE((#6570));
#6572= IFCPOLYLOOP((#6294,#6295,#6283));
#6573= IFCFACEOUTERBOUND(#6572,.F.);
#6574= IFCFACE((#6573));
#6575= IFCPOLYLOOP((#6294,#6283,#6268));
#6576= IFCFACEOUTERBOUND(#6575,.F.);
#6577= IFCFACE((#6576));
#6578= IFCPOLYLOOP((#6274,#6280,#6296));
#6579= IFCFACEOUTERBOUND(#6578,.F.);
#6580= IFCFACE((#6579));
#6581= IFCPOLYLOOP((#6274,#6296,#6297));
#6582= IFCFACEOUTERBOUND(#6581,.F.);
#6583= IFCFACE((#6582));
#6584= IFCPOLYLOOP((#6298,#6299,#6262));
#6585= IFCFACEOUTERBOUND(#6584,.F.);
#6586= IFCFACE((#6585));
#6587= IFCPOLYLOOP((#6298,#6262,#6282));
#6588= IFCFACEOUTERBOUND(#6587,.F.);
#6589= IFCFACE((#6588));
#6590= IFCPOLYLOOP((#6281,#6270,#6300));
#6591= IFCFACEOUTERBOUND(#6590,.F.);
#6592= IFCFACE((#6591));
#6593= IFCPOLYLOOP((#6281,#6300,#6301));
#6594= IFCFACEOUTERBOUND(#6593,.F.);
#6595= IFCFACE((#6594));
#6596= IFCPOLYLOOP((#6301,#6300,#6297));
#6597= IFCFACEOUTERBOUND(#6596,.F.);
#6598= IFCFACE((#6597));
#6599= IFCPOLYLOOP((#6301,#6297,#6296));
#6600= IFCFACEOUTERBOUND(#6599,.F.);
#6601= IFCFACE((#6600));
#6602= IFCPOLYLOOP((#6294,#6299,#6298));
#6603= IFCFACEOUTERBOUND(#6602,.F.);
#6604= IFCFACE((#6603));
#6605= IFCPOLYLOOP((#6294,#6298,#6295));
#6606= IFCFACEOUTERBOUND(#6605,.F.);
#6607= IFCFACE((#6606));
#6608= IFCPOLYLOOP((#6293,#6292,#6269));
#6609= IFCFACEOUTERBOUND(#6608,.F.);
#6610= IFCFACE((#6609));
#6611= IFCPOLYLOOP((#6293,#6269,#6284));
#6612= IFCFACEOUTERBOUND(#6611,.F.);
#6613= IFCFACE((#6612));
#6614= IFCPOLYLOOP((#6263,#6299,#6294));
#6615= IFCFACEOUTERBOUND(#6614,.F.);
#6616= IFCFACE((#6615));
#6617= IFCPOLYLOOP((#6263,#6294,#6267));
#6618= IFCFACEOUTERBOUND(#6617,.F.);
#6619= IFCFACE((#6618));
#6620= IFCPOLYLOOP((#6275,#6297,#6300));
#6621= IFCFACEOUTERBOUND(#6620,.F.);
#6622= IFCFACE((#6621));
#6623= IFCPOLYLOOP((#6275,#6300,#6271));
#6624= IFCFACEOUTERBOUND(#6623,.F.);
#6625= IFCFACE((#6624));
#6626= IFCPOLYLOOP((#6266,#6292,#6291));
#6627= IFCFACEOUTERBOUND(#6626,.F.);
#6628= IFCFACE((#6627));
#6629= IFCPOLYLOOP((#6266,#6291,#6264));
#6630= IFCFACEOUTERBOUND(#6629,.F.);
#6631= IFCFACE((#6630));
#6632= IFCPOLYLOOP((#6273,#6288,#6286));
#6633= IFCFACEOUTERBOUND(#6632,.F.);
#6634= IFCFACE((#6633));
#6635= IFCPOLYLOOP((#6273,#6286,#6276));
#6636= IFCFACEOUTERBOUND(#6635,.F.);
#6637= IFCFACE((#6636));
#6638= IFCOPENSHELL((#6304,#6307,#6310,#6313,#6316,#6319,#6322,#6325,#6328,#6331,#6334,#6337,#6340,#6343,#6346,#6349,#6352,#6355,#6358,#6361,#6364,#6367,#6370,#6373,#6376,#6379,#6382,#6385,#6388,#6391,#6394,#6397,#6400,#6403,#6406,#6409,#6412,#6415,#6418,#6421,#6424,#6427,#6430,#6433,#6436,#6439,#6442,#6445,#6448,#6451,#6454,#6457,#6460,#6463,#6466,#6469,#6472,#6475,#6478,#6481,#6484,#6487,#6490,#6493,#6496,#6499,#6502,#6505,#6508,#6511,#6514,#6517,#6520,#6523,#6526,#6529,#6532,#6535,#6538,#6541,#6544,#6547,#6550,#6553,#6556,#6559,#6562,#6565,#6568,#6571,#6574,#6577,#6580,#6583,#6586,#6589,#6592,#6595,#6598,#6601,#6604,#6607,#6610,#6613,#6616,#6619,#6622,#6625,#6628,#6631,#6634,#6637));
#6639= IFCFACEBASEDSURFACEMODEL((#6638));
#6640= IFCCOLOURRGB($,0.0,0.403921568627451,0.572549019607843);
#6641= IFCSURFACESTYLESHADING(#6640);
#6642= IFCSURFACESTYLE($,.BOTH.,(#6641));
#6643= IFCSTYLEDITEM(#6639,(#6644),$);
#6644= IFCPRESENTATIONSTYLEASSIGNMENT((#6642));
#6645= IFCCARTESIANPOINT((9247.75564,18204.7781,248.3535));
#6646= IFCCARTESIANPOINT((9443.32024,18204.4101,248.3535));
#6647= IFCCARTESIANPOINT((9443.32024,18204.4101,945.7865));
#6648= IFCCARTESIANPOINT((9247.75564,18204.7781,945.7865));
#6649= IFCCARTESIANPOINT((9247.75564,18218.0101,945.7865));
#6650= IFCCARTESIANPOINT((9443.32024,18218.0101,945.7865));
#6651= IFCCARTESIANPOINT((9443.32024,18218.0101,248.3535));
#6652= IFCCARTESIANPOINT((9247.75564,18218.0101,248.3535));
#6653= IFCCARTESIANPOINT((9247.75564,18218.0101,1880.1465));
#6654= IFCCARTESIANPOINT((9443.32024,18218.0101,1880.1465));
#6655= IFCCARTESIANPOINT((9443.32024,18218.0101,1182.7135));
#6656= IFCCARTESIANPOINT((9247.75564,18218.0101,1182.7135));
#6657= IFCCARTESIANPOINT((9247.75564,18204.7781,1182.7135));
#6658= IFCCARTESIANPOINT((9443.32024,18204.4101,1182.7135));
#6659= IFCCARTESIANPOINT((9443.32024,18204.4101,1880.1465));
#6660= IFCCARTESIANPOINT((9247.75564,18204.7781,1880.1465));
#6661= IFCPOLYLOOP((#6645,#6646,#6647));
#6662= IFCFACEOUTERBOUND(#6661,.F.);
#6663= IFCFACE((#6662));
#6664= IFCPOLYLOOP((#6645,#6647,#6648));
#6665= IFCFACEOUTERBOUND(#6664,.F.);
#6666= IFCFACE((#6665));
#6667= IFCPOLYLOOP((#6649,#6650,#6651));
#6668= IFCFACEOUTERBOUND(#6667,.F.);
#6669= IFCFACE((#6668));
#6670= IFCPOLYLOOP((#6649,#6651,#6652));
#6671= IFCFACEOUTERBOUND(#6670,.F.);
#6672= IFCFACE((#6671));
#6673= IFCPOLYLOOP((#6653,#6654,#6655));
#6674= IFCFACEOUTERBOUND(#6673,.F.);
#6675= IFCFACE((#6674));
#6676= IFCPOLYLOOP((#6653,#6655,#6656));
#6677= IFCFACEOUTERBOUND(#6676,.F.);
#6678= IFCFACE((#6677));
#6679= IFCPOLYLOOP((#6657,#6658,#6659));
#6680= IFCFACEOUTERBOUND(#6679,.F.);
#6681= IFCFACE((#6680));
#6682= IFCPOLYLOOP((#6657,#6659,#6660));
#6683= IFCFACEOUTERBOUND(#6682,.F.);
#6684= IFCFACE((#6683));
#6685= IFCOPENSHELL((#6304,#6307,#6310,#6313,#6316,#6319,#6322,#6325,#6328,#6331,#6334,#6337,#6340,#6343,#6346,#6349,#6352,#6355,#6358,#6361,#6364,#6367,#6370,#6373,#6376,#6379,#6382,#6385,#6388,#6391,#6394,#6397,#6400,#6403,#6406,#6409,#6412,#6415,#6418,#6421,#6424,#6427,#6430,#6433,#6436,#6439,#6442,#6445,#6448,#6451,#6454,#6457,#6460,#6463,#6466,#6469,#6472,#6475,#6478,#6481,#6484,#6487,#6490,#6493,#6496,#6499,#6502,#6505,#6508,#6511,#6514,#6517,#6520,#6523,#6526,#6529,#6532,#6535,#6538,#6541,#6544,#6547,#6550,#6553,#6556,#6559,#6562,#6565,#6568,#6571,#6574,#6577,#6580,#6583,#6586,#6589,#6592,#6595,#6598,#6601,#6604,#6607,#6610,#6613,#6616,#6619,#6622,#6625,#6628,#6631,#6634,#6637,#6663,#6666,#6669,#6672,#6675,#6678,#6681,#6684));
#6686= IFCFACEBASEDSURFACEMODEL((#6685));
#6687= IFCSTYLEDITEM(#6686,(#6688),$);
#6688= IFCPRESENTATIONSTYLEASSIGNMENT((#5423));
#6689= IFCSHAPEREPRESENTATION(#460,'Body','SurfaceModel',(#6639,#6686));
#6690= IFCPRODUCTDEFINITIONSHAPE($,$,(#6689));
#6691= IFCCARTESIANPOINT((0.0,0.0,0.0));
#6692= IFCDIRECTION((0.0,0.0,1.0));
#6693= IFCDIRECTION((1.0,0.0,0.0));
#6694= IFCAXIS2PLACEMENT3D(#6691,#6692,#6693);
#6695= IFCLOCALPLACEMENT($,#6694);
#6696= IFCDOOR('08v5mI6HDFP9zeGwJuxOYq',#20,$,$,$,#6695,#6690,$,$,$);
ENDSEC;

END-ISO-10303-21;

